-- ============================================================
-- DỮ LIỆU CỤC BỘ - Site NGOCTRUC (Cơ sở Ngọc Trục)
-- Sinh: 2026-04-10 00:43:10
-- ============================================================

-- ---- SinhVien ----
INSERT INTO SinhVien (MaSV, Ho, Ten, NgaySinh, GioiTinh, Email, SoDienThoai, DiaChi, MaCoSo, MaKhoa, TrangThai, NgayNhapHoc)
VALUES ('NGOCTRUCSV0001', 'Hồ', 'Dung', '2002-12-25', 'Nu', 'ho.dung411@ptit.edu.vn', '0909922243', 'Hải Phòng', 'NGOCTRUC', 'VT', 'BaoLuu', '2021-01-17')
ON CONFLICT (MaSV) DO NOTHING;
INSERT INTO SinhVien (MaSV, Ho, Ten, NgaySinh, GioiTinh, Email, SoDienThoai, DiaChi, MaCoSo, MaKhoa, TrangThai, NgayNhapHoc)
VALUES ('NGOCTRUCSV0002', 'Vương', 'Nam', '2002-08-22', 'Nam', 'vuong.nam14@ptit.edu.vn', '0949537213', 'Bình Định', 'NGOCTRUC', 'VT', 'DangHoc', '2023-11-10')
ON CONFLICT (MaSV) DO NOTHING;
INSERT INTO SinhVien (MaSV, Ho, Ten, NgaySinh, GioiTinh, Email, SoDienThoai, DiaChi, MaCoSo, MaKhoa, TrangThai, NgayNhapHoc)
VALUES ('NGOCTRUCSV0003', 'Bùi', 'Hiền', '2000-07-04', 'Nam', 'bui.hien539@ptit.edu.vn', '0929566308', 'Hà Tĩnh', 'NGOCTRUC', 'ATTT', 'DangHoc', '2022-04-15')
ON CONFLICT (MaSV) DO NOTHING;
INSERT INTO SinhVien (MaSV, Ho, Ten, NgaySinh, GioiTinh, Email, SoDienThoai, DiaChi, MaCoSo, MaKhoa, TrangThai, NgayNhapHoc)
VALUES ('NGOCTRUCSV0004', 'Lê', 'Nghĩa', '2001-06-13', 'Nam', 'le.nghia208@ptit.edu.vn', '0907522605', 'Bình Định', 'NGOCTRUC', 'CNTT', 'BaoLuu', '2024-05-24')
ON CONFLICT (MaSV) DO NOTHING;
INSERT INTO SinhVien (MaSV, Ho, Ten, NgaySinh, GioiTinh, Email, SoDienThoai, DiaChi, MaCoSo, MaKhoa, TrangThai, NgayNhapHoc)
VALUES ('NGOCTRUCSV0005', 'Dương', 'My', '2004-05-18', 'Nu', 'duong.my349@ptit.edu.vn', '0969756456', 'Bắc Ninh', 'NGOCTRUC', 'ATTT', 'DangHoc', '2024-05-12')
ON CONFLICT (MaSV) DO NOTHING;
INSERT INTO SinhVien (MaSV, Ho, Ten, NgaySinh, GioiTinh, Email, SoDienThoai, DiaChi, MaCoSo, MaKhoa, TrangThai, NgayNhapHoc)
VALUES ('NGOCTRUCSV0006', 'Lý', 'Thu', '2005-04-14', 'Nu', 'ly.thu961@ptit.edu.vn', '0913997249', 'Thanh Hóa', 'NGOCTRUC', 'ATTT', 'DangHoc', '2020-03-10')
ON CONFLICT (MaSV) DO NOTHING;
INSERT INTO SinhVien (MaSV, Ho, Ten, NgaySinh, GioiTinh, Email, SoDienThoai, DiaChi, MaCoSo, MaKhoa, TrangThai, NgayNhapHoc)
VALUES ('NGOCTRUCSV0007', 'Trịnh', 'Linh', '2000-11-13', 'Nam', 'trinh.linh205@ptit.edu.vn', '0935948272', 'Bình Định', 'NGOCTRUC', 'VT', 'BaoLuu', '2020-10-09')
ON CONFLICT (MaSV) DO NOTHING;
INSERT INTO SinhVien (MaSV, Ho, Ten, NgaySinh, GioiTinh, Email, SoDienThoai, DiaChi, MaCoSo, MaKhoa, TrangThai, NgayNhapHoc)
VALUES ('NGOCTRUCSV0008', 'Tạ', 'Trang', '2001-12-24', 'Nu', 'ta.trang666@ptit.edu.vn', '0928197186', 'Quảng Nam', 'NGOCTRUC', 'ATTT', 'DangHoc', '2023-05-02')
ON CONFLICT (MaSV) DO NOTHING;
INSERT INTO SinhVien (MaSV, Ho, Ten, NgaySinh, GioiTinh, Email, SoDienThoai, DiaChi, MaCoSo, MaKhoa, TrangThai, NgayNhapHoc)
VALUES ('NGOCTRUCSV0009', 'Ngô', 'Hoàng', '2000-10-21', 'Nam', 'ngo.hoang743@ptit.edu.vn', '0923438707', 'Thừa Thiên Huế', 'NGOCTRUC', 'ATTT', 'DangHoc', '2021-06-30')
ON CONFLICT (MaSV) DO NOTHING;
INSERT INTO SinhVien (MaSV, Ho, Ten, NgaySinh, GioiTinh, Email, SoDienThoai, DiaChi, MaCoSo, MaKhoa, TrangThai, NgayNhapHoc)
VALUES ('NGOCTRUCSV0010', 'Hồ', 'Nga', '2000-09-06', 'Nu', 'ho.nga793@ptit.edu.vn', '0933868086', 'Ninh Bình', 'NGOCTRUC', 'VT', 'DangHoc', '2022-07-17')
ON CONFLICT (MaSV) DO NOTHING;
INSERT INTO SinhVien (MaSV, Ho, Ten, NgaySinh, GioiTinh, Email, SoDienThoai, DiaChi, MaCoSo, MaKhoa, TrangThai, NgayNhapHoc)
VALUES ('NGOCTRUCSV0011', 'Bùi', 'Trí', '2003-04-07', 'Nu', 'bui.tri220@ptit.edu.vn', '0918741062', 'Thái Bình', 'NGOCTRUC', 'CNTT', 'DangHoc', '2022-06-17')
ON CONFLICT (MaSV) DO NOTHING;
INSERT INTO SinhVien (MaSV, Ho, Ten, NgaySinh, GioiTinh, Email, SoDienThoai, DiaChi, MaCoSo, MaKhoa, TrangThai, NgayNhapHoc)
VALUES ('NGOCTRUCSV0012', 'Trịnh', 'Nga', '2004-03-21', 'Nam', 'trinh.nga781@ptit.edu.vn', '0949015860', 'Đà Nẵng', 'NGOCTRUC', 'CNTT', 'BaoLuu', '2021-12-07')
ON CONFLICT (MaSV) DO NOTHING;
INSERT INTO SinhVien (MaSV, Ho, Ten, NgaySinh, GioiTinh, Email, SoDienThoai, DiaChi, MaCoSo, MaKhoa, TrangThai, NgayNhapHoc)
VALUES ('NGOCTRUCSV0013', 'Mạc', 'Oanh', '2005-11-10', 'Nu', 'mac.oanh919@ptit.edu.vn', '0903129705', 'Phú Yên', 'NGOCTRUC', 'ATTT', 'DangHoc', '2021-02-28')
ON CONFLICT (MaSV) DO NOTHING;
INSERT INTO SinhVien (MaSV, Ho, Ten, NgaySinh, GioiTinh, Email, SoDienThoai, DiaChi, MaCoSo, MaKhoa, TrangThai, NgayNhapHoc)
VALUES ('NGOCTRUCSV0014', 'Trương', 'Loan', '2006-01-13', 'Nu', 'truong.loan154@ptit.edu.vn', '0921922150', 'Đà Nẵng', 'NGOCTRUC', 'ATTT', 'DangHoc', '2022-11-02')
ON CONFLICT (MaSV) DO NOTHING;
INSERT INTO SinhVien (MaSV, Ho, Ten, NgaySinh, GioiTinh, Email, SoDienThoai, DiaChi, MaCoSo, MaKhoa, TrangThai, NgayNhapHoc)
VALUES ('NGOCTRUCSV0015', 'Tạ', 'Bảo', '2003-04-28', 'Nu', 'ta.bao444@ptit.edu.vn', '0924713546', 'Đà Nẵng', 'NGOCTRUC', 'VT', 'DangHoc', '2021-02-13')
ON CONFLICT (MaSV) DO NOTHING;
INSERT INTO SinhVien (MaSV, Ho, Ten, NgaySinh, GioiTinh, Email, SoDienThoai, DiaChi, MaCoSo, MaKhoa, TrangThai, NgayNhapHoc)
VALUES ('NGOCTRUCSV0016', 'Trịnh', 'Thi', '2004-11-08', 'Nam', 'trinh.thi851@ptit.edu.vn', '0969390873', 'Đà Nẵng', 'NGOCTRUC', 'KT', 'DangHoc', '2020-07-21')
ON CONFLICT (MaSV) DO NOTHING;
INSERT INTO SinhVien (MaSV, Ho, Ten, NgaySinh, GioiTinh, Email, SoDienThoai, DiaChi, MaCoSo, MaKhoa, TrangThai, NgayNhapHoc)
VALUES ('NGOCTRUCSV0017', 'Bùi', 'Sang', '2000-11-13', 'Nu', 'bui.sang457@ptit.edu.vn', '0953272298', 'Hà Tĩnh', 'NGOCTRUC', 'CNTT', 'BaoLuu', '2024-01-30')
ON CONFLICT (MaSV) DO NOTHING;
INSERT INTO SinhVien (MaSV, Ho, Ten, NgaySinh, GioiTinh, Email, SoDienThoai, DiaChi, MaCoSo, MaKhoa, TrangThai, NgayNhapHoc)
VALUES ('NGOCTRUCSV0018', 'Hoàng', 'Trung', '2006-11-13', 'Nam', 'hoang.trung171@ptit.edu.vn', '0982824834', 'Thái Bình', 'NGOCTRUC', 'KT', 'BaoLuu', '2020-03-05')
ON CONFLICT (MaSV) DO NOTHING;
INSERT INTO SinhVien (MaSV, Ho, Ten, NgaySinh, GioiTinh, Email, SoDienThoai, DiaChi, MaCoSo, MaKhoa, TrangThai, NgayNhapHoc)
VALUES ('NGOCTRUCSV0019', 'Đỗ', 'Trang', '2006-10-29', 'Nam', 'do.trang628@ptit.edu.vn', '0939910512', 'Thái Bình', 'NGOCTRUC', 'KT', 'DangHoc', '2023-08-01')
ON CONFLICT (MaSV) DO NOTHING;
INSERT INTO SinhVien (MaSV, Ho, Ten, NgaySinh, GioiTinh, Email, SoDienThoai, DiaChi, MaCoSo, MaKhoa, TrangThai, NgayNhapHoc)
VALUES ('NGOCTRUCSV0020', 'Mạc', 'Cường', '2001-12-11', 'Nu', 'mac.cuong678@ptit.edu.vn', '0904753272', 'Thái Bình', 'NGOCTRUC', 'KT', 'DangHoc', '2022-12-20')
ON CONFLICT (MaSV) DO NOTHING;
INSERT INTO SinhVien (MaSV, Ho, Ten, NgaySinh, GioiTinh, Email, SoDienThoai, DiaChi, MaCoSo, MaKhoa, TrangThai, NgayNhapHoc)
VALUES ('NGOCTRUCSV0021', 'Vương', 'Bình', '2001-10-03', 'Nam', 'vuong.binh349@ptit.edu.vn', '0974106509', 'Đà Nẵng', 'NGOCTRUC', 'KT', 'DangHoc', '2023-05-30')
ON CONFLICT (MaSV) DO NOTHING;
INSERT INTO SinhVien (MaSV, Ho, Ten, NgaySinh, GioiTinh, Email, SoDienThoai, DiaChi, MaCoSo, MaKhoa, TrangThai, NgayNhapHoc)
VALUES ('NGOCTRUCSV0022', 'Ngô', 'My', '2003-11-24', 'Nu', 'ngo.my21@ptit.edu.vn', '0901842640', 'Nam Định', 'NGOCTRUC', 'CNTT', 'DangHoc', '2021-10-04')
ON CONFLICT (MaSV) DO NOTHING;
INSERT INTO SinhVien (MaSV, Ho, Ten, NgaySinh, GioiTinh, Email, SoDienThoai, DiaChi, MaCoSo, MaKhoa, TrangThai, NgayNhapHoc)
VALUES ('NGOCTRUCSV0023', 'Hoàng', 'Anh', '2005-04-08', 'Nam', 'hoang.anh45@ptit.edu.vn', '0925096082', 'Ninh Thuận', 'NGOCTRUC', 'VT', 'DangHoc', '2023-05-17')
ON CONFLICT (MaSV) DO NOTHING;
INSERT INTO SinhVien (MaSV, Ho, Ten, NgaySinh, GioiTinh, Email, SoDienThoai, DiaChi, MaCoSo, MaKhoa, TrangThai, NgayNhapHoc)
VALUES ('NGOCTRUCSV0024', 'Đặng', 'Hạnh', '2000-12-29', 'Nam', 'dang.hanh696@ptit.edu.vn', '0911059776', 'Thanh Hóa', 'NGOCTRUC', 'ATTT', 'BaoLuu', '2022-05-17')
ON CONFLICT (MaSV) DO NOTHING;
INSERT INTO SinhVien (MaSV, Ho, Ten, NgaySinh, GioiTinh, Email, SoDienThoai, DiaChi, MaCoSo, MaKhoa, TrangThai, NgayNhapHoc)
VALUES ('NGOCTRUCSV0025', 'Mạc', 'Sang', '2003-04-11', 'Nam', 'mac.sang117@ptit.edu.vn', '0927310733', 'Quảng Ngãi', 'NGOCTRUC', 'CNTT', 'DangHoc', '2023-03-22')
ON CONFLICT (MaSV) DO NOTHING;
INSERT INTO SinhVien (MaSV, Ho, Ten, NgaySinh, GioiTinh, Email, SoDienThoai, DiaChi, MaCoSo, MaKhoa, TrangThai, NgayNhapHoc)
VALUES ('NGOCTRUCSV0026', 'Vũ', 'Loan', '2003-11-20', 'Nu', 'vu.loan721@ptit.edu.vn', '0906806612', 'Hà Nội', 'NGOCTRUC', 'KT', 'BaoLuu', '2024-04-13')
ON CONFLICT (MaSV) DO NOTHING;
INSERT INTO SinhVien (MaSV, Ho, Ten, NgaySinh, GioiTinh, Email, SoDienThoai, DiaChi, MaCoSo, MaKhoa, TrangThai, NgayNhapHoc)
VALUES ('NGOCTRUCSV0027', 'Trần', 'Thúy', '2002-04-23', 'Nu', 'tran.thuy712@ptit.edu.vn', '0987459159', 'Khánh Hòa', 'NGOCTRUC', 'KT', 'DangHoc', '2024-10-13')
ON CONFLICT (MaSV) DO NOTHING;
INSERT INTO SinhVien (MaSV, Ho, Ten, NgaySinh, GioiTinh, Email, SoDienThoai, DiaChi, MaCoSo, MaKhoa, TrangThai, NgayNhapHoc)
VALUES ('NGOCTRUCSV0028', 'Trần', 'Yến', '2004-02-28', 'Nu', 'tran.yen223@ptit.edu.vn', '0917507744', 'Phú Yên', 'NGOCTRUC', 'CNTT', 'BaoLuu', '2021-10-11')
ON CONFLICT (MaSV) DO NOTHING;
INSERT INTO SinhVien (MaSV, Ho, Ten, NgaySinh, GioiTinh, Email, SoDienThoai, DiaChi, MaCoSo, MaKhoa, TrangThai, NgayNhapHoc)
VALUES ('NGOCTRUCSV0029', 'Trần', 'Hà', '2005-09-23', 'Nu', 'tran.ha50@ptit.edu.vn', '0913964375', 'Bắc Ninh', 'NGOCTRUC', 'KT', 'DangHoc', '2022-06-26')
ON CONFLICT (MaSV) DO NOTHING;
INSERT INTO SinhVien (MaSV, Ho, Ten, NgaySinh, GioiTinh, Email, SoDienThoai, DiaChi, MaCoSo, MaKhoa, TrangThai, NgayNhapHoc)
VALUES ('NGOCTRUCSV0030', 'Nguyễn', 'Thu', '2003-01-06', 'Nam', 'nguyen.thu287@ptit.edu.vn', '0905697571', 'Ninh Thuận', 'NGOCTRUC', 'ATTT', 'BaoLuu', '2020-02-23')
ON CONFLICT (MaSV) DO NOTHING;
INSERT INTO SinhVien (MaSV, Ho, Ten, NgaySinh, GioiTinh, Email, SoDienThoai, DiaChi, MaCoSo, MaKhoa, TrangThai, NgayNhapHoc)
VALUES ('NGOCTRUCSV0031', 'Lý', 'Lan', '2004-09-21', 'Nu', 'ly.lan756@ptit.edu.vn', '0933774008', 'Vĩnh Phúc', 'NGOCTRUC', 'KT', 'DangHoc', '2020-01-17')
ON CONFLICT (MaSV) DO NOTHING;
INSERT INTO SinhVien (MaSV, Ho, Ten, NgaySinh, GioiTinh, Email, SoDienThoai, DiaChi, MaCoSo, MaKhoa, TrangThai, NgayNhapHoc)
VALUES ('NGOCTRUCSV0032', 'Đỗ', 'Dũng', '2002-08-19', 'Nu', 'do.dung860@ptit.edu.vn', '0959927808', 'Quảng Bình', 'NGOCTRUC', 'VT', 'BaoLuu', '2024-04-30')
ON CONFLICT (MaSV) DO NOTHING;
INSERT INTO SinhVien (MaSV, Ho, Ten, NgaySinh, GioiTinh, Email, SoDienThoai, DiaChi, MaCoSo, MaKhoa, TrangThai, NgayNhapHoc)
VALUES ('NGOCTRUCSV0033', 'Đặng', 'Thắm', '2003-11-10', 'Nam', 'dang.tham457@ptit.edu.vn', '0949808488', 'Hải Dương', 'NGOCTRUC', 'ATTT', 'BaoLuu', '2023-02-04')
ON CONFLICT (MaSV) DO NOTHING;
INSERT INTO SinhVien (MaSV, Ho, Ten, NgaySinh, GioiTinh, Email, SoDienThoai, DiaChi, MaCoSo, MaKhoa, TrangThai, NgayNhapHoc)
VALUES ('NGOCTRUCSV0034', 'Huỳnh', 'Vinh', '2001-10-13', 'Nam', 'huynh.vinh69@ptit.edu.vn', '0968608084', 'Quảng Trị', 'NGOCTRUC', 'KT', 'BaoLuu', '2023-11-16')
ON CONFLICT (MaSV) DO NOTHING;
INSERT INTO SinhVien (MaSV, Ho, Ten, NgaySinh, GioiTinh, Email, SoDienThoai, DiaChi, MaCoSo, MaKhoa, TrangThai, NgayNhapHoc)
VALUES ('NGOCTRUCSV0035', 'Vũ', 'Ngọc', '2002-09-04', 'Nam', 'vu.ngoc423@ptit.edu.vn', '0904678458', 'Ninh Bình', 'NGOCTRUC', 'KT', 'DangHoc', '2024-11-23')
ON CONFLICT (MaSV) DO NOTHING;
INSERT INTO SinhVien (MaSV, Ho, Ten, NgaySinh, GioiTinh, Email, SoDienThoai, DiaChi, MaCoSo, MaKhoa, TrangThai, NgayNhapHoc)
VALUES ('NGOCTRUCSV0036', 'Trần', 'An', '2000-12-30', 'Nu', 'tran.an550@ptit.edu.vn', '0958692336', 'Bình Thuận', 'NGOCTRUC', 'KT', 'DangHoc', '2023-10-18')
ON CONFLICT (MaSV) DO NOTHING;
INSERT INTO SinhVien (MaSV, Ho, Ten, NgaySinh, GioiTinh, Email, SoDienThoai, DiaChi, MaCoSo, MaKhoa, TrangThai, NgayNhapHoc)
VALUES ('NGOCTRUCSV0037', 'Hồ', 'Hạnh', '2002-08-22', 'Nu', 'ho.hanh641@ptit.edu.vn', '0942498573', 'Bắc Ninh', 'NGOCTRUC', 'VT', 'BaoLuu', '2024-11-16')
ON CONFLICT (MaSV) DO NOTHING;
INSERT INTO SinhVien (MaSV, Ho, Ten, NgaySinh, GioiTinh, Email, SoDienThoai, DiaChi, MaCoSo, MaKhoa, TrangThai, NgayNhapHoc)
VALUES ('NGOCTRUCSV0038', 'Hoàng', 'Sang', '2001-04-28', 'Nu', 'hoang.sang567@ptit.edu.vn', '0907440423', 'Phú Yên', 'NGOCTRUC', 'ATTT', 'DangHoc', '2023-02-13')
ON CONFLICT (MaSV) DO NOTHING;
INSERT INTO SinhVien (MaSV, Ho, Ten, NgaySinh, GioiTinh, Email, SoDienThoai, DiaChi, MaCoSo, MaKhoa, TrangThai, NgayNhapHoc)
VALUES ('NGOCTRUCSV0039', 'Trần', 'Thi', '2003-12-06', 'Nu', 'tran.thi598@ptit.edu.vn', '0995421625', 'Bắc Ninh', 'NGOCTRUC', 'VT', 'BaoLuu', '2021-01-25')
ON CONFLICT (MaSV) DO NOTHING;
INSERT INTO SinhVien (MaSV, Ho, Ten, NgaySinh, GioiTinh, Email, SoDienThoai, DiaChi, MaCoSo, MaKhoa, TrangThai, NgayNhapHoc)
VALUES ('NGOCTRUCSV0040', 'Đỗ', 'Việt', '2003-12-22', 'Nam', 'do.viet390@ptit.edu.vn', '0998117556', 'Hà Tĩnh', 'NGOCTRUC', 'CNTT', 'BaoLuu', '2020-03-03')
ON CONFLICT (MaSV) DO NOTHING;
INSERT INTO SinhVien (MaSV, Ho, Ten, NgaySinh, GioiTinh, Email, SoDienThoai, DiaChi, MaCoSo, MaKhoa, TrangThai, NgayNhapHoc)
VALUES ('NGOCTRUCSV0041', 'Vương', 'Thu', '2000-08-22', 'Nu', 'vuong.thu268@ptit.edu.vn', '0919148477', 'Hưng Yên', 'NGOCTRUC', 'ATTT', 'DangHoc', '2020-05-11')
ON CONFLICT (MaSV) DO NOTHING;
INSERT INTO SinhVien (MaSV, Ho, Ten, NgaySinh, GioiTinh, Email, SoDienThoai, DiaChi, MaCoSo, MaKhoa, TrangThai, NgayNhapHoc)
VALUES ('NGOCTRUCSV0042', 'Nguyễn', 'Tiến', '2004-10-22', 'Nu', 'nguyen.tien326@ptit.edu.vn', '0945889486', 'Bình Định', 'NGOCTRUC', 'KT', 'BaoLuu', '2024-07-16')
ON CONFLICT (MaSV) DO NOTHING;
INSERT INTO SinhVien (MaSV, Ho, Ten, NgaySinh, GioiTinh, Email, SoDienThoai, DiaChi, MaCoSo, MaKhoa, TrangThai, NgayNhapHoc)
VALUES ('NGOCTRUCSV0043', 'Huỳnh', 'Em', '2006-01-29', 'Nu', 'huynh.em945@ptit.edu.vn', '0937410706', 'Vĩnh Phúc', 'NGOCTRUC', 'KT', 'DangHoc', '2021-02-25')
ON CONFLICT (MaSV) DO NOTHING;
INSERT INTO SinhVien (MaSV, Ho, Ten, NgaySinh, GioiTinh, Email, SoDienThoai, DiaChi, MaCoSo, MaKhoa, TrangThai, NgayNhapHoc)
VALUES ('NGOCTRUCSV0044', 'Đinh', 'Thu', '2004-04-04', 'Nam', 'dinh.thu210@ptit.edu.vn', '0994797377', 'Ninh Thuận', 'NGOCTRUC', 'CNTT', 'DangHoc', '2020-01-12')
ON CONFLICT (MaSV) DO NOTHING;
INSERT INTO SinhVien (MaSV, Ho, Ten, NgaySinh, GioiTinh, Email, SoDienThoai, DiaChi, MaCoSo, MaKhoa, TrangThai, NgayNhapHoc)
VALUES ('NGOCTRUCSV0045', 'Cao', 'Khánh', '2002-09-08', 'Nam', 'cao.khanh840@ptit.edu.vn', '0966479457', 'Hải Phòng', 'NGOCTRUC', 'VT', 'BaoLuu', '2020-10-31')
ON CONFLICT (MaSV) DO NOTHING;
INSERT INTO SinhVien (MaSV, Ho, Ten, NgaySinh, GioiTinh, Email, SoDienThoai, DiaChi, MaCoSo, MaKhoa, TrangThai, NgayNhapHoc)
VALUES ('NGOCTRUCSV0046', 'Tạ', 'Hương', '2004-06-03', 'Nu', 'ta.huong874@ptit.edu.vn', '0971953140', 'Bình Thuận', 'NGOCTRUC', 'VT', 'DangHoc', '2023-03-12')
ON CONFLICT (MaSV) DO NOTHING;
INSERT INTO SinhVien (MaSV, Ho, Ten, NgaySinh, GioiTinh, Email, SoDienThoai, DiaChi, MaCoSo, MaKhoa, TrangThai, NgayNhapHoc)
VALUES ('NGOCTRUCSV0047', 'Trương', 'Cường', '2002-01-18', 'Nam', 'truong.cuong909@ptit.edu.vn', '0988313284', 'Thái Bình', 'NGOCTRUC', 'ATTT', 'BaoLuu', '2023-04-05')
ON CONFLICT (MaSV) DO NOTHING;
INSERT INTO SinhVien (MaSV, Ho, Ten, NgaySinh, GioiTinh, Email, SoDienThoai, DiaChi, MaCoSo, MaKhoa, TrangThai, NgayNhapHoc)
VALUES ('NGOCTRUCSV0048', 'Trịnh', 'Yến', '2004-11-13', 'Nam', 'trinh.yen623@ptit.edu.vn', '0947760101', 'Bình Định', 'NGOCTRUC', 'KT', 'DangHoc', '2021-07-05')
ON CONFLICT (MaSV) DO NOTHING;
INSERT INTO SinhVien (MaSV, Ho, Ten, NgaySinh, GioiTinh, Email, SoDienThoai, DiaChi, MaCoSo, MaKhoa, TrangThai, NgayNhapHoc)
VALUES ('NGOCTRUCSV0049', 'Đỗ', 'Quỳnh', '2000-03-28', 'Nu', 'do.quynh643@ptit.edu.vn', '0988508793', 'Hà Tĩnh', 'NGOCTRUC', 'VT', 'DangHoc', '2024-04-29')
ON CONFLICT (MaSV) DO NOTHING;
INSERT INTO SinhVien (MaSV, Ho, Ten, NgaySinh, GioiTinh, Email, SoDienThoai, DiaChi, MaCoSo, MaKhoa, TrangThai, NgayNhapHoc)
VALUES ('NGOCTRUCSV0050', 'Huỳnh', 'Trọng', '2005-09-15', 'Nu', 'huynh.trong479@ptit.edu.vn', '0999328883', 'Quảng Nam', 'NGOCTRUC', 'KT', 'DangHoc', '2024-08-01')
ON CONFLICT (MaSV) DO NOTHING;
INSERT INTO SinhVien (MaSV, Ho, Ten, NgaySinh, GioiTinh, Email, SoDienThoai, DiaChi, MaCoSo, MaKhoa, TrangThai, NgayNhapHoc)
VALUES ('NGOCTRUCSV0051', 'Trịnh', 'Quang', '2001-11-28', 'Nu', 'trinh.quang490@ptit.edu.vn', '0923779516', 'Phú Yên', 'NGOCTRUC', 'CNTT', 'DangHoc', '2024-04-05')
ON CONFLICT (MaSV) DO NOTHING;
INSERT INTO SinhVien (MaSV, Ho, Ten, NgaySinh, GioiTinh, Email, SoDienThoai, DiaChi, MaCoSo, MaKhoa, TrangThai, NgayNhapHoc)
VALUES ('NGOCTRUCSV0052', 'Lý', 'Nam', '2002-08-07', 'Nu', 'ly.nam618@ptit.edu.vn', '0913729419', 'Ninh Thuận', 'NGOCTRUC', 'ATTT', 'DangHoc', '2022-11-09')
ON CONFLICT (MaSV) DO NOTHING;
INSERT INTO SinhVien (MaSV, Ho, Ten, NgaySinh, GioiTinh, Email, SoDienThoai, DiaChi, MaCoSo, MaKhoa, TrangThai, NgayNhapHoc)
VALUES ('NGOCTRUCSV0053', 'Trương', 'Nga', '2006-07-04', 'Nam', 'truong.nga243@ptit.edu.vn', '0989628923', 'Quảng Nam', 'NGOCTRUC', 'CNTT', 'BaoLuu', '2024-01-12')
ON CONFLICT (MaSV) DO NOTHING;
INSERT INTO SinhVien (MaSV, Ho, Ten, NgaySinh, GioiTinh, Email, SoDienThoai, DiaChi, MaCoSo, MaKhoa, TrangThai, NgayNhapHoc)
VALUES ('NGOCTRUCSV0054', 'Phạm', 'Giang', '2006-09-30', 'Nam', 'pham.giang102@ptit.edu.vn', '0948337821', 'Quảng Nam', 'NGOCTRUC', 'ATTT', 'DangHoc', '2022-11-08')
ON CONFLICT (MaSV) DO NOTHING;
INSERT INTO SinhVien (MaSV, Ho, Ten, NgaySinh, GioiTinh, Email, SoDienThoai, DiaChi, MaCoSo, MaKhoa, TrangThai, NgayNhapHoc)
VALUES ('NGOCTRUCSV0055', 'Dương', 'Lam', '2003-06-02', 'Nu', 'duong.lam176@ptit.edu.vn', '0974985458', 'Hưng Yên', 'NGOCTRUC', 'KT', 'DangHoc', '2023-07-19')
ON CONFLICT (MaSV) DO NOTHING;
INSERT INTO SinhVien (MaSV, Ho, Ten, NgaySinh, GioiTinh, Email, SoDienThoai, DiaChi, MaCoSo, MaKhoa, TrangThai, NgayNhapHoc)
VALUES ('NGOCTRUCSV0056', 'Đặng', 'Khánh', '2005-06-27', 'Nam', 'dang.khanh381@ptit.edu.vn', '0908330161', 'Thừa Thiên Huế', 'NGOCTRUC', 'CNTT', 'DangHoc', '2020-07-07')
ON CONFLICT (MaSV) DO NOTHING;
INSERT INTO SinhVien (MaSV, Ho, Ten, NgaySinh, GioiTinh, Email, SoDienThoai, DiaChi, MaCoSo, MaKhoa, TrangThai, NgayNhapHoc)
VALUES ('NGOCTRUCSV0057', 'Vũ', 'Vân', '2002-03-11', 'Nu', 'vu.van845@ptit.edu.vn', '0992382087', 'Hà Tĩnh', 'NGOCTRUC', 'ATTT', 'DangHoc', '2021-06-08')
ON CONFLICT (MaSV) DO NOTHING;
INSERT INTO SinhVien (MaSV, Ho, Ten, NgaySinh, GioiTinh, Email, SoDienThoai, DiaChi, MaCoSo, MaKhoa, TrangThai, NgayNhapHoc)
VALUES ('NGOCTRUCSV0058', 'Trịnh', 'Thắm', '2004-08-18', 'Nu', 'trinh.tham959@ptit.edu.vn', '0921272356', 'Bình Định', 'NGOCTRUC', 'ATTT', 'DangHoc', '2020-12-04')
ON CONFLICT (MaSV) DO NOTHING;
INSERT INTO SinhVien (MaSV, Ho, Ten, NgaySinh, GioiTinh, Email, SoDienThoai, DiaChi, MaCoSo, MaKhoa, TrangThai, NgayNhapHoc)
VALUES ('NGOCTRUCSV0059', 'Lý', 'Bình', '2001-11-22', 'Nu', 'ly.binh898@ptit.edu.vn', '0958681937', 'Thừa Thiên Huế', 'NGOCTRUC', 'VT', 'BaoLuu', '2022-10-26')
ON CONFLICT (MaSV) DO NOTHING;
INSERT INTO SinhVien (MaSV, Ho, Ten, NgaySinh, GioiTinh, Email, SoDienThoai, DiaChi, MaCoSo, MaKhoa, TrangThai, NgayNhapHoc)
VALUES ('NGOCTRUCSV0060', 'Lưu', 'Bích', '2006-06-16', 'Nu', 'luu.bich315@ptit.edu.vn', '0987417233', 'Thái Bình', 'NGOCTRUC', 'ATTT', 'DangHoc', '2024-02-02')
ON CONFLICT (MaSV) DO NOTHING;
INSERT INTO SinhVien (MaSV, Ho, Ten, NgaySinh, GioiTinh, Email, SoDienThoai, DiaChi, MaCoSo, MaKhoa, TrangThai, NgayNhapHoc)
VALUES ('NGOCTRUCSV0061', 'Phan', 'Trí', '2003-02-01', 'Nam', 'phan.tri113@ptit.edu.vn', '0908815082', 'Quảng Nam', 'NGOCTRUC', 'ATTT', 'DangHoc', '2021-03-16')
ON CONFLICT (MaSV) DO NOTHING;
INSERT INTO SinhVien (MaSV, Ho, Ten, NgaySinh, GioiTinh, Email, SoDienThoai, DiaChi, MaCoSo, MaKhoa, TrangThai, NgayNhapHoc)
VALUES ('NGOCTRUCSV0062', 'Ngô', 'Khánh', '2004-08-12', 'Nam', 'ngo.khanh858@ptit.edu.vn', '0921781651', 'Nam Định', 'NGOCTRUC', 'CNTT', 'DangHoc', '2023-08-14')
ON CONFLICT (MaSV) DO NOTHING;
INSERT INTO SinhVien (MaSV, Ho, Ten, NgaySinh, GioiTinh, Email, SoDienThoai, DiaChi, MaCoSo, MaKhoa, TrangThai, NgayNhapHoc)
VALUES ('NGOCTRUCSV0063', 'Đỗ', 'Vân', '2004-02-10', 'Nam', 'do.van14@ptit.edu.vn', '0968091298', 'Thái Bình', 'NGOCTRUC', 'VT', 'DangHoc', '2023-08-19')
ON CONFLICT (MaSV) DO NOTHING;
INSERT INTO SinhVien (MaSV, Ho, Ten, NgaySinh, GioiTinh, Email, SoDienThoai, DiaChi, MaCoSo, MaKhoa, TrangThai, NgayNhapHoc)
VALUES ('NGOCTRUCSV0064', 'Phạm', 'Toàn', '2000-09-03', 'Nu', 'pham.toan920@ptit.edu.vn', '0956045023', 'Bình Thuận', 'NGOCTRUC', 'VT', 'DangHoc', '2021-10-05')
ON CONFLICT (MaSV) DO NOTHING;
INSERT INTO SinhVien (MaSV, Ho, Ten, NgaySinh, GioiTinh, Email, SoDienThoai, DiaChi, MaCoSo, MaKhoa, TrangThai, NgayNhapHoc)
VALUES ('NGOCTRUCSV0065', 'Trương', 'Lâm', '2003-06-10', 'Nam', 'truong.lam291@ptit.edu.vn', '0955845082', 'Ninh Thuận', 'NGOCTRUC', 'VT', 'DangHoc', '2022-09-11')
ON CONFLICT (MaSV) DO NOTHING;
INSERT INTO SinhVien (MaSV, Ho, Ten, NgaySinh, GioiTinh, Email, SoDienThoai, DiaChi, MaCoSo, MaKhoa, TrangThai, NgayNhapHoc)
VALUES ('NGOCTRUCSV0066', 'Đinh', 'Giang', '2004-02-22', 'Nu', 'dinh.giang169@ptit.edu.vn', '0941431638', 'Bắc Ninh', 'NGOCTRUC', 'VT', 'DangHoc', '2020-01-15')
ON CONFLICT (MaSV) DO NOTHING;
INSERT INTO SinhVien (MaSV, Ho, Ten, NgaySinh, GioiTinh, Email, SoDienThoai, DiaChi, MaCoSo, MaKhoa, TrangThai, NgayNhapHoc)
VALUES ('NGOCTRUCSV0067', 'Nguyễn', 'An', '2002-03-25', 'Nu', 'nguyen.an646@ptit.edu.vn', '0991146149', 'Hải Phòng', 'NGOCTRUC', 'VT', 'DangHoc', '2021-10-12')
ON CONFLICT (MaSV) DO NOTHING;
INSERT INTO SinhVien (MaSV, Ho, Ten, NgaySinh, GioiTinh, Email, SoDienThoai, DiaChi, MaCoSo, MaKhoa, TrangThai, NgayNhapHoc)
VALUES ('NGOCTRUCSV0068', 'Đinh', 'Sơn', '2000-11-03', 'Nu', 'dinh.son879@ptit.edu.vn', '0966062824', 'Hải Dương', 'NGOCTRUC', 'KT', 'DangHoc', '2024-12-17')
ON CONFLICT (MaSV) DO NOTHING;
INSERT INTO SinhVien (MaSV, Ho, Ten, NgaySinh, GioiTinh, Email, SoDienThoai, DiaChi, MaCoSo, MaKhoa, TrangThai, NgayNhapHoc)
VALUES ('NGOCTRUCSV0069', 'Đinh', 'Loan', '2004-02-12', 'Nu', 'dinh.loan920@ptit.edu.vn', '0983989672', 'Bắc Ninh', 'NGOCTRUC', 'VT', 'DangHoc', '2024-01-04')
ON CONFLICT (MaSV) DO NOTHING;
INSERT INTO SinhVien (MaSV, Ho, Ten, NgaySinh, GioiTinh, Email, SoDienThoai, DiaChi, MaCoSo, MaKhoa, TrangThai, NgayNhapHoc)
VALUES ('NGOCTRUCSV0070', 'Huỳnh', 'Trung', '2001-11-08', 'Nam', 'huynh.trung394@ptit.edu.vn', '0995993092', 'Thái Bình', 'NGOCTRUC', 'KT', 'DangHoc', '2023-02-05')
ON CONFLICT (MaSV) DO NOTHING;
INSERT INTO SinhVien (MaSV, Ho, Ten, NgaySinh, GioiTinh, Email, SoDienThoai, DiaChi, MaCoSo, MaKhoa, TrangThai, NgayNhapHoc)
VALUES ('NGOCTRUCSV0071', 'Ngô', 'Quang', '2004-06-23', 'Nu', 'ngo.quang4@ptit.edu.vn', '0911251185', 'Ninh Bình', 'NGOCTRUC', 'VT', 'DangHoc', '2021-08-25')
ON CONFLICT (MaSV) DO NOTHING;
INSERT INTO SinhVien (MaSV, Ho, Ten, NgaySinh, GioiTinh, Email, SoDienThoai, DiaChi, MaCoSo, MaKhoa, TrangThai, NgayNhapHoc)
VALUES ('NGOCTRUCSV0072', 'Phan', 'Quang', '2001-01-05', 'Nu', 'phan.quang903@ptit.edu.vn', '0973535686', 'Ninh Thuận', 'NGOCTRUC', 'ATTT', 'DangHoc', '2022-01-09')
ON CONFLICT (MaSV) DO NOTHING;
INSERT INTO SinhVien (MaSV, Ho, Ten, NgaySinh, GioiTinh, Email, SoDienThoai, DiaChi, MaCoSo, MaKhoa, TrangThai, NgayNhapHoc)
VALUES ('NGOCTRUCSV0073', 'Ngô', 'Hương', '2000-06-11', 'Nam', 'ngo.huong657@ptit.edu.vn', '0917243057', 'Ninh Thuận', 'NGOCTRUC', 'KT', 'BaoLuu', '2022-05-23')
ON CONFLICT (MaSV) DO NOTHING;
INSERT INTO SinhVien (MaSV, Ho, Ten, NgaySinh, GioiTinh, Email, SoDienThoai, DiaChi, MaCoSo, MaKhoa, TrangThai, NgayNhapHoc)
VALUES ('NGOCTRUCSV0074', 'Dương', 'Ly', '2006-04-21', 'Nam', 'duong.ly328@ptit.edu.vn', '0983726723', 'Thanh Hóa', 'NGOCTRUC', 'CNTT', 'BaoLuu', '2021-06-03')
ON CONFLICT (MaSV) DO NOTHING;
INSERT INTO SinhVien (MaSV, Ho, Ten, NgaySinh, GioiTinh, Email, SoDienThoai, DiaChi, MaCoSo, MaKhoa, TrangThai, NgayNhapHoc)
VALUES ('NGOCTRUCSV0075', 'Trương', 'Hà', '2003-12-23', 'Nam', 'truong.ha52@ptit.edu.vn', '0923067147', 'Bình Định', 'NGOCTRUC', 'VT', 'DangHoc', '2023-09-27')
ON CONFLICT (MaSV) DO NOTHING;
INSERT INTO SinhVien (MaSV, Ho, Ten, NgaySinh, GioiTinh, Email, SoDienThoai, DiaChi, MaCoSo, MaKhoa, TrangThai, NgayNhapHoc)
VALUES ('NGOCTRUCSV0076', 'Phan', 'Ngọc', '2002-05-21', 'Nam', 'phan.ngoc731@ptit.edu.vn', '0989195082', 'Thừa Thiên Huế', 'NGOCTRUC', 'VT', 'DangHoc', '2020-06-26')
ON CONFLICT (MaSV) DO NOTHING;
INSERT INTO SinhVien (MaSV, Ho, Ten, NgaySinh, GioiTinh, Email, SoDienThoai, DiaChi, MaCoSo, MaKhoa, TrangThai, NgayNhapHoc)
VALUES ('NGOCTRUCSV0077', 'Tạ', 'Thi', '2004-07-22', 'Nu', 'ta.thi857@ptit.edu.vn', '0989704510', 'Ninh Bình', 'NGOCTRUC', 'VT', 'DangHoc', '2023-10-16')
ON CONFLICT (MaSV) DO NOTHING;
INSERT INTO SinhVien (MaSV, Ho, Ten, NgaySinh, GioiTinh, Email, SoDienThoai, DiaChi, MaCoSo, MaKhoa, TrangThai, NgayNhapHoc)
VALUES ('NGOCTRUCSV0078', 'Đỗ', 'Nga', '2004-04-27', 'Nam', 'do.nga907@ptit.edu.vn', '0921823563', 'Bình Định', 'NGOCTRUC', 'VT', 'DangHoc', '2020-09-17')
ON CONFLICT (MaSV) DO NOTHING;
INSERT INTO SinhVien (MaSV, Ho, Ten, NgaySinh, GioiTinh, Email, SoDienThoai, DiaChi, MaCoSo, MaKhoa, TrangThai, NgayNhapHoc)
VALUES ('NGOCTRUCSV0079', 'Vũ', 'Trí', '2000-04-25', 'Nam', 'vu.tri302@ptit.edu.vn', '0926735698', 'Quảng Nam', 'NGOCTRUC', 'KT', 'DangHoc', '2023-02-18')
ON CONFLICT (MaSV) DO NOTHING;
INSERT INTO SinhVien (MaSV, Ho, Ten, NgaySinh, GioiTinh, Email, SoDienThoai, DiaChi, MaCoSo, MaKhoa, TrangThai, NgayNhapHoc)
VALUES ('NGOCTRUCSV0080', 'Phan', 'Tiến', '2003-02-19', 'Nam', 'phan.tien112@ptit.edu.vn', '0971885657', 'Vĩnh Phúc', 'NGOCTRUC', 'VT', 'BaoLuu', '2021-10-21')
ON CONFLICT (MaSV) DO NOTHING;
INSERT INTO SinhVien (MaSV, Ho, Ten, NgaySinh, GioiTinh, Email, SoDienThoai, DiaChi, MaCoSo, MaKhoa, TrangThai, NgayNhapHoc)
VALUES ('NGOCTRUCSV0081', 'Bùi', 'Em', '2006-11-27', 'Nam', 'bui.em718@ptit.edu.vn', '0993063485', 'Quảng Trị', 'NGOCTRUC', 'KT', 'DangHoc', '2022-10-06')
ON CONFLICT (MaSV) DO NOTHING;
INSERT INTO SinhVien (MaSV, Ho, Ten, NgaySinh, GioiTinh, Email, SoDienThoai, DiaChi, MaCoSo, MaKhoa, TrangThai, NgayNhapHoc)
VALUES ('NGOCTRUCSV0082', 'Huỳnh', 'Hà', '2000-01-19', 'Nam', 'huynh.ha554@ptit.edu.vn', '0921926350', 'Bình Thuận', 'NGOCTRUC', 'ATTT', 'BaoLuu', '2024-12-09')
ON CONFLICT (MaSV) DO NOTHING;
INSERT INTO SinhVien (MaSV, Ho, Ten, NgaySinh, GioiTinh, Email, SoDienThoai, DiaChi, MaCoSo, MaKhoa, TrangThai, NgayNhapHoc)
VALUES ('NGOCTRUCSV0083', 'Trần', 'Hà', '2002-09-23', 'Nu', 'tran.ha514@ptit.edu.vn', '0932023487', 'Phú Yên', 'NGOCTRUC', 'VT', 'DangHoc', '2022-02-09')
ON CONFLICT (MaSV) DO NOTHING;
INSERT INTO SinhVien (MaSV, Ho, Ten, NgaySinh, GioiTinh, Email, SoDienThoai, DiaChi, MaCoSo, MaKhoa, TrangThai, NgayNhapHoc)
VALUES ('NGOCTRUCSV0084', 'Đặng', 'Hà', '2002-10-06', 'Nu', 'dang.ha821@ptit.edu.vn', '0913933188', 'Phú Yên', 'NGOCTRUC', 'VT', 'DangHoc', '2023-01-13')
ON CONFLICT (MaSV) DO NOTHING;
INSERT INTO SinhVien (MaSV, Ho, Ten, NgaySinh, GioiTinh, Email, SoDienThoai, DiaChi, MaCoSo, MaKhoa, TrangThai, NgayNhapHoc)
VALUES ('NGOCTRUCSV0085', 'Đỗ', 'Hà', '2006-03-26', 'Nam', 'do.ha638@ptit.edu.vn', '0998898194', 'Hải Dương', 'NGOCTRUC', 'VT', 'DangHoc', '2020-01-01')
ON CONFLICT (MaSV) DO NOTHING;
INSERT INTO SinhVien (MaSV, Ho, Ten, NgaySinh, GioiTinh, Email, SoDienThoai, DiaChi, MaCoSo, MaKhoa, TrangThai, NgayNhapHoc)
VALUES ('NGOCTRUCSV0086', 'Vương', 'Khánh', '2006-01-15', 'Nu', 'vuong.khanh596@ptit.edu.vn', '0972524390', 'Quảng Ngãi', 'NGOCTRUC', 'KT', 'DangHoc', '2024-07-16')
ON CONFLICT (MaSV) DO NOTHING;
INSERT INTO SinhVien (MaSV, Ho, Ten, NgaySinh, GioiTinh, Email, SoDienThoai, DiaChi, MaCoSo, MaKhoa, TrangThai, NgayNhapHoc)
VALUES ('NGOCTRUCSV0087', 'Đỗ', 'Ly', '2004-10-07', 'Nu', 'do.ly908@ptit.edu.vn', '0965676990', 'Thái Bình', 'NGOCTRUC', 'CNTT', 'BaoLuu', '2022-01-22')
ON CONFLICT (MaSV) DO NOTHING;
INSERT INTO SinhVien (MaSV, Ho, Ten, NgaySinh, GioiTinh, Email, SoDienThoai, DiaChi, MaCoSo, MaKhoa, TrangThai, NgayNhapHoc)
VALUES ('NGOCTRUCSV0088', 'Trịnh', 'Dung', '2003-12-11', 'Nam', 'trinh.dung140@ptit.edu.vn', '0936089013', 'Hải Phòng', 'NGOCTRUC', 'VT', 'DangHoc', '2023-06-10')
ON CONFLICT (MaSV) DO NOTHING;
INSERT INTO SinhVien (MaSV, Ho, Ten, NgaySinh, GioiTinh, Email, SoDienThoai, DiaChi, MaCoSo, MaKhoa, TrangThai, NgayNhapHoc)
VALUES ('NGOCTRUCSV0089', 'Vũ', 'Vân', '2002-07-29', 'Nam', 'vu.van217@ptit.edu.vn', '0977945447', 'Thừa Thiên Huế', 'NGOCTRUC', 'VT', 'DangHoc', '2024-01-11')
ON CONFLICT (MaSV) DO NOTHING;
INSERT INTO SinhVien (MaSV, Ho, Ten, NgaySinh, GioiTinh, Email, SoDienThoai, DiaChi, MaCoSo, MaKhoa, TrangThai, NgayNhapHoc)
VALUES ('NGOCTRUCSV0090', 'Dương', 'Thi', '2000-09-03', 'Nam', 'duong.thi308@ptit.edu.vn', '0988651265', 'Quảng Nam', 'NGOCTRUC', 'KT', 'BaoLuu', '2024-11-28')
ON CONFLICT (MaSV) DO NOTHING;
INSERT INTO SinhVien (MaSV, Ho, Ten, NgaySinh, GioiTinh, Email, SoDienThoai, DiaChi, MaCoSo, MaKhoa, TrangThai, NgayNhapHoc)
VALUES ('NGOCTRUCSV0091', 'Hoàng', 'Bích', '2003-04-11', 'Nam', 'hoang.bich267@ptit.edu.vn', '0914730907', 'Thanh Hóa', 'NGOCTRUC', 'KT', 'DangHoc', '2022-04-29')
ON CONFLICT (MaSV) DO NOTHING;
INSERT INTO SinhVien (MaSV, Ho, Ten, NgaySinh, GioiTinh, Email, SoDienThoai, DiaChi, MaCoSo, MaKhoa, TrangThai, NgayNhapHoc)
VALUES ('NGOCTRUCSV0092', 'Nguyễn', 'Tâm', '2003-09-27', 'Nam', 'nguyen.tam915@ptit.edu.vn', '0958297296', 'Đà Nẵng', 'NGOCTRUC', 'KT', 'BaoLuu', '2021-06-28')
ON CONFLICT (MaSV) DO NOTHING;
INSERT INTO SinhVien (MaSV, Ho, Ten, NgaySinh, GioiTinh, Email, SoDienThoai, DiaChi, MaCoSo, MaKhoa, TrangThai, NgayNhapHoc)
VALUES ('NGOCTRUCSV0093', 'Trương', 'Dũng', '2005-10-04', 'Nu', 'truong.dung568@ptit.edu.vn', '0927998883', 'Phú Yên', 'NGOCTRUC', 'CNTT', 'DangHoc', '2024-02-18')
ON CONFLICT (MaSV) DO NOTHING;
INSERT INTO SinhVien (MaSV, Ho, Ten, NgaySinh, GioiTinh, Email, SoDienThoai, DiaChi, MaCoSo, MaKhoa, TrangThai, NgayNhapHoc)
VALUES ('NGOCTRUCSV0094', 'Hoàng', 'Giang', '2003-05-13', 'Nu', 'hoang.giang438@ptit.edu.vn', '0907094935', 'Phú Yên', 'NGOCTRUC', 'CNTT', 'DangHoc', '2023-11-12')
ON CONFLICT (MaSV) DO NOTHING;
INSERT INTO SinhVien (MaSV, Ho, Ten, NgaySinh, GioiTinh, Email, SoDienThoai, DiaChi, MaCoSo, MaKhoa, TrangThai, NgayNhapHoc)
VALUES ('NGOCTRUCSV0095', 'Phạm', 'Thịnh', '2006-10-17', 'Nu', 'pham.thinh815@ptit.edu.vn', '0983973398', 'Ninh Bình', 'NGOCTRUC', 'CNTT', 'DangHoc', '2023-09-23')
ON CONFLICT (MaSV) DO NOTHING;
INSERT INTO SinhVien (MaSV, Ho, Ten, NgaySinh, GioiTinh, Email, SoDienThoai, DiaChi, MaCoSo, MaKhoa, TrangThai, NgayNhapHoc)
VALUES ('NGOCTRUCSV0096', 'Tạ', 'Hoàng', '2000-06-14', 'Nu', 'ta.hoang562@ptit.edu.vn', '0919821290', 'Hà Tĩnh', 'NGOCTRUC', 'ATTT', 'DangHoc', '2020-12-13')
ON CONFLICT (MaSV) DO NOTHING;
INSERT INTO SinhVien (MaSV, Ho, Ten, NgaySinh, GioiTinh, Email, SoDienThoai, DiaChi, MaCoSo, MaKhoa, TrangThai, NgayNhapHoc)
VALUES ('NGOCTRUCSV0097', 'Ngô', 'An', '2003-08-28', 'Nu', 'ngo.an216@ptit.edu.vn', '0991990873', 'Ninh Bình', 'NGOCTRUC', 'CNTT', 'DangHoc', '2023-07-06')
ON CONFLICT (MaSV) DO NOTHING;
INSERT INTO SinhVien (MaSV, Ho, Ten, NgaySinh, GioiTinh, Email, SoDienThoai, DiaChi, MaCoSo, MaKhoa, TrangThai, NgayNhapHoc)
VALUES ('NGOCTRUCSV0098', 'Hồ', 'Bình', '2002-10-18', 'Nam', 'ho.binh749@ptit.edu.vn', '0926690626', 'Bình Định', 'NGOCTRUC', 'CNTT', 'DangHoc', '2024-05-14')
ON CONFLICT (MaSV) DO NOTHING;
INSERT INTO SinhVien (MaSV, Ho, Ten, NgaySinh, GioiTinh, Email, SoDienThoai, DiaChi, MaCoSo, MaKhoa, TrangThai, NgayNhapHoc)
VALUES ('NGOCTRUCSV0099', 'Đinh', 'Tuấn', '2001-04-15', 'Nam', 'dinh.tuan262@ptit.edu.vn', '0975835517', 'Hà Nội', 'NGOCTRUC', 'VT', 'DangHoc', '2024-06-14')
ON CONFLICT (MaSV) DO NOTHING;
INSERT INTO SinhVien (MaSV, Ho, Ten, NgaySinh, GioiTinh, Email, SoDienThoai, DiaChi, MaCoSo, MaKhoa, TrangThai, NgayNhapHoc)
VALUES ('NGOCTRUCSV0100', 'Mạc', 'Trung', '2001-11-23', 'Nam', 'mac.trung169@ptit.edu.vn', '0931701951', 'Khánh Hòa', 'NGOCTRUC', 'CNTT', 'BaoLuu', '2021-12-04')
ON CONFLICT (MaSV) DO NOTHING;
INSERT INTO SinhVien (MaSV, Ho, Ten, NgaySinh, GioiTinh, Email, SoDienThoai, DiaChi, MaCoSo, MaKhoa, TrangThai, NgayNhapHoc)
VALUES ('NGOCTRUCSV0101', 'Mạc', 'Hoàng', '2004-08-06', 'Nu', 'mac.hoang367@ptit.edu.vn', '0995247957', 'Bình Định', 'NGOCTRUC', 'KT', 'DangHoc', '2024-12-10')
ON CONFLICT (MaSV) DO NOTHING;
INSERT INTO SinhVien (MaSV, Ho, Ten, NgaySinh, GioiTinh, Email, SoDienThoai, DiaChi, MaCoSo, MaKhoa, TrangThai, NgayNhapHoc)
VALUES ('NGOCTRUCSV0102', 'Tạ', 'Ngọc', '2005-12-22', 'Nam', 'ta.ngoc880@ptit.edu.vn', '0968304355', 'Hà Nội', 'NGOCTRUC', 'CNTT', 'DangHoc', '2021-06-18')
ON CONFLICT (MaSV) DO NOTHING;
INSERT INTO SinhVien (MaSV, Ho, Ten, NgaySinh, GioiTinh, Email, SoDienThoai, DiaChi, MaCoSo, MaKhoa, TrangThai, NgayNhapHoc)
VALUES ('NGOCTRUCSV0103', 'Trương', 'Hiền', '2004-09-30', 'Nam', 'truong.hien909@ptit.edu.vn', '0975422419', 'Quảng Ngãi', 'NGOCTRUC', 'CNTT', 'BaoLuu', '2020-02-07')
ON CONFLICT (MaSV) DO NOTHING;
INSERT INTO SinhVien (MaSV, Ho, Ten, NgaySinh, GioiTinh, Email, SoDienThoai, DiaChi, MaCoSo, MaKhoa, TrangThai, NgayNhapHoc)
VALUES ('NGOCTRUCSV0104', 'Vũ', 'Thúy', '2001-01-21', 'Nam', 'vu.thuy296@ptit.edu.vn', '0912925608', 'Hà Nội', 'NGOCTRUC', 'KT', 'BaoLuu', '2023-07-07')
ON CONFLICT (MaSV) DO NOTHING;
INSERT INTO SinhVien (MaSV, Ho, Ten, NgaySinh, GioiTinh, Email, SoDienThoai, DiaChi, MaCoSo, MaKhoa, TrangThai, NgayNhapHoc)
VALUES ('NGOCTRUCSV0105', 'Ngô', 'Giang', '2002-03-17', 'Nu', 'ngo.giang726@ptit.edu.vn', '0989317680', 'Ninh Bình', 'NGOCTRUC', 'KT', 'DangHoc', '2020-11-01')
ON CONFLICT (MaSV) DO NOTHING;
INSERT INTO SinhVien (MaSV, Ho, Ten, NgaySinh, GioiTinh, Email, SoDienThoai, DiaChi, MaCoSo, MaKhoa, TrangThai, NgayNhapHoc)
VALUES ('NGOCTRUCSV0106', 'Lê', 'Lan', '2001-12-09', 'Nu', 'le.lan873@ptit.edu.vn', '0979728901', 'Bình Định', 'NGOCTRUC', 'CNTT', 'BaoLuu', '2020-04-14')
ON CONFLICT (MaSV) DO NOTHING;
INSERT INTO SinhVien (MaSV, Ho, Ten, NgaySinh, GioiTinh, Email, SoDienThoai, DiaChi, MaCoSo, MaKhoa, TrangThai, NgayNhapHoc)
VALUES ('NGOCTRUCSV0107', 'Lý', 'Dũng', '2001-04-23', 'Nam', 'ly.dung722@ptit.edu.vn', '0967978992', 'Ninh Thuận', 'NGOCTRUC', 'CNTT', 'DangHoc', '2021-09-05')
ON CONFLICT (MaSV) DO NOTHING;
INSERT INTO SinhVien (MaSV, Ho, Ten, NgaySinh, GioiTinh, Email, SoDienThoai, DiaChi, MaCoSo, MaKhoa, TrangThai, NgayNhapHoc)
VALUES ('NGOCTRUCSV0108', 'Trần', 'Hùng', '2004-06-03', 'Nu', 'tran.hung133@ptit.edu.vn', '0965661541', 'Nam Định', 'NGOCTRUC', 'ATTT', 'DangHoc', '2023-02-21')
ON CONFLICT (MaSV) DO NOTHING;
INSERT INTO SinhVien (MaSV, Ho, Ten, NgaySinh, GioiTinh, Email, SoDienThoai, DiaChi, MaCoSo, MaKhoa, TrangThai, NgayNhapHoc)
VALUES ('NGOCTRUCSV0109', 'Mạc', 'Thịnh', '2000-02-28', 'Nu', 'mac.thinh960@ptit.edu.vn', '0915413497', 'Ninh Thuận', 'NGOCTRUC', 'ATTT', 'DangHoc', '2021-03-17')
ON CONFLICT (MaSV) DO NOTHING;
INSERT INTO SinhVien (MaSV, Ho, Ten, NgaySinh, GioiTinh, Email, SoDienThoai, DiaChi, MaCoSo, MaKhoa, TrangThai, NgayNhapHoc)
VALUES ('NGOCTRUCSV0110', 'Lê', 'Hoàng', '2001-04-08', 'Nam', 'le.hoang438@ptit.edu.vn', '0992054368', 'Thanh Hóa', 'NGOCTRUC', 'KT', 'BaoLuu', '2022-07-10')
ON CONFLICT (MaSV) DO NOTHING;
INSERT INTO SinhVien (MaSV, Ho, Ten, NgaySinh, GioiTinh, Email, SoDienThoai, DiaChi, MaCoSo, MaKhoa, TrangThai, NgayNhapHoc)
VALUES ('NGOCTRUCSV0111', 'Mạc', 'An', '2003-06-21', 'Nu', 'mac.an712@ptit.edu.vn', '0962000919', 'Quảng Ngãi', 'NGOCTRUC', 'CNTT', 'DangHoc', '2023-01-19')
ON CONFLICT (MaSV) DO NOTHING;
INSERT INTO SinhVien (MaSV, Ho, Ten, NgaySinh, GioiTinh, Email, SoDienThoai, DiaChi, MaCoSo, MaKhoa, TrangThai, NgayNhapHoc)
VALUES ('NGOCTRUCSV0112', 'Đỗ', 'Dung', '2002-11-08', 'Nam', 'do.dung235@ptit.edu.vn', '0984316564', 'Vĩnh Phúc', 'NGOCTRUC', 'KT', 'DangHoc', '2024-07-18')
ON CONFLICT (MaSV) DO NOTHING;
INSERT INTO SinhVien (MaSV, Ho, Ten, NgaySinh, GioiTinh, Email, SoDienThoai, DiaChi, MaCoSo, MaKhoa, TrangThai, NgayNhapHoc)
VALUES ('NGOCTRUCSV0113', 'Hoàng', 'Bảo', '2006-06-18', 'Nam', 'hoang.bao220@ptit.edu.vn', '0902739468', 'Quảng Trị', 'NGOCTRUC', 'ATTT', 'DangHoc', '2021-06-26')
ON CONFLICT (MaSV) DO NOTHING;
INSERT INTO SinhVien (MaSV, Ho, Ten, NgaySinh, GioiTinh, Email, SoDienThoai, DiaChi, MaCoSo, MaKhoa, TrangThai, NgayNhapHoc)
VALUES ('NGOCTRUCSV0114', 'Trần', 'Khánh', '2003-09-14', 'Nam', 'tran.khanh655@ptit.edu.vn', '0915509561', 'Thừa Thiên Huế', 'NGOCTRUC', 'KT', 'DangHoc', '2023-01-14')
ON CONFLICT (MaSV) DO NOTHING;
INSERT INTO SinhVien (MaSV, Ho, Ten, NgaySinh, GioiTinh, Email, SoDienThoai, DiaChi, MaCoSo, MaKhoa, TrangThai, NgayNhapHoc)
VALUES ('NGOCTRUCSV0115', 'Ngô', 'Mai', '2005-01-31', 'Nam', 'ngo.mai445@ptit.edu.vn', '0917058765', 'Khánh Hòa', 'NGOCTRUC', 'CNTT', 'DangHoc', '2023-10-20')
ON CONFLICT (MaSV) DO NOTHING;
INSERT INTO SinhVien (MaSV, Ho, Ten, NgaySinh, GioiTinh, Email, SoDienThoai, DiaChi, MaCoSo, MaKhoa, TrangThai, NgayNhapHoc)
VALUES ('NGOCTRUCSV0116', 'Trần', 'Em', '2005-07-02', 'Nu', 'tran.em947@ptit.edu.vn', '0963608115', 'Hưng Yên', 'NGOCTRUC', 'CNTT', 'DangHoc', '2022-10-16')
ON CONFLICT (MaSV) DO NOTHING;
INSERT INTO SinhVien (MaSV, Ho, Ten, NgaySinh, GioiTinh, Email, SoDienThoai, DiaChi, MaCoSo, MaKhoa, TrangThai, NgayNhapHoc)
VALUES ('NGOCTRUCSV0117', 'Nguyễn', 'Thắm', '2006-04-14', 'Nam', 'nguyen.tham424@ptit.edu.vn', '0935348518', 'Hà Tĩnh', 'NGOCTRUC', 'ATTT', 'DangHoc', '2022-08-28')
ON CONFLICT (MaSV) DO NOTHING;
INSERT INTO SinhVien (MaSV, Ho, Ten, NgaySinh, GioiTinh, Email, SoDienThoai, DiaChi, MaCoSo, MaKhoa, TrangThai, NgayNhapHoc)
VALUES ('NGOCTRUCSV0118', 'Trần', 'Phong', '2004-09-06', 'Nu', 'tran.phong924@ptit.edu.vn', '0956932637', 'Hà Tĩnh', 'NGOCTRUC', 'CNTT', 'BaoLuu', '2021-04-17')
ON CONFLICT (MaSV) DO NOTHING;
INSERT INTO SinhVien (MaSV, Ho, Ten, NgaySinh, GioiTinh, Email, SoDienThoai, DiaChi, MaCoSo, MaKhoa, TrangThai, NgayNhapHoc)
VALUES ('NGOCTRUCSV0119', 'Vũ', 'Ly', '2001-08-05', 'Nu', 'vu.ly215@ptit.edu.vn', '0961885174', 'Quảng Nam', 'NGOCTRUC', 'VT', 'DangHoc', '2023-05-24')
ON CONFLICT (MaSV) DO NOTHING;
INSERT INTO SinhVien (MaSV, Ho, Ten, NgaySinh, GioiTinh, Email, SoDienThoai, DiaChi, MaCoSo, MaKhoa, TrangThai, NgayNhapHoc)
VALUES ('NGOCTRUCSV0120', 'Phạm', 'Sơn', '2003-03-17', 'Nu', 'pham.son216@ptit.edu.vn', '0961914124', 'Hải Dương', 'NGOCTRUC', 'ATTT', 'DangHoc', '2023-06-30')
ON CONFLICT (MaSV) DO NOTHING;

-- ---- GiangVien ----
INSERT INTO GiangVien (MaGV, Ho, Ten, HocVi, HocHam, Email, SoDienThoai, MaCoSo, MaKhoa, TrangThai, NgayVaoLam)
VALUES ('NGOCTRUCGV001', 'Đỗ', 'Nam', 'ThS', NULL, 'do.nam264@gv.cntt-nt.ptit.edu.vn', '0977060388', 'NGOCTRUC', 'ATTT', 'TamNghi', '2011-10-05')
ON CONFLICT (MaGV) DO NOTHING;
INSERT INTO GiangVien (MaGV, Ho, Ten, HocVi, HocHam, Email, SoDienThoai, MaCoSo, MaKhoa, TrangThai, NgayVaoLam)
VALUES ('NGOCTRUCGV002', 'Trần', 'Trung', 'TS', 'PGS', 'tran.trung321@gv.cntt-nt.ptit.edu.vn', '0943790444', 'NGOCTRUC', 'CNTT', 'TamNghi', '2012-09-24')
ON CONFLICT (MaGV) DO NOTHING;
INSERT INTO GiangVien (MaGV, Ho, Ten, HocVi, HocHam, Email, SoDienThoai, MaCoSo, MaKhoa, TrangThai, NgayVaoLam)
VALUES ('NGOCTRUCGV003', 'Trịnh', 'Châu', 'TS', NULL, 'trinh.chau286@gv.cntt-nt.ptit.edu.vn', '0953067174', 'NGOCTRUC', 'CNTT', 'DangCongTac', '2013-03-04')
ON CONFLICT (MaGV) DO NOTHING;
INSERT INTO GiangVien (MaGV, Ho, Ten, HocVi, HocHam, Email, SoDienThoai, MaCoSo, MaKhoa, TrangThai, NgayVaoLam)
VALUES ('NGOCTRUCGV004', 'Nguyễn', 'Cường', 'CN', 'PGS', 'nguyen.cuong728@gv.cntt-nt.ptit.edu.vn', '0988132941', 'NGOCTRUC', 'VT', 'TamNghi', '2018-11-14')
ON CONFLICT (MaGV) DO NOTHING;
INSERT INTO GiangVien (MaGV, Ho, Ten, HocVi, HocHam, Email, SoDienThoai, MaCoSo, MaKhoa, TrangThai, NgayVaoLam)
VALUES ('NGOCTRUCGV005', 'Ngô', 'Toàn', 'TS', NULL, 'ngo.toan825@gv.cntt-nt.ptit.edu.vn', '0969791268', 'NGOCTRUC', 'VT', 'DangCongTac', '2017-11-02')
ON CONFLICT (MaGV) DO NOTHING;
INSERT INTO GiangVien (MaGV, Ho, Ten, HocVi, HocHam, Email, SoDienThoai, MaCoSo, MaKhoa, TrangThai, NgayVaoLam)
VALUES ('NGOCTRUCGV006', 'Đinh', 'Vinh', 'ThS', NULL, 'dinh.vinh303@gv.cntt-nt.ptit.edu.vn', '0966558214', 'NGOCTRUC', 'ATTT', 'DangCongTac', '2012-02-25')
ON CONFLICT (MaGV) DO NOTHING;
INSERT INTO GiangVien (MaGV, Ho, Ten, HocVi, HocHam, Email, SoDienThoai, MaCoSo, MaKhoa, TrangThai, NgayVaoLam)
VALUES ('NGOCTRUCGV007', 'Trương', 'Trang', 'TS', NULL, 'truong.trang909@gv.cntt-nt.ptit.edu.vn', '0962379194', 'NGOCTRUC', 'CNTT', 'DangCongTac', '2010-12-05')
ON CONFLICT (MaGV) DO NOTHING;
INSERT INTO GiangVien (MaGV, Ho, Ten, HocVi, HocHam, Email, SoDienThoai, MaCoSo, MaKhoa, TrangThai, NgayVaoLam)
VALUES ('NGOCTRUCGV008', 'Phạm', 'Nam', 'PGS', NULL, 'pham.nam889@gv.cntt-nt.ptit.edu.vn', '0974797266', 'NGOCTRUC', 'VT', 'DangCongTac', '2014-10-15')
ON CONFLICT (MaGV) DO NOTHING;
INSERT INTO GiangVien (MaGV, Ho, Ten, HocVi, HocHam, Email, SoDienThoai, MaCoSo, MaKhoa, TrangThai, NgayVaoLam)
VALUES ('NGOCTRUCGV009', 'Lý', 'Giang', 'TS', NULL, 'ly.giang353@gv.cntt-nt.ptit.edu.vn', '0958370251', 'NGOCTRUC', 'VT', 'DangCongTac', '2019-03-20')
ON CONFLICT (MaGV) DO NOTHING;
INSERT INTO GiangVien (MaGV, Ho, Ten, HocVi, HocHam, Email, SoDienThoai, MaCoSo, MaKhoa, TrangThai, NgayVaoLam)
VALUES ('NGOCTRUCGV010', 'Hoàng', 'Nghĩa', 'CN', NULL, 'hoang.nghia580@gv.cntt-nt.ptit.edu.vn', '0978146371', 'NGOCTRUC', 'VT', 'DangCongTac', '2020-09-29')
ON CONFLICT (MaGV) DO NOTHING;
INSERT INTO GiangVien (MaGV, Ho, Ten, HocVi, HocHam, Email, SoDienThoai, MaCoSo, MaKhoa, TrangThai, NgayVaoLam)
VALUES ('NGOCTRUCGV011', 'Mạc', 'Thanh', 'PGS', NULL, 'mac.thanh838@gv.cntt-nt.ptit.edu.vn', '0967350607', 'NGOCTRUC', 'VT', 'DangCongTac', '2023-01-07')
ON CONFLICT (MaGV) DO NOTHING;
INSERT INTO GiangVien (MaGV, Ho, Ten, HocVi, HocHam, Email, SoDienThoai, MaCoSo, MaKhoa, TrangThai, NgayVaoLam)
VALUES ('NGOCTRUCGV012', 'Hoàng', 'Oanh', 'ThS', 'PGS', 'hoang.oanh986@gv.cntt-nt.ptit.edu.vn', '0946953385', 'NGOCTRUC', 'ATTT', 'DangCongTac', '2018-10-06')
ON CONFLICT (MaGV) DO NOTHING;
INSERT INTO GiangVien (MaGV, Ho, Ten, HocVi, HocHam, Email, SoDienThoai, MaCoSo, MaKhoa, TrangThai, NgayVaoLam)
VALUES ('NGOCTRUCGV013', 'Hồ', 'Ngọc', 'TS', 'GTV', 'ho.ngoc699@gv.cntt-nt.ptit.edu.vn', '0945735811', 'NGOCTRUC', 'ATTT', 'TamNghi', '2017-07-30')
ON CONFLICT (MaGV) DO NOTHING;
INSERT INTO GiangVien (MaGV, Ho, Ten, HocVi, HocHam, Email, SoDienThoai, MaCoSo, MaKhoa, TrangThai, NgayVaoLam)
VALUES ('NGOCTRUCGV014', 'Lê', 'Tuấn', 'CN', NULL, 'le.tuan570@gv.cntt-nt.ptit.edu.vn', '0991980732', 'NGOCTRUC', 'CNTT', 'DangCongTac', '2020-09-27')
ON CONFLICT (MaGV) DO NOTHING;
INSERT INTO GiangVien (MaGV, Ho, Ten, HocVi, HocHam, Email, SoDienThoai, MaCoSo, MaKhoa, TrangThai, NgayVaoLam)
VALUES ('NGOCTRUCGV015', 'Ngô', 'Quang', 'CN', 'PGS', 'ngo.quang661@gv.cntt-nt.ptit.edu.vn', '0928679087', 'NGOCTRUC', 'VT', 'DangCongTac', '2016-02-29')
ON CONFLICT (MaGV) DO NOTHING;
INSERT INTO GiangVien (MaGV, Ho, Ten, HocVi, HocHam, Email, SoDienThoai, MaCoSo, MaKhoa, TrangThai, NgayVaoLam)
VALUES ('NGOCTRUCGV016', 'Bùi', 'Hương', 'PGS', NULL, 'bui.huong481@gv.cntt-nt.ptit.edu.vn', '0939600386', 'NGOCTRUC', 'CNTT', 'DangCongTac', '2013-03-29')
ON CONFLICT (MaGV) DO NOTHING;
INSERT INTO GiangVien (MaGV, Ho, Ten, HocVi, HocHam, Email, SoDienThoai, MaCoSo, MaKhoa, TrangThai, NgayVaoLam)
VALUES ('NGOCTRUCGV017', 'Vương', 'Lâm', 'PGS', 'PGS', 'vuong.lam91@gv.cntt-nt.ptit.edu.vn', '0963604967', 'NGOCTRUC', 'VT', 'DangCongTac', '2023-03-10')
ON CONFLICT (MaGV) DO NOTHING;
INSERT INTO GiangVien (MaGV, Ho, Ten, HocVi, HocHam, Email, SoDienThoai, MaCoSo, MaKhoa, TrangThai, NgayVaoLam)
VALUES ('NGOCTRUCGV018', 'Lê', 'Anh', 'TS', 'PGS', 'le.anh462@gv.cntt-nt.ptit.edu.vn', '0976900367', 'NGOCTRUC', 'ATTT', 'DangCongTac', '2020-03-24')
ON CONFLICT (MaGV) DO NOTHING;
INSERT INTO GiangVien (MaGV, Ho, Ten, HocVi, HocHam, Email, SoDienThoai, MaCoSo, MaKhoa, TrangThai, NgayVaoLam)
VALUES ('NGOCTRUCGV019', 'Trần', 'Thịnh', 'ThS', NULL, 'tran.thinh189@gv.cntt-nt.ptit.edu.vn', '0964314554', 'NGOCTRUC', 'ATTT', 'DangCongTac', '2016-07-22')
ON CONFLICT (MaGV) DO NOTHING;
INSERT INTO GiangVien (MaGV, Ho, Ten, HocVi, HocHam, Email, SoDienThoai, MaCoSo, MaKhoa, TrangThai, NgayVaoLam)
VALUES ('NGOCTRUCGV020', 'Tạ', 'Nga', 'PGS', NULL, 'ta.nga525@gv.cntt-nt.ptit.edu.vn', '0998757509', 'NGOCTRUC', 'CNTT', 'DangCongTac', '2022-03-30')
ON CONFLICT (MaGV) DO NOTHING;
INSERT INTO GiangVien (MaGV, Ho, Ten, HocVi, HocHam, Email, SoDienThoai, MaCoSo, MaKhoa, TrangThai, NgayVaoLam)
VALUES ('NGOCTRUCGV021', 'Trương', 'Lan', 'CN', 'PGS', 'truong.lan186@gv.cntt-nt.ptit.edu.vn', '0997341204', 'NGOCTRUC', 'CNTT', 'TamNghi', '2017-03-20')
ON CONFLICT (MaGV) DO NOTHING;
INSERT INTO GiangVien (MaGV, Ho, Ten, HocVi, HocHam, Email, SoDienThoai, MaCoSo, MaKhoa, TrangThai, NgayVaoLam)
VALUES ('NGOCTRUCGV022', 'Đinh', 'Sang', 'ThS', 'GTV', 'dinh.sang680@gv.cntt-nt.ptit.edu.vn', '0975258148', 'NGOCTRUC', 'CNTT', 'TamNghi', '2010-10-07')
ON CONFLICT (MaGV) DO NOTHING;
INSERT INTO GiangVien (MaGV, Ho, Ten, HocVi, HocHam, Email, SoDienThoai, MaCoSo, MaKhoa, TrangThai, NgayVaoLam)
VALUES ('NGOCTRUCGV023', 'Cao', 'Tuấn', 'ThS', NULL, 'cao.tuan758@gv.cntt-nt.ptit.edu.vn', '0951029967', 'NGOCTRUC', 'VT', 'DangCongTac', '2013-02-04')
ON CONFLICT (MaGV) DO NOTHING;
INSERT INTO GiangVien (MaGV, Ho, Ten, HocVi, HocHam, Email, SoDienThoai, MaCoSo, MaKhoa, TrangThai, NgayVaoLam)
VALUES ('NGOCTRUCGV024', 'Cao', 'Trang', 'ThS', 'GTV', 'cao.trang842@gv.cntt-nt.ptit.edu.vn', '0941545691', 'NGOCTRUC', 'KT', 'DangCongTac', '2014-12-06')
ON CONFLICT (MaGV) DO NOTHING;
INSERT INTO GiangVien (MaGV, Ho, Ten, HocVi, HocHam, Email, SoDienThoai, MaCoSo, MaKhoa, TrangThai, NgayVaoLam)
VALUES ('NGOCTRUCGV025', 'Nguyễn', 'Vân', 'TS', 'PGS', 'nguyen.van144@gv.cntt-nt.ptit.edu.vn', '0958182251', 'NGOCTRUC', 'KT', 'TamNghi', '2014-04-13')
ON CONFLICT (MaGV) DO NOTHING;
INSERT INTO GiangVien (MaGV, Ho, Ten, HocVi, HocHam, Email, SoDienThoai, MaCoSo, MaKhoa, TrangThai, NgayVaoLam)
VALUES ('NGOCTRUCGV026', 'Phạm', 'Liên', 'PGS', NULL, 'pham.lien781@gv.cntt-nt.ptit.edu.vn', '0974717603', 'NGOCTRUC', 'VT', 'DangCongTac', '2012-07-27')
ON CONFLICT (MaGV) DO NOTHING;
INSERT INTO GiangVien (MaGV, Ho, Ten, HocVi, HocHam, Email, SoDienThoai, MaCoSo, MaKhoa, TrangThai, NgayVaoLam)
VALUES ('NGOCTRUCGV027', 'Hoàng', 'Trọng', 'CN', 'PGS', 'hoang.trong651@gv.cntt-nt.ptit.edu.vn', '0974185532', 'NGOCTRUC', 'CNTT', 'DangCongTac', '2019-04-22')
ON CONFLICT (MaGV) DO NOTHING;
INSERT INTO GiangVien (MaGV, Ho, Ten, HocVi, HocHam, Email, SoDienThoai, MaCoSo, MaKhoa, TrangThai, NgayVaoLam)
VALUES ('NGOCTRUCGV028', 'Vương', 'Hương', 'TS', NULL, 'vuong.huong900@gv.cntt-nt.ptit.edu.vn', '0954309127', 'NGOCTRUC', 'KT', 'DangCongTac', '2022-08-15')
ON CONFLICT (MaGV) DO NOTHING;
INSERT INTO GiangVien (MaGV, Ho, Ten, HocVi, HocHam, Email, SoDienThoai, MaCoSo, MaKhoa, TrangThai, NgayVaoLam)
VALUES ('NGOCTRUCGV029', 'Mạc', 'Vân', 'TS', 'PGS', 'mac.van312@gv.cntt-nt.ptit.edu.vn', '0964197736', 'NGOCTRUC', 'KT', 'TamNghi', '2023-03-22')
ON CONFLICT (MaGV) DO NOTHING;
INSERT INTO GiangVien (MaGV, Ho, Ten, HocVi, HocHam, Email, SoDienThoai, MaCoSo, MaKhoa, TrangThai, NgayVaoLam)
VALUES ('NGOCTRUCGV030', 'Vương', 'Trọng', 'TS', 'PGS', 'vuong.trong939@gv.cntt-nt.ptit.edu.vn', '0928150578', 'NGOCTRUC', 'KT', 'DangCongTac', '2013-01-15')
ON CONFLICT (MaGV) DO NOTHING;

-- ---- PhongHoc ----
INSERT INTO PhongHoc (MaPhong, TenPhong, ToaNha, Tang, SucChua, LoaiPhong, MaCoSo, TrangThai)
VALUES ('PNG001', 'Phong 1', 'Toa A', 2, 50, 'MayTinh', 'NGOCTRUC', 'HoatDong')
ON CONFLICT (MaPhong) DO NOTHING;
INSERT INTO PhongHoc (MaPhong, TenPhong, ToaNha, Tang, SucChua, LoaiPhong, MaCoSo, TrangThai)
VALUES ('PNG002', 'Phong 2', 'Toa C', 4, 100, 'ThiNghiem', 'NGOCTRUC', 'HoatDong')
ON CONFLICT (MaPhong) DO NOTHING;
INSERT INTO PhongHoc (MaPhong, TenPhong, ToaNha, Tang, SucChua, LoaiPhong, MaCoSo, TrangThai)
VALUES ('PNG003', 'Phong 3', 'Toa A', 1, 120, 'HoiTruong', 'NGOCTRUC', 'HoatDong')
ON CONFLICT (MaPhong) DO NOTHING;
INSERT INTO PhongHoc (MaPhong, TenPhong, ToaNha, Tang, SucChua, LoaiPhong, MaCoSo, TrangThai)
VALUES ('PNG004', 'Phong 4', 'Toa D', 5, 40, 'LyThuyet', 'NGOCTRUC', 'HoatDong')
ON CONFLICT (MaPhong) DO NOTHING;
INSERT INTO PhongHoc (MaPhong, TenPhong, ToaNha, Tang, SucChua, LoaiPhong, MaCoSo, TrangThai)
VALUES ('PNG005', 'Phong 5', 'Toa D', 3, 40, 'LyThuyet', 'NGOCTRUC', 'HoatDong')
ON CONFLICT (MaPhong) DO NOTHING;
INSERT INTO PhongHoc (MaPhong, TenPhong, ToaNha, Tang, SucChua, LoaiPhong, MaCoSo, TrangThai)
VALUES ('PNG006', 'Phong 6', 'Toa D', 4, 60, 'MayTinh', 'NGOCTRUC', 'HoatDong')
ON CONFLICT (MaPhong) DO NOTHING;
INSERT INTO PhongHoc (MaPhong, TenPhong, ToaNha, Tang, SucChua, LoaiPhong, MaCoSo, TrangThai)
VALUES ('PNG007', 'Phong 7', 'Toa B', 1, 80, 'MayTinh', 'NGOCTRUC', 'HoatDong')
ON CONFLICT (MaPhong) DO NOTHING;
INSERT INTO PhongHoc (MaPhong, TenPhong, ToaNha, Tang, SucChua, LoaiPhong, MaCoSo, TrangThai)
VALUES ('PNG008', 'Phong 8', 'Toa B', 4, 30, 'LyThuyet', 'NGOCTRUC', 'HoatDong')
ON CONFLICT (MaPhong) DO NOTHING;
INSERT INTO PhongHoc (MaPhong, TenPhong, ToaNha, Tang, SucChua, LoaiPhong, MaCoSo, TrangThai)
VALUES ('PNG009', 'Phong 9', 'Toa C', 3, 120, 'ThiNghiem', 'NGOCTRUC', 'HoatDong')
ON CONFLICT (MaPhong) DO NOTHING;
INSERT INTO PhongHoc (MaPhong, TenPhong, ToaNha, Tang, SucChua, LoaiPhong, MaCoSo, TrangThai)
VALUES ('PNG010', 'Phong 10', 'Toa B', 1, 80, 'HoiTruong', 'NGOCTRUC', 'HoatDong')
ON CONFLICT (MaPhong) DO NOTHING;
INSERT INTO PhongHoc (MaPhong, TenPhong, ToaNha, Tang, SucChua, LoaiPhong, MaCoSo, TrangThai)
VALUES ('PNG011', 'Phong 11', 'Toa C', 3, 40, 'MayTinh', 'NGOCTRUC', 'HoatDong')
ON CONFLICT (MaPhong) DO NOTHING;
INSERT INTO PhongHoc (MaPhong, TenPhong, ToaNha, Tang, SucChua, LoaiPhong, MaCoSo, TrangThai)
VALUES ('PNG012', 'Phong 12', 'Toa B', 5, 80, 'ThiNghiem', 'NGOCTRUC', 'HoatDong')
ON CONFLICT (MaPhong) DO NOTHING;
INSERT INTO PhongHoc (MaPhong, TenPhong, ToaNha, Tang, SucChua, LoaiPhong, MaCoSo, TrangThai)
VALUES ('PNG013', 'Phong 13', 'Toa C', 2, 120, 'ThiNghiem', 'NGOCTRUC', 'HoatDong')
ON CONFLICT (MaPhong) DO NOTHING;
INSERT INTO PhongHoc (MaPhong, TenPhong, ToaNha, Tang, SucChua, LoaiPhong, MaCoSo, TrangThai)
VALUES ('PNG014', 'Phong 14', 'Toa C', 3, 60, 'LyThuyet', 'NGOCTRUC', 'HoatDong')
ON CONFLICT (MaPhong) DO NOTHING;
INSERT INTO PhongHoc (MaPhong, TenPhong, ToaNha, Tang, SucChua, LoaiPhong, MaCoSo, TrangThai)
VALUES ('PNG015', 'Phong 15', 'Toa B', 1, 100, 'LyThuyet', 'NGOCTRUC', 'HoatDong')
ON CONFLICT (MaPhong) DO NOTHING;
INSERT INTO PhongHoc (MaPhong, TenPhong, ToaNha, Tang, SucChua, LoaiPhong, MaCoSo, TrangThai)
VALUES ('PNG016', 'Phong 16', 'Toa B', 4, 80, 'HoiTruong', 'NGOCTRUC', 'HoatDong')
ON CONFLICT (MaPhong) DO NOTHING;
INSERT INTO PhongHoc (MaPhong, TenPhong, ToaNha, Tang, SucChua, LoaiPhong, MaCoSo, TrangThai)
VALUES ('PNG017', 'Phong 17', 'Toa C', 1, 30, 'LyThuyet', 'NGOCTRUC', 'HoatDong')
ON CONFLICT (MaPhong) DO NOTHING;
INSERT INTO PhongHoc (MaPhong, TenPhong, ToaNha, Tang, SucChua, LoaiPhong, MaCoSo, TrangThai)
VALUES ('PNG018', 'Phong 18', 'Toa D', 2, 100, 'MayTinh', 'NGOCTRUC', 'HoatDong')
ON CONFLICT (MaPhong) DO NOTHING;
INSERT INTO PhongHoc (MaPhong, TenPhong, ToaNha, Tang, SucChua, LoaiPhong, MaCoSo, TrangThai)
VALUES ('PNG019', 'Phong 19', 'Toa B', 5, 120, 'MayTinh', 'NGOCTRUC', 'HoatDong')
ON CONFLICT (MaPhong) DO NOTHING;
INSERT INTO PhongHoc (MaPhong, TenPhong, ToaNha, Tang, SucChua, LoaiPhong, MaCoSo, TrangThai)
VALUES ('PNG020', 'Phong 20', 'Toa C', 3, 40, 'ThiNghiem', 'NGOCTRUC', 'HoatDong')
ON CONFLICT (MaPhong) DO NOTHING;

-- ---- LopHocPhan ----
INSERT INTO LopHocPhan (MaLopHP, MaHP, MaHocKy, MaCoSo, MaGV, TenLopHP, SiSoToiDa, SiSoHienTai, HinhThucHoc, TrangThaiLop)
VALUES ('CS1005-NGOCTRUC-01', 'CS1005', 'HK20251', 'NGOCTRUC', 'NGOCTRUCGV013', 'CS1005-01', 10, 4, 'Offline', 'Mo')
ON CONFLICT (MaLopHP) DO NOTHING;
INSERT INTO LopHocPhan (MaLopHP, MaHP, MaHocKy, MaCoSo, MaGV, TenLopHP, SiSoToiDa, SiSoHienTai, HinhThucHoc, TrangThaiLop)
VALUES ('CS1015-NGOCTRUC-01', 'CS1015', 'HK20251', 'NGOCTRUC', 'NGOCTRUCGV009', 'CS1015-01', 12, 6, 'Offline', 'Mo')
ON CONFLICT (MaLopHP) DO NOTHING;
INSERT INTO LopHocPhan (MaLopHP, MaHP, MaHocKy, MaCoSo, MaGV, TenLopHP, SiSoToiDa, SiSoHienTai, HinhThucHoc, TrangThaiLop)
VALUES ('CS1012-NGOCTRUC-01', 'CS1012', 'HK20251', 'NGOCTRUC', 'NGOCTRUCGV019', 'CS1012-01', 10, 2, 'Hybrid', 'Mo')
ON CONFLICT (MaLopHP) DO NOTHING;
INSERT INTO LopHocPhan (MaLopHP, MaHP, MaHocKy, MaCoSo, MaGV, TenLopHP, SiSoToiDa, SiSoHienTai, HinhThucHoc, TrangThaiLop)
VALUES ('CS1002-NGOCTRUC-01', 'CS1002', 'HK20251', 'NGOCTRUC', 'NGOCTRUCGV026', 'CS1002-01', 10, 4, 'Online', 'Mo')
ON CONFLICT (MaLopHP) DO NOTHING;
INSERT INTO LopHocPhan (MaLopHP, MaHP, MaHocKy, MaCoSo, MaGV, TenLopHP, SiSoToiDa, SiSoHienTai, HinhThucHoc, TrangThaiLop)
VALUES ('CS1003-NGOCTRUC-01', 'CS1003', 'HK20251', 'NGOCTRUC', 'NGOCTRUCGV013', 'CS1003-01', 12, 4, 'Hybrid', 'Mo')
ON CONFLICT (MaLopHP) DO NOTHING;
INSERT INTO LopHocPhan (MaLopHP, MaHP, MaHocKy, MaCoSo, MaGV, TenLopHP, SiSoToiDa, SiSoHienTai, HinhThucHoc, TrangThaiLop)
VALUES ('CS1006-NGOCTRUC-01', 'CS1006', 'HK20251', 'NGOCTRUC', 'NGOCTRUCGV022', 'CS1006-01', 30, 8, 'Offline', 'Mo')
ON CONFLICT (MaLopHP) DO NOTHING;
INSERT INTO LopHocPhan (MaLopHP, MaHP, MaHocKy, MaCoSo, MaGV, TenLopHP, SiSoToiDa, SiSoHienTai, HinhThucHoc, TrangThaiLop)
VALUES ('VT2001-NGOCTRUC-01', 'VT2001', 'HK20251', 'NGOCTRUC', 'NGOCTRUCGV013', 'VT2001-01', 40, 13, 'Offline', 'Mo')
ON CONFLICT (MaLopHP) DO NOTHING;
INSERT INTO LopHocPhan (MaLopHP, MaHP, MaHocKy, MaCoSo, MaGV, TenLopHP, SiSoToiDa, SiSoHienTai, HinhThucHoc, TrangThaiLop)
VALUES ('CS1003-NGOCTRUC-02', 'CS1003', 'HK20251', 'NGOCTRUC', 'NGOCTRUCGV013', 'CS1003-02', 50, 5, 'Offline', 'Mo')
ON CONFLICT (MaLopHP) DO NOTHING;
INSERT INTO LopHocPhan (MaLopHP, MaHP, MaHocKy, MaCoSo, MaGV, TenLopHP, SiSoToiDa, SiSoHienTai, HinhThucHoc, TrangThaiLop)
VALUES ('CS1011-NGOCTRUC-01', 'CS1011', 'HK20251', 'NGOCTRUC', 'NGOCTRUCGV012', 'CS1011-01', 60, 14, 'Offline', 'Mo')
ON CONFLICT (MaLopHP) DO NOTHING;
INSERT INTO LopHocPhan (MaLopHP, MaHP, MaHocKy, MaCoSo, MaGV, TenLopHP, SiSoToiDa, SiSoHienTai, HinhThucHoc, TrangThaiLop)
VALUES ('CS1013-NGOCTRUC-01', 'CS1013', 'HK20251', 'NGOCTRUC', 'NGOCTRUCGV004', 'CS1013-01', 30, 13, 'Offline', 'Mo')
ON CONFLICT (MaLopHP) DO NOTHING;
INSERT INTO LopHocPhan (MaLopHP, MaHP, MaHocKy, MaCoSo, MaGV, TenLopHP, SiSoToiDa, SiSoHienTai, HinhThucHoc, TrangThaiLop)
VALUES ('CS1012-NGOCTRUC-02', 'CS1012', 'HK20251', 'NGOCTRUC', 'NGOCTRUCGV030', 'CS1012-02', 50, 13, 'Online', 'Mo')
ON CONFLICT (MaLopHP) DO NOTHING;
INSERT INTO LopHocPhan (MaLopHP, MaHP, MaHocKy, MaCoSo, MaGV, TenLopHP, SiSoToiDa, SiSoHienTai, HinhThucHoc, TrangThaiLop)
VALUES ('CS1005-NGOCTRUC-02', 'CS1005', 'HK20251', 'NGOCTRUC', 'NGOCTRUCGV005', 'CS1005-02', 60, 6, 'Offline', 'Mo')
ON CONFLICT (MaLopHP) DO NOTHING;
INSERT INTO LopHocPhan (MaLopHP, MaHP, MaHocKy, MaCoSo, MaGV, TenLopHP, SiSoToiDa, SiSoHienTai, HinhThucHoc, TrangThaiLop)
VALUES ('CS1012-NGOCTRUC-03', 'CS1012', 'HK20251', 'NGOCTRUC', 'NGOCTRUCGV017', 'CS1012-03', 50, 1, 'Offline', 'Mo')
ON CONFLICT (MaLopHP) DO NOTHING;
INSERT INTO LopHocPhan (MaLopHP, MaHP, MaHocKy, MaCoSo, MaGV, TenLopHP, SiSoToiDa, SiSoHienTai, HinhThucHoc, TrangThaiLop)
VALUES ('CS1011-NGOCTRUC-02', 'CS1011', 'HK20251', 'NGOCTRUC', 'NGOCTRUCGV027', 'CS1011-02', 30, 7, 'Offline', 'Mo')
ON CONFLICT (MaLopHP) DO NOTHING;
INSERT INTO LopHocPhan (MaLopHP, MaHP, MaHocKy, MaCoSo, MaGV, TenLopHP, SiSoToiDa, SiSoHienTai, HinhThucHoc, TrangThaiLop)
VALUES ('CS1007-NGOCTRUC-01', 'CS1007', 'HK20251', 'NGOCTRUC', 'NGOCTRUCGV015', 'CS1007-01', 40, 4, 'Offline', 'Mo')
ON CONFLICT (MaLopHP) DO NOTHING;
INSERT INTO LopHocPhan (MaLopHP, MaHP, MaHocKy, MaCoSo, MaGV, TenLopHP, SiSoToiDa, SiSoHienTai, HinhThucHoc, TrangThaiLop)
VALUES ('CS1004-NGOCTRUC-01', 'CS1004', 'HK20251', 'NGOCTRUC', 'NGOCTRUCGV020', 'CS1004-01', 60, 20, 'Offline', 'Mo')
ON CONFLICT (MaLopHP) DO NOTHING;
INSERT INTO LopHocPhan (MaLopHP, MaHP, MaHocKy, MaCoSo, MaGV, TenLopHP, SiSoToiDa, SiSoHienTai, HinhThucHoc, TrangThaiLop)
VALUES ('CS1002-NGOCTRUC-02', 'CS1002', 'HK20251', 'NGOCTRUC', 'NGOCTRUCGV010', 'CS1002-02', 60, 7, 'Offline', 'Mo')
ON CONFLICT (MaLopHP) DO NOTHING;
INSERT INTO LopHocPhan (MaLopHP, MaHP, MaHocKy, MaCoSo, MaGV, TenLopHP, SiSoToiDa, SiSoHienTai, HinhThucHoc, TrangThaiLop)
VALUES ('CS1014-NGOCTRUC-01', 'CS1014', 'HK20251', 'NGOCTRUC', 'NGOCTRUCGV020', 'CS1014-01', 30, 6, 'Offline', 'Mo')
ON CONFLICT (MaLopHP) DO NOTHING;
INSERT INTO LopHocPhan (MaLopHP, MaHP, MaHocKy, MaCoSo, MaGV, TenLopHP, SiSoToiDa, SiSoHienTai, HinhThucHoc, TrangThaiLop)
VALUES ('CS1007-NGOCTRUC-02', 'CS1007', 'HK20251', 'NGOCTRUC', 'NGOCTRUCGV030', 'CS1007-02', 30, 8, 'Offline', 'Mo')
ON CONFLICT (MaLopHP) DO NOTHING;
INSERT INTO LopHocPhan (MaLopHP, MaHP, MaHocKy, MaCoSo, MaGV, TenLopHP, SiSoToiDa, SiSoHienTai, HinhThucHoc, TrangThaiLop)
VALUES ('CS1004-NGOCTRUC-02', 'CS1004', 'HK20251', 'NGOCTRUC', 'NGOCTRUCGV008', 'CS1004-02', 40, 18, 'Offline', 'Mo')
ON CONFLICT (MaLopHP) DO NOTHING;
INSERT INTO LopHocPhan (MaLopHP, MaHP, MaHocKy, MaCoSo, MaGV, TenLopHP, SiSoToiDa, SiSoHienTai, HinhThucHoc, TrangThaiLop)
VALUES ('CS1002-NGOCTRUC-03', 'CS1002', 'HK20251', 'NGOCTRUC', 'NGOCTRUCGV001', 'CS1002-03', 50, 0, 'Online', 'Mo')
ON CONFLICT (MaLopHP) DO NOTHING;
INSERT INTO LopHocPhan (MaLopHP, MaHP, MaHocKy, MaCoSo, MaGV, TenLopHP, SiSoToiDa, SiSoHienTai, HinhThucHoc, TrangThaiLop)
VALUES ('CS1011-NGOCTRUC-03', 'CS1011', 'HK20251', 'NGOCTRUC', 'NGOCTRUCGV001', 'CS1011-03', 30, 6, 'Offline', 'Mo')
ON CONFLICT (MaLopHP) DO NOTHING;
INSERT INTO LopHocPhan (MaLopHP, MaHP, MaHocKy, MaCoSo, MaGV, TenLopHP, SiSoToiDa, SiSoHienTai, HinhThucHoc, TrangThaiLop)
VALUES ('CS1008-NGOCTRUC-01', 'CS1008', 'HK20251', 'NGOCTRUC', 'NGOCTRUCGV025', 'CS1008-01', 50, 11, 'Offline', 'Mo')
ON CONFLICT (MaLopHP) DO NOTHING;
INSERT INTO LopHocPhan (MaLopHP, MaHP, MaHocKy, MaCoSo, MaGV, TenLopHP, SiSoToiDa, SiSoHienTai, HinhThucHoc, TrangThaiLop)
VALUES ('CS1001-NGOCTRUC-01', 'CS1001', 'HK20251', 'NGOCTRUC', 'NGOCTRUCGV008', 'CS1001-01', 40, 15, 'Hybrid', 'Mo')
ON CONFLICT (MaLopHP) DO NOTHING;
INSERT INTO LopHocPhan (MaLopHP, MaHP, MaHocKy, MaCoSo, MaGV, TenLopHP, SiSoToiDa, SiSoHienTai, HinhThucHoc, TrangThaiLop)
VALUES ('CS1001-NGOCTRUC-02', 'CS1001', 'HK20251', 'NGOCTRUC', 'NGOCTRUCGV008', 'CS1001-02', 60, 14, 'Offline', 'Mo')
ON CONFLICT (MaLopHP) DO NOTHING;

-- ---- LichHoc ----
INSERT INTO LichHoc (MaLich, MaLopHP, MaPhong, ThuTrongTuan, TietBatDau, SoTiet, NgayBatDau, NgayKetThuc)
VALUES ('LNG0001', 'CS1005-NGOCTRUC-01', 'PNG004', 7, 10, 2, '2025-09-01', '2025-12-31')
ON CONFLICT (MaLich) DO NOTHING;
INSERT INTO LichHoc (MaLich, MaLopHP, MaPhong, ThuTrongTuan, TietBatDau, SoTiet, NgayBatDau, NgayKetThuc)
VALUES ('LNG0002', 'CS1005-NGOCTRUC-01', 'PNG017', 3, 7, 2, '2025-09-01', '2025-12-31')
ON CONFLICT (MaLich) DO NOTHING;
INSERT INTO LichHoc (MaLich, MaLopHP, MaPhong, ThuTrongTuan, TietBatDau, SoTiet, NgayBatDau, NgayKetThuc)
VALUES ('LNG0003', 'CS1015-NGOCTRUC-01', 'PNG005', 4, 7, 2, '2025-09-01', '2025-12-31')
ON CONFLICT (MaLich) DO NOTHING;
INSERT INTO LichHoc (MaLich, MaLopHP, MaPhong, ThuTrongTuan, TietBatDau, SoTiet, NgayBatDau, NgayKetThuc)
VALUES ('LNG0004', 'CS1015-NGOCTRUC-01', 'PNG020', 3, 4, 4, '2025-09-01', '2025-12-31')
ON CONFLICT (MaLich) DO NOTHING;
INSERT INTO LichHoc (MaLich, MaLopHP, MaPhong, ThuTrongTuan, TietBatDau, SoTiet, NgayBatDau, NgayKetThuc)
VALUES ('LNG0005', 'CS1015-NGOCTRUC-01', 'PNG013', 7, 4, 2, '2025-09-01', '2025-12-31')
ON CONFLICT (MaLich) DO NOTHING;
INSERT INTO LichHoc (MaLich, MaLopHP, MaPhong, ThuTrongTuan, TietBatDau, SoTiet, NgayBatDau, NgayKetThuc)
VALUES ('LNG0006', 'CS1012-NGOCTRUC-01', 'PNG008', 2, 7, 2, '2025-09-01', '2025-12-31')
ON CONFLICT (MaLich) DO NOTHING;
INSERT INTO LichHoc (MaLich, MaLopHP, MaPhong, ThuTrongTuan, TietBatDau, SoTiet, NgayBatDau, NgayKetThuc)
VALUES ('LNG0007', 'CS1012-NGOCTRUC-01', 'PNG014', 6, 10, 3, '2025-09-01', '2025-12-31')
ON CONFLICT (MaLich) DO NOTHING;
INSERT INTO LichHoc (MaLich, MaLopHP, MaPhong, ThuTrongTuan, TietBatDau, SoTiet, NgayBatDau, NgayKetThuc)
VALUES ('LNG0008', 'CS1012-NGOCTRUC-01', 'PNG017', 6, 4, 3, '2025-09-01', '2025-12-31')
ON CONFLICT (MaLich) DO NOTHING;
INSERT INTO LichHoc (MaLich, MaLopHP, MaPhong, ThuTrongTuan, TietBatDau, SoTiet, NgayBatDau, NgayKetThuc)
VALUES ('LNG0009', 'CS1002-NGOCTRUC-01', 'PNG015', 5, 7, 2, '2025-09-01', '2025-12-31')
ON CONFLICT (MaLich) DO NOTHING;
INSERT INTO LichHoc (MaLich, MaLopHP, MaPhong, ThuTrongTuan, TietBatDau, SoTiet, NgayBatDau, NgayKetThuc)
VALUES ('LNG0010', 'CS1002-NGOCTRUC-01', 'PNG011', 4, 4, 4, '2025-09-01', '2025-12-31')
ON CONFLICT (MaLich) DO NOTHING;
INSERT INTO LichHoc (MaLich, MaLopHP, MaPhong, ThuTrongTuan, TietBatDau, SoTiet, NgayBatDau, NgayKetThuc)
VALUES ('LNG0011', 'CS1002-NGOCTRUC-01', 'PNG017', 7, 10, 4, '2025-09-01', '2025-12-31')
ON CONFLICT (MaLich) DO NOTHING;
INSERT INTO LichHoc (MaLich, MaLopHP, MaPhong, ThuTrongTuan, TietBatDau, SoTiet, NgayBatDau, NgayKetThuc)
VALUES ('LNG0012', 'CS1003-NGOCTRUC-01', 'PNG009', 4, 10, 3, '2025-09-01', '2025-12-31')
ON CONFLICT (MaLich) DO NOTHING;
INSERT INTO LichHoc (MaLich, MaLopHP, MaPhong, ThuTrongTuan, TietBatDau, SoTiet, NgayBatDau, NgayKetThuc)
VALUES ('LNG0013', 'CS1003-NGOCTRUC-01', 'PNG003', 3, 4, 4, '2025-09-01', '2025-12-31')
ON CONFLICT (MaLich) DO NOTHING;
INSERT INTO LichHoc (MaLich, MaLopHP, MaPhong, ThuTrongTuan, TietBatDau, SoTiet, NgayBatDau, NgayKetThuc)
VALUES ('LNG0014', 'CS1003-NGOCTRUC-01', 'PNG007', 4, 10, 2, '2025-09-01', '2025-12-31')
ON CONFLICT (MaLich) DO NOTHING;
INSERT INTO LichHoc (MaLich, MaLopHP, MaPhong, ThuTrongTuan, TietBatDau, SoTiet, NgayBatDau, NgayKetThuc)
VALUES ('LNG0015', 'CS1006-NGOCTRUC-01', 'PNG007', 3, 1, 4, '2025-09-01', '2025-12-31')
ON CONFLICT (MaLich) DO NOTHING;
INSERT INTO LichHoc (MaLich, MaLopHP, MaPhong, ThuTrongTuan, TietBatDau, SoTiet, NgayBatDau, NgayKetThuc)
VALUES ('LNG0016', 'CS1006-NGOCTRUC-01', 'PNG002', 4, 7, 4, '2025-09-01', '2025-12-31')
ON CONFLICT (MaLich) DO NOTHING;
INSERT INTO LichHoc (MaLich, MaLopHP, MaPhong, ThuTrongTuan, TietBatDau, SoTiet, NgayBatDau, NgayKetThuc)
VALUES ('LNG0017', 'VT2001-NGOCTRUC-01', 'PNG008', 2, 10, 2, '2025-09-01', '2025-12-31')
ON CONFLICT (MaLich) DO NOTHING;
INSERT INTO LichHoc (MaLich, MaLopHP, MaPhong, ThuTrongTuan, TietBatDau, SoTiet, NgayBatDau, NgayKetThuc)
VALUES ('LNG0018', 'VT2001-NGOCTRUC-01', 'PNG011', 4, 4, 4, '2025-09-01', '2025-12-31')
ON CONFLICT (MaLich) DO NOTHING;
INSERT INTO LichHoc (MaLich, MaLopHP, MaPhong, ThuTrongTuan, TietBatDau, SoTiet, NgayBatDau, NgayKetThuc)
VALUES ('LNG0019', 'CS1003-NGOCTRUC-02', 'PNG002', 3, 10, 3, '2025-09-01', '2025-12-31')
ON CONFLICT (MaLich) DO NOTHING;
INSERT INTO LichHoc (MaLich, MaLopHP, MaPhong, ThuTrongTuan, TietBatDau, SoTiet, NgayBatDau, NgayKetThuc)
VALUES ('LNG0020', 'CS1003-NGOCTRUC-02', 'PNG013', 5, 1, 4, '2025-09-01', '2025-12-31')
ON CONFLICT (MaLich) DO NOTHING;
INSERT INTO LichHoc (MaLich, MaLopHP, MaPhong, ThuTrongTuan, TietBatDau, SoTiet, NgayBatDau, NgayKetThuc)
VALUES ('LNG0021', 'CS1011-NGOCTRUC-01', 'PNG013', 2, 10, 3, '2025-09-01', '2025-12-31')
ON CONFLICT (MaLich) DO NOTHING;
INSERT INTO LichHoc (MaLich, MaLopHP, MaPhong, ThuTrongTuan, TietBatDau, SoTiet, NgayBatDau, NgayKetThuc)
VALUES ('LNG0022', 'CS1011-NGOCTRUC-01', 'PNG004', 7, 10, 2, '2025-09-01', '2025-12-31')
ON CONFLICT (MaLich) DO NOTHING;
INSERT INTO LichHoc (MaLich, MaLopHP, MaPhong, ThuTrongTuan, TietBatDau, SoTiet, NgayBatDau, NgayKetThuc)
VALUES ('LNG0023', 'CS1013-NGOCTRUC-01', 'PNG020', 6, 1, 2, '2025-09-01', '2025-12-31')
ON CONFLICT (MaLich) DO NOTHING;
INSERT INTO LichHoc (MaLich, MaLopHP, MaPhong, ThuTrongTuan, TietBatDau, SoTiet, NgayBatDau, NgayKetThuc)
VALUES ('LNG0024', 'CS1013-NGOCTRUC-01', 'PNG014', 5, 1, 2, '2025-09-01', '2025-12-31')
ON CONFLICT (MaLich) DO NOTHING;
INSERT INTO LichHoc (MaLich, MaLopHP, MaPhong, ThuTrongTuan, TietBatDau, SoTiet, NgayBatDau, NgayKetThuc)
VALUES ('LNG0025', 'CS1013-NGOCTRUC-01', 'PNG019', 6, 4, 2, '2025-09-01', '2025-12-31')
ON CONFLICT (MaLich) DO NOTHING;
INSERT INTO LichHoc (MaLich, MaLopHP, MaPhong, ThuTrongTuan, TietBatDau, SoTiet, NgayBatDau, NgayKetThuc)
VALUES ('LNG0026', 'CS1012-NGOCTRUC-02', 'PNG011', 6, 10, 2, '2025-09-01', '2025-12-31')
ON CONFLICT (MaLich) DO NOTHING;
INSERT INTO LichHoc (MaLich, MaLopHP, MaPhong, ThuTrongTuan, TietBatDau, SoTiet, NgayBatDau, NgayKetThuc)
VALUES ('LNG0027', 'CS1012-NGOCTRUC-02', 'PNG016', 4, 10, 2, '2025-09-01', '2025-12-31')
ON CONFLICT (MaLich) DO NOTHING;
INSERT INTO LichHoc (MaLich, MaLopHP, MaPhong, ThuTrongTuan, TietBatDau, SoTiet, NgayBatDau, NgayKetThuc)
VALUES ('LNG0028', 'CS1012-NGOCTRUC-02', 'PNG001', 4, 10, 3, '2025-09-01', '2025-12-31')
ON CONFLICT (MaLich) DO NOTHING;
INSERT INTO LichHoc (MaLich, MaLopHP, MaPhong, ThuTrongTuan, TietBatDau, SoTiet, NgayBatDau, NgayKetThuc)
VALUES ('LNG0029', 'CS1005-NGOCTRUC-02', 'PNG007', 4, 7, 3, '2025-09-01', '2025-12-31')
ON CONFLICT (MaLich) DO NOTHING;
INSERT INTO LichHoc (MaLich, MaLopHP, MaPhong, ThuTrongTuan, TietBatDau, SoTiet, NgayBatDau, NgayKetThuc)
VALUES ('LNG0030', 'CS1005-NGOCTRUC-02', 'PNG005', 5, 4, 4, '2025-09-01', '2025-12-31')
ON CONFLICT (MaLich) DO NOTHING;
INSERT INTO LichHoc (MaLich, MaLopHP, MaPhong, ThuTrongTuan, TietBatDau, SoTiet, NgayBatDau, NgayKetThuc)
VALUES ('LNG0031', 'CS1005-NGOCTRUC-02', 'PNG011', 2, 1, 2, '2025-09-01', '2025-12-31')
ON CONFLICT (MaLich) DO NOTHING;
INSERT INTO LichHoc (MaLich, MaLopHP, MaPhong, ThuTrongTuan, TietBatDau, SoTiet, NgayBatDau, NgayKetThuc)
VALUES ('LNG0032', 'CS1012-NGOCTRUC-03', 'PNG004', 2, 7, 4, '2025-09-01', '2025-12-31')
ON CONFLICT (MaLich) DO NOTHING;
INSERT INTO LichHoc (MaLich, MaLopHP, MaPhong, ThuTrongTuan, TietBatDau, SoTiet, NgayBatDau, NgayKetThuc)
VALUES ('LNG0033', 'CS1012-NGOCTRUC-03', 'PNG011', 7, 4, 4, '2025-09-01', '2025-12-31')
ON CONFLICT (MaLich) DO NOTHING;
INSERT INTO LichHoc (MaLich, MaLopHP, MaPhong, ThuTrongTuan, TietBatDau, SoTiet, NgayBatDau, NgayKetThuc)
VALUES ('LNG0034', 'CS1012-NGOCTRUC-03', 'PNG017', 3, 10, 2, '2025-09-01', '2025-12-31')
ON CONFLICT (MaLich) DO NOTHING;
INSERT INTO LichHoc (MaLich, MaLopHP, MaPhong, ThuTrongTuan, TietBatDau, SoTiet, NgayBatDau, NgayKetThuc)
VALUES ('LNG0035', 'CS1011-NGOCTRUC-02', 'PNG018', 4, 1, 3, '2025-09-01', '2025-12-31')
ON CONFLICT (MaLich) DO NOTHING;
INSERT INTO LichHoc (MaLich, MaLopHP, MaPhong, ThuTrongTuan, TietBatDau, SoTiet, NgayBatDau, NgayKetThuc)
VALUES ('LNG0036', 'CS1011-NGOCTRUC-02', 'PNG013', 7, 7, 2, '2025-09-01', '2025-12-31')
ON CONFLICT (MaLich) DO NOTHING;
INSERT INTO LichHoc (MaLich, MaLopHP, MaPhong, ThuTrongTuan, TietBatDau, SoTiet, NgayBatDau, NgayKetThuc)
VALUES ('LNG0037', 'CS1007-NGOCTRUC-01', 'PNG010', 4, 1, 3, '2025-09-01', '2025-12-31')
ON CONFLICT (MaLich) DO NOTHING;
INSERT INTO LichHoc (MaLich, MaLopHP, MaPhong, ThuTrongTuan, TietBatDau, SoTiet, NgayBatDau, NgayKetThuc)
VALUES ('LNG0038', 'CS1007-NGOCTRUC-01', 'PNG014', 5, 4, 2, '2025-09-01', '2025-12-31')
ON CONFLICT (MaLich) DO NOTHING;
INSERT INTO LichHoc (MaLich, MaLopHP, MaPhong, ThuTrongTuan, TietBatDau, SoTiet, NgayBatDau, NgayKetThuc)
VALUES ('LNG0039', 'CS1007-NGOCTRUC-01', 'PNG007', 2, 1, 4, '2025-09-01', '2025-12-31')
ON CONFLICT (MaLich) DO NOTHING;
INSERT INTO LichHoc (MaLich, MaLopHP, MaPhong, ThuTrongTuan, TietBatDau, SoTiet, NgayBatDau, NgayKetThuc)
VALUES ('LNG0040', 'CS1004-NGOCTRUC-01', 'PNG016', 2, 7, 2, '2025-09-01', '2025-12-31')
ON CONFLICT (MaLich) DO NOTHING;
INSERT INTO LichHoc (MaLich, MaLopHP, MaPhong, ThuTrongTuan, TietBatDau, SoTiet, NgayBatDau, NgayKetThuc)
VALUES ('LNG0041', 'CS1004-NGOCTRUC-01', 'PNG013', 2, 7, 3, '2025-09-01', '2025-12-31')
ON CONFLICT (MaLich) DO NOTHING;
INSERT INTO LichHoc (MaLich, MaLopHP, MaPhong, ThuTrongTuan, TietBatDau, SoTiet, NgayBatDau, NgayKetThuc)
VALUES ('LNG0042', 'CS1002-NGOCTRUC-02', 'PNG009', 7, 1, 2, '2025-09-01', '2025-12-31')
ON CONFLICT (MaLich) DO NOTHING;
INSERT INTO LichHoc (MaLich, MaLopHP, MaPhong, ThuTrongTuan, TietBatDau, SoTiet, NgayBatDau, NgayKetThuc)
VALUES ('LNG0043', 'CS1002-NGOCTRUC-02', 'PNG001', 6, 4, 2, '2025-09-01', '2025-12-31')
ON CONFLICT (MaLich) DO NOTHING;
INSERT INTO LichHoc (MaLich, MaLopHP, MaPhong, ThuTrongTuan, TietBatDau, SoTiet, NgayBatDau, NgayKetThuc)
VALUES ('LNG0044', 'CS1014-NGOCTRUC-01', 'PNG017', 4, 1, 3, '2025-09-01', '2025-12-31')
ON CONFLICT (MaLich) DO NOTHING;
INSERT INTO LichHoc (MaLich, MaLopHP, MaPhong, ThuTrongTuan, TietBatDau, SoTiet, NgayBatDau, NgayKetThuc)
VALUES ('LNG0045', 'CS1014-NGOCTRUC-01', 'PNG010', 5, 1, 3, '2025-09-01', '2025-12-31')
ON CONFLICT (MaLich) DO NOTHING;
INSERT INTO LichHoc (MaLich, MaLopHP, MaPhong, ThuTrongTuan, TietBatDau, SoTiet, NgayBatDau, NgayKetThuc)
VALUES ('LNG0046', 'CS1014-NGOCTRUC-01', 'PNG019', 5, 1, 2, '2025-09-01', '2025-12-31')
ON CONFLICT (MaLich) DO NOTHING;
INSERT INTO LichHoc (MaLich, MaLopHP, MaPhong, ThuTrongTuan, TietBatDau, SoTiet, NgayBatDau, NgayKetThuc)
VALUES ('LNG0047', 'CS1007-NGOCTRUC-02', 'PNG002', 5, 1, 3, '2025-09-01', '2025-12-31')
ON CONFLICT (MaLich) DO NOTHING;
INSERT INTO LichHoc (MaLich, MaLopHP, MaPhong, ThuTrongTuan, TietBatDau, SoTiet, NgayBatDau, NgayKetThuc)
VALUES ('LNG0048', 'CS1007-NGOCTRUC-02', 'PNG019', 6, 1, 3, '2025-09-01', '2025-12-31')
ON CONFLICT (MaLich) DO NOTHING;
INSERT INTO LichHoc (MaLich, MaLopHP, MaPhong, ThuTrongTuan, TietBatDau, SoTiet, NgayBatDau, NgayKetThuc)
VALUES ('LNG0049', 'CS1007-NGOCTRUC-02', 'PNG010', 7, 4, 4, '2025-09-01', '2025-12-31')
ON CONFLICT (MaLich) DO NOTHING;
INSERT INTO LichHoc (MaLich, MaLopHP, MaPhong, ThuTrongTuan, TietBatDau, SoTiet, NgayBatDau, NgayKetThuc)
VALUES ('LNG0050', 'CS1004-NGOCTRUC-02', 'PNG020', 2, 4, 2, '2025-09-01', '2025-12-31')
ON CONFLICT (MaLich) DO NOTHING;
INSERT INTO LichHoc (MaLich, MaLopHP, MaPhong, ThuTrongTuan, TietBatDau, SoTiet, NgayBatDau, NgayKetThuc)
VALUES ('LNG0051', 'CS1004-NGOCTRUC-02', 'PNG019', 4, 4, 3, '2025-09-01', '2025-12-31')
ON CONFLICT (MaLich) DO NOTHING;
INSERT INTO LichHoc (MaLich, MaLopHP, MaPhong, ThuTrongTuan, TietBatDau, SoTiet, NgayBatDau, NgayKetThuc)
VALUES ('LNG0052', 'CS1002-NGOCTRUC-03', 'PNG018', 7, 4, 4, '2025-09-01', '2025-12-31')
ON CONFLICT (MaLich) DO NOTHING;
INSERT INTO LichHoc (MaLich, MaLopHP, MaPhong, ThuTrongTuan, TietBatDau, SoTiet, NgayBatDau, NgayKetThuc)
VALUES ('LNG0053', 'CS1002-NGOCTRUC-03', 'PNG016', 5, 4, 3, '2025-09-01', '2025-12-31')
ON CONFLICT (MaLich) DO NOTHING;
INSERT INTO LichHoc (MaLich, MaLopHP, MaPhong, ThuTrongTuan, TietBatDau, SoTiet, NgayBatDau, NgayKetThuc)
VALUES ('LNG0054', 'CS1002-NGOCTRUC-03', 'PNG007', 6, 7, 2, '2025-09-01', '2025-12-31')
ON CONFLICT (MaLich) DO NOTHING;
INSERT INTO LichHoc (MaLich, MaLopHP, MaPhong, ThuTrongTuan, TietBatDau, SoTiet, NgayBatDau, NgayKetThuc)
VALUES ('LNG0055', 'CS1011-NGOCTRUC-03', 'PNG014', 2, 7, 2, '2025-09-01', '2025-12-31')
ON CONFLICT (MaLich) DO NOTHING;
INSERT INTO LichHoc (MaLich, MaLopHP, MaPhong, ThuTrongTuan, TietBatDau, SoTiet, NgayBatDau, NgayKetThuc)
VALUES ('LNG0056', 'CS1011-NGOCTRUC-03', 'PNG018', 3, 1, 4, '2025-09-01', '2025-12-31')
ON CONFLICT (MaLich) DO NOTHING;
INSERT INTO LichHoc (MaLich, MaLopHP, MaPhong, ThuTrongTuan, TietBatDau, SoTiet, NgayBatDau, NgayKetThuc)
VALUES ('LNG0057', 'CS1011-NGOCTRUC-03', 'PNG010', 2, 7, 4, '2025-09-01', '2025-12-31')
ON CONFLICT (MaLich) DO NOTHING;
INSERT INTO LichHoc (MaLich, MaLopHP, MaPhong, ThuTrongTuan, TietBatDau, SoTiet, NgayBatDau, NgayKetThuc)
VALUES ('LNG0058', 'CS1008-NGOCTRUC-01', 'PNG016', 7, 7, 2, '2025-09-01', '2025-12-31')
ON CONFLICT (MaLich) DO NOTHING;
INSERT INTO LichHoc (MaLich, MaLopHP, MaPhong, ThuTrongTuan, TietBatDau, SoTiet, NgayBatDau, NgayKetThuc)
VALUES ('LNG0059', 'CS1008-NGOCTRUC-01', 'PNG010', 4, 10, 4, '2025-09-01', '2025-12-31')
ON CONFLICT (MaLich) DO NOTHING;
INSERT INTO LichHoc (MaLich, MaLopHP, MaPhong, ThuTrongTuan, TietBatDau, SoTiet, NgayBatDau, NgayKetThuc)
VALUES ('LNG0060', 'CS1008-NGOCTRUC-01', 'PNG019', 3, 4, 2, '2025-09-01', '2025-12-31')
ON CONFLICT (MaLich) DO NOTHING;
INSERT INTO LichHoc (MaLich, MaLopHP, MaPhong, ThuTrongTuan, TietBatDau, SoTiet, NgayBatDau, NgayKetThuc)
VALUES ('LNG0061', 'CS1001-NGOCTRUC-01', 'PNG016', 2, 7, 2, '2025-09-01', '2025-12-31')
ON CONFLICT (MaLich) DO NOTHING;
INSERT INTO LichHoc (MaLich, MaLopHP, MaPhong, ThuTrongTuan, TietBatDau, SoTiet, NgayBatDau, NgayKetThuc)
VALUES ('LNG0062', 'CS1001-NGOCTRUC-01', 'PNG014', 5, 7, 2, '2025-09-01', '2025-12-31')
ON CONFLICT (MaLich) DO NOTHING;
INSERT INTO LichHoc (MaLich, MaLopHP, MaPhong, ThuTrongTuan, TietBatDau, SoTiet, NgayBatDau, NgayKetThuc)
VALUES ('LNG0063', 'CS1001-NGOCTRUC-01', 'PNG001', 3, 1, 3, '2025-09-01', '2025-12-31')
ON CONFLICT (MaLich) DO NOTHING;
INSERT INTO LichHoc (MaLich, MaLopHP, MaPhong, ThuTrongTuan, TietBatDau, SoTiet, NgayBatDau, NgayKetThuc)
VALUES ('LNG0064', 'CS1001-NGOCTRUC-02', 'PNG017', 7, 7, 2, '2025-09-01', '2025-12-31')
ON CONFLICT (MaLich) DO NOTHING;
INSERT INTO LichHoc (MaLich, MaLopHP, MaPhong, ThuTrongTuan, TietBatDau, SoTiet, NgayBatDau, NgayKetThuc)
VALUES ('LNG0065', 'CS1001-NGOCTRUC-02', 'PNG012', 2, 10, 2, '2025-09-01', '2025-12-31')
ON CONFLICT (MaLich) DO NOTHING;
