-- ============================================================
-- DỮ LIỆU CỤC BỘ - Site NGOCTRUC (Cơ sở Ngọc Trục)
-- Sinh: 2026-04-16 18:49:57
-- ============================================================

-- ---- users (SinhVien) ----
INSERT INTO "users" ("userId", "username", "password", "email", "role", "MaCoSo", "status")
VALUES ('NGOCTRUCSV0001U', 'sv_ngoctrucsv0001', 'hashed_default_pass_123', 'trinh.thanh763@ptit.edu.vn', 'SinhVien', 'NGOCTRUC', 'Active')
ON CONFLICT ("userId") DO NOTHING;
INSERT INTO "users" ("userId", "username", "password", "email", "role", "MaCoSo", "status")
VALUES ('NGOCTRUCSV0002U', 'sv_ngoctrucsv0002', 'hashed_default_pass_123', 'nguyen.nam379@ptit.edu.vn', 'SinhVien', 'NGOCTRUC', 'Active')
ON CONFLICT ("userId") DO NOTHING;
INSERT INTO "users" ("userId", "username", "password", "email", "role", "MaCoSo", "status")
VALUES ('NGOCTRUCSV0003U', 'sv_ngoctrucsv0003', 'hashed_default_pass_123', 'le.linh123@ptit.edu.vn', 'SinhVien', 'NGOCTRUC', 'Active')
ON CONFLICT ("userId") DO NOTHING;
INSERT INTO "users" ("userId", "username", "password", "email", "role", "MaCoSo", "status")
VALUES ('NGOCTRUCSV0004U', 'sv_ngoctrucsv0004', 'hashed_default_pass_123', 'pham.an461@ptit.edu.vn', 'SinhVien', 'NGOCTRUC', 'Active')
ON CONFLICT ("userId") DO NOTHING;
INSERT INTO "users" ("userId", "username", "password", "email", "role", "MaCoSo", "status")
VALUES ('NGOCTRUCSV0005U', 'sv_ngoctrucsv0005', 'hashed_default_pass_123', 'luu.thi291@ptit.edu.vn', 'SinhVien', 'NGOCTRUC', 'Active')
ON CONFLICT ("userId") DO NOTHING;
INSERT INTO "users" ("userId", "username", "password", "email", "role", "MaCoSo", "status")
VALUES ('NGOCTRUCSV0006U', 'sv_ngoctrucsv0006', 'hashed_default_pass_123', 'ho.bao144@ptit.edu.vn', 'SinhVien', 'NGOCTRUC', 'Active')
ON CONFLICT ("userId") DO NOTHING;
INSERT INTO "users" ("userId", "username", "password", "email", "role", "MaCoSo", "status")
VALUES ('NGOCTRUCSV0007U', 'sv_ngoctrucsv0007', 'hashed_default_pass_123', 'le.anh840@ptit.edu.vn', 'SinhVien', 'NGOCTRUC', 'Active')
ON CONFLICT ("userId") DO NOTHING;
INSERT INTO "users" ("userId", "username", "password", "email", "role", "MaCoSo", "status")
VALUES ('NGOCTRUCSV0008U', 'sv_ngoctrucsv0008', 'hashed_default_pass_123', 'pham.tham810@ptit.edu.vn', 'SinhVien', 'NGOCTRUC', 'Active')
ON CONFLICT ("userId") DO NOTHING;
INSERT INTO "users" ("userId", "username", "password", "email", "role", "MaCoSo", "status")
VALUES ('NGOCTRUCSV0009U', 'sv_ngoctrucsv0009', 'hashed_default_pass_123', 'ho.an148@ptit.edu.vn', 'SinhVien', 'NGOCTRUC', 'Active')
ON CONFLICT ("userId") DO NOTHING;
INSERT INTO "users" ("userId", "username", "password", "email", "role", "MaCoSo", "status")
VALUES ('NGOCTRUCSV0010U', 'sv_ngoctrucsv0010', 'hashed_default_pass_123', 'cao.cuong396@ptit.edu.vn', 'SinhVien', 'NGOCTRUC', 'Active')
ON CONFLICT ("userId") DO NOTHING;
INSERT INTO "users" ("userId", "username", "password", "email", "role", "MaCoSo", "status")
VALUES ('NGOCTRUCSV0011U', 'sv_ngoctrucsv0011', 'hashed_default_pass_123', 'le.lien52@ptit.edu.vn', 'SinhVien', 'NGOCTRUC', 'Active')
ON CONFLICT ("userId") DO NOTHING;
INSERT INTO "users" ("userId", "username", "password", "email", "role", "MaCoSo", "status")
VALUES ('NGOCTRUCSV0012U', 'sv_ngoctrucsv0012', 'hashed_default_pass_123', 'duong.lan904@ptit.edu.vn', 'SinhVien', 'NGOCTRUC', 'Active')
ON CONFLICT ("userId") DO NOTHING;
INSERT INTO "users" ("userId", "username", "password", "email", "role", "MaCoSo", "status")
VALUES ('NGOCTRUCSV0013U', 'sv_ngoctrucsv0013', 'hashed_default_pass_123', 'pham.quynh411@ptit.edu.vn', 'SinhVien', 'NGOCTRUC', 'Active')
ON CONFLICT ("userId") DO NOTHING;
INSERT INTO "users" ("userId", "username", "password", "email", "role", "MaCoSo", "status")
VALUES ('NGOCTRUCSV0014U', 'sv_ngoctrucsv0014', 'hashed_default_pass_123', 'dang.mai744@ptit.edu.vn', 'SinhVien', 'NGOCTRUC', 'Active')
ON CONFLICT ("userId") DO NOTHING;
INSERT INTO "users" ("userId", "username", "password", "email", "role", "MaCoSo", "status")
VALUES ('NGOCTRUCSV0015U', 'sv_ngoctrucsv0015', 'hashed_default_pass_123', 'mac.giang906@ptit.edu.vn', 'SinhVien', 'NGOCTRUC', 'Active')
ON CONFLICT ("userId") DO NOTHING;
INSERT INTO "users" ("userId", "username", "password", "email", "role", "MaCoSo", "status")
VALUES ('NGOCTRUCSV0016U', 'sv_ngoctrucsv0016', 'hashed_default_pass_123', 'dang.tien211@ptit.edu.vn', 'SinhVien', 'NGOCTRUC', 'Active')
ON CONFLICT ("userId") DO NOTHING;
INSERT INTO "users" ("userId", "username", "password", "email", "role", "MaCoSo", "status")
VALUES ('NGOCTRUCSV0017U', 'sv_ngoctrucsv0017', 'hashed_default_pass_123', 'vuong.nga894@ptit.edu.vn', 'SinhVien', 'NGOCTRUC', 'Active')
ON CONFLICT ("userId") DO NOTHING;
INSERT INTO "users" ("userId", "username", "password", "email", "role", "MaCoSo", "status")
VALUES ('NGOCTRUCSV0018U', 'sv_ngoctrucsv0018', 'hashed_default_pass_123', 'vu.nga984@ptit.edu.vn', 'SinhVien', 'NGOCTRUC', 'Active')
ON CONFLICT ("userId") DO NOTHING;
INSERT INTO "users" ("userId", "username", "password", "email", "role", "MaCoSo", "status")
VALUES ('NGOCTRUCSV0019U', 'sv_ngoctrucsv0019', 'hashed_default_pass_123', 'phan.an436@ptit.edu.vn', 'SinhVien', 'NGOCTRUC', 'Active')
ON CONFLICT ("userId") DO NOTHING;
INSERT INTO "users" ("userId", "username", "password", "email", "role", "MaCoSo", "status")
VALUES ('NGOCTRUCSV0020U', 'sv_ngoctrucsv0020', 'hashed_default_pass_123', 'huynh.thuy580@ptit.edu.vn', 'SinhVien', 'NGOCTRUC', 'Active')
ON CONFLICT ("userId") DO NOTHING;
INSERT INTO "users" ("userId", "username", "password", "email", "role", "MaCoSo", "status")
VALUES ('NGOCTRUCSV0021U', 'sv_ngoctrucsv0021', 'hashed_default_pass_123', 'cao.cuong631@ptit.edu.vn', 'SinhVien', 'NGOCTRUC', 'Active')
ON CONFLICT ("userId") DO NOTHING;
INSERT INTO "users" ("userId", "username", "password", "email", "role", "MaCoSo", "status")
VALUES ('NGOCTRUCSV0022U', 'sv_ngoctrucsv0022', 'hashed_default_pass_123', 'le.an277@ptit.edu.vn', 'SinhVien', 'NGOCTRUC', 'Active')
ON CONFLICT ("userId") DO NOTHING;
INSERT INTO "users" ("userId", "username", "password", "email", "role", "MaCoSo", "status")
VALUES ('NGOCTRUCSV0023U', 'sv_ngoctrucsv0023', 'hashed_default_pass_123', 'luu.lan174@ptit.edu.vn', 'SinhVien', 'NGOCTRUC', 'Active')
ON CONFLICT ("userId") DO NOTHING;
INSERT INTO "users" ("userId", "username", "password", "email", "role", "MaCoSo", "status")
VALUES ('NGOCTRUCSV0024U', 'sv_ngoctrucsv0024', 'hashed_default_pass_123', 'vuong.phat57@ptit.edu.vn', 'SinhVien', 'NGOCTRUC', 'Active')
ON CONFLICT ("userId") DO NOTHING;
INSERT INTO "users" ("userId", "username", "password", "email", "role", "MaCoSo", "status")
VALUES ('NGOCTRUCSV0025U', 'sv_ngoctrucsv0025', 'hashed_default_pass_123', 'dang.thi783@ptit.edu.vn', 'SinhVien', 'NGOCTRUC', 'Active')
ON CONFLICT ("userId") DO NOTHING;
INSERT INTO "users" ("userId", "username", "password", "email", "role", "MaCoSo", "status")
VALUES ('NGOCTRUCSV0026U', 'sv_ngoctrucsv0026', 'hashed_default_pass_123', 'ly.giang461@ptit.edu.vn', 'SinhVien', 'NGOCTRUC', 'Active')
ON CONFLICT ("userId") DO NOTHING;
INSERT INTO "users" ("userId", "username", "password", "email", "role", "MaCoSo", "status")
VALUES ('NGOCTRUCSV0027U', 'sv_ngoctrucsv0027', 'hashed_default_pass_123', 'truong.hung586@ptit.edu.vn', 'SinhVien', 'NGOCTRUC', 'Active')
ON CONFLICT ("userId") DO NOTHING;
INSERT INTO "users" ("userId", "username", "password", "email", "role", "MaCoSo", "status")
VALUES ('NGOCTRUCSV0028U', 'sv_ngoctrucsv0028', 'hashed_default_pass_123', 'ngo.tri327@ptit.edu.vn', 'SinhVien', 'NGOCTRUC', 'Active')
ON CONFLICT ("userId") DO NOTHING;
INSERT INTO "users" ("userId", "username", "password", "email", "role", "MaCoSo", "status")
VALUES ('NGOCTRUCSV0029U', 'sv_ngoctrucsv0029', 'hashed_default_pass_123', 'do.phat997@ptit.edu.vn', 'SinhVien', 'NGOCTRUC', 'Active')
ON CONFLICT ("userId") DO NOTHING;
INSERT INTO "users" ("userId", "username", "password", "email", "role", "MaCoSo", "status")
VALUES ('NGOCTRUCSV0030U', 'sv_ngoctrucsv0030', 'hashed_default_pass_123', 'vu.trung91@ptit.edu.vn', 'SinhVien', 'NGOCTRUC', 'Active')
ON CONFLICT ("userId") DO NOTHING;
INSERT INTO "users" ("userId", "username", "password", "email", "role", "MaCoSo", "status")
VALUES ('NGOCTRUCSV0031U', 'sv_ngoctrucsv0031', 'hashed_default_pass_123', 'vuong.nam466@ptit.edu.vn', 'SinhVien', 'NGOCTRUC', 'Active')
ON CONFLICT ("userId") DO NOTHING;
INSERT INTO "users" ("userId", "username", "password", "email", "role", "MaCoSo", "status")
VALUES ('NGOCTRUCSV0032U', 'sv_ngoctrucsv0032', 'hashed_default_pass_123', 'cao.bich707@ptit.edu.vn', 'SinhVien', 'NGOCTRUC', 'Active')
ON CONFLICT ("userId") DO NOTHING;
INSERT INTO "users" ("userId", "username", "password", "email", "role", "MaCoSo", "status")
VALUES ('NGOCTRUCSV0033U', 'sv_ngoctrucsv0033', 'hashed_default_pass_123', 'ngo.sang751@ptit.edu.vn', 'SinhVien', 'NGOCTRUC', 'Active')
ON CONFLICT ("userId") DO NOTHING;
INSERT INTO "users" ("userId", "username", "password", "email", "role", "MaCoSo", "status")
VALUES ('NGOCTRUCSV0034U', 'sv_ngoctrucsv0034', 'hashed_default_pass_123', 'le.vinh744@ptit.edu.vn', 'SinhVien', 'NGOCTRUC', 'Active')
ON CONFLICT ("userId") DO NOTHING;
INSERT INTO "users" ("userId", "username", "password", "email", "role", "MaCoSo", "status")
VALUES ('NGOCTRUCSV0035U', 'sv_ngoctrucsv0035', 'hashed_default_pass_123', 'do.lam142@ptit.edu.vn', 'SinhVien', 'NGOCTRUC', 'Active')
ON CONFLICT ("userId") DO NOTHING;
INSERT INTO "users" ("userId", "username", "password", "email", "role", "MaCoSo", "status")
VALUES ('NGOCTRUCSV0036U', 'sv_ngoctrucsv0036', 'hashed_default_pass_123', 'ly.khanh534@ptit.edu.vn', 'SinhVien', 'NGOCTRUC', 'Active')
ON CONFLICT ("userId") DO NOTHING;
INSERT INTO "users" ("userId", "username", "password", "email", "role", "MaCoSo", "status")
VALUES ('NGOCTRUCSV0037U', 'sv_ngoctrucsv0037', 'hashed_default_pass_123', 'cao.bich411@ptit.edu.vn', 'SinhVien', 'NGOCTRUC', 'Active')
ON CONFLICT ("userId") DO NOTHING;
INSERT INTO "users" ("userId", "username", "password", "email", "role", "MaCoSo", "status")
VALUES ('NGOCTRUCSV0038U', 'sv_ngoctrucsv0038', 'hashed_default_pass_123', 'cao.sang718@ptit.edu.vn', 'SinhVien', 'NGOCTRUC', 'Active')
ON CONFLICT ("userId") DO NOTHING;
INSERT INTO "users" ("userId", "username", "password", "email", "role", "MaCoSo", "status")
VALUES ('NGOCTRUCSV0039U', 'sv_ngoctrucsv0039', 'hashed_default_pass_123', 'ho.binh491@ptit.edu.vn', 'SinhVien', 'NGOCTRUC', 'Active')
ON CONFLICT ("userId") DO NOTHING;
INSERT INTO "users" ("userId", "username", "password", "email", "role", "MaCoSo", "status")
VALUES ('NGOCTRUCSV0040U', 'sv_ngoctrucsv0040', 'hashed_default_pass_123', 'duong.dung617@ptit.edu.vn', 'SinhVien', 'NGOCTRUC', 'Active')
ON CONFLICT ("userId") DO NOTHING;
INSERT INTO "users" ("userId", "username", "password", "email", "role", "MaCoSo", "status")
VALUES ('NGOCTRUCSV0041U', 'sv_ngoctrucsv0041', 'hashed_default_pass_123', 'le.an765@ptit.edu.vn', 'SinhVien', 'NGOCTRUC', 'Active')
ON CONFLICT ("userId") DO NOTHING;
INSERT INTO "users" ("userId", "username", "password", "email", "role", "MaCoSo", "status")
VALUES ('NGOCTRUCSV0042U', 'sv_ngoctrucsv0042', 'hashed_default_pass_123', 'le.nam784@ptit.edu.vn', 'SinhVien', 'NGOCTRUC', 'Active')
ON CONFLICT ("userId") DO NOTHING;
INSERT INTO "users" ("userId", "username", "password", "email", "role", "MaCoSo", "status")
VALUES ('NGOCTRUCSV0043U', 'sv_ngoctrucsv0043', 'hashed_default_pass_123', 'trinh.vinh966@ptit.edu.vn', 'SinhVien', 'NGOCTRUC', 'Active')
ON CONFLICT ("userId") DO NOTHING;
INSERT INTO "users" ("userId", "username", "password", "email", "role", "MaCoSo", "status")
VALUES ('NGOCTRUCSV0044U', 'sv_ngoctrucsv0044', 'hashed_default_pass_123', 'hoang.hoang133@ptit.edu.vn', 'SinhVien', 'NGOCTRUC', 'Active')
ON CONFLICT ("userId") DO NOTHING;
INSERT INTO "users" ("userId", "username", "password", "email", "role", "MaCoSo", "status")
VALUES ('NGOCTRUCSV0045U', 'sv_ngoctrucsv0045', 'hashed_default_pass_123', 'truong.ly904@ptit.edu.vn', 'SinhVien', 'NGOCTRUC', 'Active')
ON CONFLICT ("userId") DO NOTHING;
INSERT INTO "users" ("userId", "username", "password", "email", "role", "MaCoSo", "status")
VALUES ('NGOCTRUCSV0046U', 'sv_ngoctrucsv0046', 'hashed_default_pass_123', 'do.thi731@ptit.edu.vn', 'SinhVien', 'NGOCTRUC', 'Active')
ON CONFLICT ("userId") DO NOTHING;
INSERT INTO "users" ("userId", "username", "password", "email", "role", "MaCoSo", "status")
VALUES ('NGOCTRUCSV0047U', 'sv_ngoctrucsv0047', 'hashed_default_pass_123', 'tran.thinh239@ptit.edu.vn', 'SinhVien', 'NGOCTRUC', 'Active')
ON CONFLICT ("userId") DO NOTHING;
INSERT INTO "users" ("userId", "username", "password", "email", "role", "MaCoSo", "status")
VALUES ('NGOCTRUCSV0048U', 'sv_ngoctrucsv0048', 'hashed_default_pass_123', 'tran.my904@ptit.edu.vn', 'SinhVien', 'NGOCTRUC', 'Active')
ON CONFLICT ("userId") DO NOTHING;
INSERT INTO "users" ("userId", "username", "password", "email", "role", "MaCoSo", "status")
VALUES ('NGOCTRUCSV0049U', 'sv_ngoctrucsv0049', 'hashed_default_pass_123', 'do.hoang945@ptit.edu.vn', 'SinhVien', 'NGOCTRUC', 'Active')
ON CONFLICT ("userId") DO NOTHING;
INSERT INTO "users" ("userId", "username", "password", "email", "role", "MaCoSo", "status")
VALUES ('NGOCTRUCSV0050U', 'sv_ngoctrucsv0050', 'hashed_default_pass_123', 'vu.an495@ptit.edu.vn', 'SinhVien', 'NGOCTRUC', 'Active')
ON CONFLICT ("userId") DO NOTHING;
INSERT INTO "users" ("userId", "username", "password", "email", "role", "MaCoSo", "status")
VALUES ('NGOCTRUCSV0051U', 'sv_ngoctrucsv0051', 'hashed_default_pass_123', 'tran.ly230@ptit.edu.vn', 'SinhVien', 'NGOCTRUC', 'Active')
ON CONFLICT ("userId") DO NOTHING;
INSERT INTO "users" ("userId", "username", "password", "email", "role", "MaCoSo", "status")
VALUES ('NGOCTRUCSV0052U', 'sv_ngoctrucsv0052', 'hashed_default_pass_123', 'duong.bich522@ptit.edu.vn', 'SinhVien', 'NGOCTRUC', 'Active')
ON CONFLICT ("userId") DO NOTHING;
INSERT INTO "users" ("userId", "username", "password", "email", "role", "MaCoSo", "status")
VALUES ('NGOCTRUCSV0053U', 'sv_ngoctrucsv0053', 'hashed_default_pass_123', 'do.anh949@ptit.edu.vn', 'SinhVien', 'NGOCTRUC', 'Active')
ON CONFLICT ("userId") DO NOTHING;
INSERT INTO "users" ("userId", "username", "password", "email", "role", "MaCoSo", "status")
VALUES ('NGOCTRUCSV0054U', 'sv_ngoctrucsv0054', 'hashed_default_pass_123', 'do.ngoc699@ptit.edu.vn', 'SinhVien', 'NGOCTRUC', 'Active')
ON CONFLICT ("userId") DO NOTHING;
INSERT INTO "users" ("userId", "username", "password", "email", "role", "MaCoSo", "status")
VALUES ('NGOCTRUCSV0055U', 'sv_ngoctrucsv0055', 'hashed_default_pass_123', 'mac.phat531@ptit.edu.vn', 'SinhVien', 'NGOCTRUC', 'Active')
ON CONFLICT ("userId") DO NOTHING;
INSERT INTO "users" ("userId", "username", "password", "email", "role", "MaCoSo", "status")
VALUES ('NGOCTRUCSV0056U', 'sv_ngoctrucsv0056', 'hashed_default_pass_123', 'dang.my806@ptit.edu.vn', 'SinhVien', 'NGOCTRUC', 'Active')
ON CONFLICT ("userId") DO NOTHING;
INSERT INTO "users" ("userId", "username", "password", "email", "role", "MaCoSo", "status")
VALUES ('NGOCTRUCSV0057U', 'sv_ngoctrucsv0057', 'hashed_default_pass_123', 'pham.dung873@ptit.edu.vn', 'SinhVien', 'NGOCTRUC', 'Active')
ON CONFLICT ("userId") DO NOTHING;
INSERT INTO "users" ("userId", "username", "password", "email", "role", "MaCoSo", "status")
VALUES ('NGOCTRUCSV0058U', 'sv_ngoctrucsv0058', 'hashed_default_pass_123', 'vuong.tam286@ptit.edu.vn', 'SinhVien', 'NGOCTRUC', 'Active')
ON CONFLICT ("userId") DO NOTHING;
INSERT INTO "users" ("userId", "username", "password", "email", "role", "MaCoSo", "status")
VALUES ('NGOCTRUCSV0059U', 'sv_ngoctrucsv0059', 'hashed_default_pass_123', 'vu.tam357@ptit.edu.vn', 'SinhVien', 'NGOCTRUC', 'Active')
ON CONFLICT ("userId") DO NOTHING;
INSERT INTO "users" ("userId", "username", "password", "email", "role", "MaCoSo", "status")
VALUES ('NGOCTRUCSV0060U', 'sv_ngoctrucsv0060', 'hashed_default_pass_123', 'huynh.minh266@ptit.edu.vn', 'SinhVien', 'NGOCTRUC', 'Active')
ON CONFLICT ("userId") DO NOTHING;
INSERT INTO "users" ("userId", "username", "password", "email", "role", "MaCoSo", "status")
VALUES ('NGOCTRUCSV0061U', 'sv_ngoctrucsv0061', 'hashed_default_pass_123', 'mac.ha792@ptit.edu.vn', 'SinhVien', 'NGOCTRUC', 'Active')
ON CONFLICT ("userId") DO NOTHING;
INSERT INTO "users" ("userId", "username", "password", "email", "role", "MaCoSo", "status")
VALUES ('NGOCTRUCSV0062U', 'sv_ngoctrucsv0062', 'hashed_default_pass_123', 'do.huong970@ptit.edu.vn', 'SinhVien', 'NGOCTRUC', 'Active')
ON CONFLICT ("userId") DO NOTHING;
INSERT INTO "users" ("userId", "username", "password", "email", "role", "MaCoSo", "status")
VALUES ('NGOCTRUCSV0063U', 'sv_ngoctrucsv0063', 'hashed_default_pass_123', 'vu.my736@ptit.edu.vn', 'SinhVien', 'NGOCTRUC', 'Active')
ON CONFLICT ("userId") DO NOTHING;
INSERT INTO "users" ("userId", "username", "password", "email", "role", "MaCoSo", "status")
VALUES ('NGOCTRUCSV0064U', 'sv_ngoctrucsv0064', 'hashed_default_pass_123', 'ta.chau335@ptit.edu.vn', 'SinhVien', 'NGOCTRUC', 'Active')
ON CONFLICT ("userId") DO NOTHING;
INSERT INTO "users" ("userId", "username", "password", "email", "role", "MaCoSo", "status")
VALUES ('NGOCTRUCSV0065U', 'sv_ngoctrucsv0065', 'hashed_default_pass_123', 'pham.oanh460@ptit.edu.vn', 'SinhVien', 'NGOCTRUC', 'Active')
ON CONFLICT ("userId") DO NOTHING;
INSERT INTO "users" ("userId", "username", "password", "email", "role", "MaCoSo", "status")
VALUES ('NGOCTRUCSV0066U', 'sv_ngoctrucsv0066', 'hashed_default_pass_123', 'le.an109@ptit.edu.vn', 'SinhVien', 'NGOCTRUC', 'Active')
ON CONFLICT ("userId") DO NOTHING;
INSERT INTO "users" ("userId", "username", "password", "email", "role", "MaCoSo", "status")
VALUES ('NGOCTRUCSV0067U', 'sv_ngoctrucsv0067', 'hashed_default_pass_123', 'mac.mai2@ptit.edu.vn', 'SinhVien', 'NGOCTRUC', 'Active')
ON CONFLICT ("userId") DO NOTHING;
INSERT INTO "users" ("userId", "username", "password", "email", "role", "MaCoSo", "status")
VALUES ('NGOCTRUCSV0068U', 'sv_ngoctrucsv0068', 'hashed_default_pass_123', 'dang.tam701@ptit.edu.vn', 'SinhVien', 'NGOCTRUC', 'Active')
ON CONFLICT ("userId") DO NOTHING;
INSERT INTO "users" ("userId", "username", "password", "email", "role", "MaCoSo", "status")
VALUES ('NGOCTRUCSV0069U', 'sv_ngoctrucsv0069', 'hashed_default_pass_123', 'ngo.nghia309@ptit.edu.vn', 'SinhVien', 'NGOCTRUC', 'Active')
ON CONFLICT ("userId") DO NOTHING;
INSERT INTO "users" ("userId", "username", "password", "email", "role", "MaCoSo", "status")
VALUES ('NGOCTRUCSV0070U', 'sv_ngoctrucsv0070', 'hashed_default_pass_123', 'luu.yen792@ptit.edu.vn', 'SinhVien', 'NGOCTRUC', 'Active')
ON CONFLICT ("userId") DO NOTHING;
INSERT INTO "users" ("userId", "username", "password", "email", "role", "MaCoSo", "status")
VALUES ('NGOCTRUCSV0071U', 'sv_ngoctrucsv0071', 'hashed_default_pass_123', 'do.ngoc135@ptit.edu.vn', 'SinhVien', 'NGOCTRUC', 'Active')
ON CONFLICT ("userId") DO NOTHING;
INSERT INTO "users" ("userId", "username", "password", "email", "role", "MaCoSo", "status")
VALUES ('NGOCTRUCSV0072U', 'sv_ngoctrucsv0072', 'hashed_default_pass_123', 'do.lien430@ptit.edu.vn', 'SinhVien', 'NGOCTRUC', 'Active')
ON CONFLICT ("userId") DO NOTHING;
INSERT INTO "users" ("userId", "username", "password", "email", "role", "MaCoSo", "status")
VALUES ('NGOCTRUCSV0073U', 'sv_ngoctrucsv0073', 'hashed_default_pass_123', 'ta.my814@ptit.edu.vn', 'SinhVien', 'NGOCTRUC', 'Active')
ON CONFLICT ("userId") DO NOTHING;
INSERT INTO "users" ("userId", "username", "password", "email", "role", "MaCoSo", "status")
VALUES ('NGOCTRUCSV0074U', 'sv_ngoctrucsv0074', 'hashed_default_pass_123', 'nguyen.lien311@ptit.edu.vn', 'SinhVien', 'NGOCTRUC', 'Active')
ON CONFLICT ("userId") DO NOTHING;
INSERT INTO "users" ("userId", "username", "password", "email", "role", "MaCoSo", "status")
VALUES ('NGOCTRUCSV0075U', 'sv_ngoctrucsv0075', 'hashed_default_pass_123', 'trinh.quynh976@ptit.edu.vn', 'SinhVien', 'NGOCTRUC', 'Active')
ON CONFLICT ("userId") DO NOTHING;
INSERT INTO "users" ("userId", "username", "password", "email", "role", "MaCoSo", "status")
VALUES ('NGOCTRUCSV0076U', 'sv_ngoctrucsv0076', 'hashed_default_pass_123', 'dinh.tri172@ptit.edu.vn', 'SinhVien', 'NGOCTRUC', 'Active')
ON CONFLICT ("userId") DO NOTHING;
INSERT INTO "users" ("userId", "username", "password", "email", "role", "MaCoSo", "status")
VALUES ('NGOCTRUCSV0077U', 'sv_ngoctrucsv0077', 'hashed_default_pass_123', 'duong.tam780@ptit.edu.vn', 'SinhVien', 'NGOCTRUC', 'Active')
ON CONFLICT ("userId") DO NOTHING;
INSERT INTO "users" ("userId", "username", "password", "email", "role", "MaCoSo", "status")
VALUES ('NGOCTRUCSV0078U', 'sv_ngoctrucsv0078', 'hashed_default_pass_123', 'le.oanh12@ptit.edu.vn', 'SinhVien', 'NGOCTRUC', 'Active')
ON CONFLICT ("userId") DO NOTHING;
INSERT INTO "users" ("userId", "username", "password", "email", "role", "MaCoSo", "status")
VALUES ('NGOCTRUCSV0079U', 'sv_ngoctrucsv0079', 'hashed_default_pass_123', 'trinh.em744@ptit.edu.vn', 'SinhVien', 'NGOCTRUC', 'Active')
ON CONFLICT ("userId") DO NOTHING;
INSERT INTO "users" ("userId", "username", "password", "email", "role", "MaCoSo", "status")
VALUES ('NGOCTRUCSV0080U', 'sv_ngoctrucsv0080', 'hashed_default_pass_123', 'ho.sang262@ptit.edu.vn', 'SinhVien', 'NGOCTRUC', 'Active')
ON CONFLICT ("userId") DO NOTHING;
INSERT INTO "users" ("userId", "username", "password", "email", "role", "MaCoSo", "status")
VALUES ('NGOCTRUCSV0081U', 'sv_ngoctrucsv0081', 'hashed_default_pass_123', 'hoang.binh138@ptit.edu.vn', 'SinhVien', 'NGOCTRUC', 'Active')
ON CONFLICT ("userId") DO NOTHING;
INSERT INTO "users" ("userId", "username", "password", "email", "role", "MaCoSo", "status")
VALUES ('NGOCTRUCSV0082U', 'sv_ngoctrucsv0082', 'hashed_default_pass_123', 'ngo.ngoc13@ptit.edu.vn', 'SinhVien', 'NGOCTRUC', 'Active')
ON CONFLICT ("userId") DO NOTHING;
INSERT INTO "users" ("userId", "username", "password", "email", "role", "MaCoSo", "status")
VALUES ('NGOCTRUCSV0083U', 'sv_ngoctrucsv0083', 'hashed_default_pass_123', 'dinh.dung808@ptit.edu.vn', 'SinhVien', 'NGOCTRUC', 'Active')
ON CONFLICT ("userId") DO NOTHING;
INSERT INTO "users" ("userId", "username", "password", "email", "role", "MaCoSo", "status")
VALUES ('NGOCTRUCSV0084U', 'sv_ngoctrucsv0084', 'hashed_default_pass_123', 'luu.vinh366@ptit.edu.vn', 'SinhVien', 'NGOCTRUC', 'Active')
ON CONFLICT ("userId") DO NOTHING;
INSERT INTO "users" ("userId", "username", "password", "email", "role", "MaCoSo", "status")
VALUES ('NGOCTRUCSV0085U', 'sv_ngoctrucsv0085', 'hashed_default_pass_123', 'pham.trung490@ptit.edu.vn', 'SinhVien', 'NGOCTRUC', 'Active')
ON CONFLICT ("userId") DO NOTHING;
INSERT INTO "users" ("userId", "username", "password", "email", "role", "MaCoSo", "status")
VALUES ('NGOCTRUCSV0086U', 'sv_ngoctrucsv0086', 'hashed_default_pass_123', 'ho.linh649@ptit.edu.vn', 'SinhVien', 'NGOCTRUC', 'Active')
ON CONFLICT ("userId") DO NOTHING;
INSERT INTO "users" ("userId", "username", "password", "email", "role", "MaCoSo", "status")
VALUES ('NGOCTRUCSV0087U', 'sv_ngoctrucsv0087', 'hashed_default_pass_123', 'le.phong713@ptit.edu.vn', 'SinhVien', 'NGOCTRUC', 'Active')
ON CONFLICT ("userId") DO NOTHING;
INSERT INTO "users" ("userId", "username", "password", "email", "role", "MaCoSo", "status")
VALUES ('NGOCTRUCSV0088U', 'sv_ngoctrucsv0088', 'hashed_default_pass_123', 'trinh.thao997@ptit.edu.vn', 'SinhVien', 'NGOCTRUC', 'Active')
ON CONFLICT ("userId") DO NOTHING;
INSERT INTO "users" ("userId", "username", "password", "email", "role", "MaCoSo", "status")
VALUES ('NGOCTRUCSV0089U', 'sv_ngoctrucsv0089', 'hashed_default_pass_123', 'hoang.khanh84@ptit.edu.vn', 'SinhVien', 'NGOCTRUC', 'Active')
ON CONFLICT ("userId") DO NOTHING;
INSERT INTO "users" ("userId", "username", "password", "email", "role", "MaCoSo", "status")
VALUES ('NGOCTRUCSV0090U', 'sv_ngoctrucsv0090', 'hashed_default_pass_123', 'vuong.em798@ptit.edu.vn', 'SinhVien', 'NGOCTRUC', 'Active')
ON CONFLICT ("userId") DO NOTHING;
INSERT INTO "users" ("userId", "username", "password", "email", "role", "MaCoSo", "status")
VALUES ('NGOCTRUCSV0091U', 'sv_ngoctrucsv0091', 'hashed_default_pass_123', 'bui.bao387@ptit.edu.vn', 'SinhVien', 'NGOCTRUC', 'Active')
ON CONFLICT ("userId") DO NOTHING;
INSERT INTO "users" ("userId", "username", "password", "email", "role", "MaCoSo", "status")
VALUES ('NGOCTRUCSV0092U', 'sv_ngoctrucsv0092', 'hashed_default_pass_123', 'huynh.giang628@ptit.edu.vn', 'SinhVien', 'NGOCTRUC', 'Active')
ON CONFLICT ("userId") DO NOTHING;
INSERT INTO "users" ("userId", "username", "password", "email", "role", "MaCoSo", "status")
VALUES ('NGOCTRUCSV0093U', 'sv_ngoctrucsv0093', 'hashed_default_pass_123', 'dang.toan794@ptit.edu.vn', 'SinhVien', 'NGOCTRUC', 'Active')
ON CONFLICT ("userId") DO NOTHING;
INSERT INTO "users" ("userId", "username", "password", "email", "role", "MaCoSo", "status")
VALUES ('NGOCTRUCSV0094U', 'sv_ngoctrucsv0094', 'hashed_default_pass_123', 'cao.tham379@ptit.edu.vn', 'SinhVien', 'NGOCTRUC', 'Active')
ON CONFLICT ("userId") DO NOTHING;
INSERT INTO "users" ("userId", "username", "password", "email", "role", "MaCoSo", "status")
VALUES ('NGOCTRUCSV0095U', 'sv_ngoctrucsv0095', 'hashed_default_pass_123', 'ta.cuong808@ptit.edu.vn', 'SinhVien', 'NGOCTRUC', 'Active')
ON CONFLICT ("userId") DO NOTHING;
INSERT INTO "users" ("userId", "username", "password", "email", "role", "MaCoSo", "status")
VALUES ('NGOCTRUCSV0096U', 'sv_ngoctrucsv0096', 'hashed_default_pass_123', 'hoang.bao584@ptit.edu.vn', 'SinhVien', 'NGOCTRUC', 'Active')
ON CONFLICT ("userId") DO NOTHING;
INSERT INTO "users" ("userId", "username", "password", "email", "role", "MaCoSo", "status")
VALUES ('NGOCTRUCSV0097U', 'sv_ngoctrucsv0097', 'hashed_default_pass_123', 'le.toan874@ptit.edu.vn', 'SinhVien', 'NGOCTRUC', 'Active')
ON CONFLICT ("userId") DO NOTHING;
INSERT INTO "users" ("userId", "username", "password", "email", "role", "MaCoSo", "status")
VALUES ('NGOCTRUCSV0098U', 'sv_ngoctrucsv0098', 'hashed_default_pass_123', 'ho.chau829@ptit.edu.vn', 'SinhVien', 'NGOCTRUC', 'Active')
ON CONFLICT ("userId") DO NOTHING;
INSERT INTO "users" ("userId", "username", "password", "email", "role", "MaCoSo", "status")
VALUES ('NGOCTRUCSV0099U', 'sv_ngoctrucsv0099', 'hashed_default_pass_123', 'do.lan440@ptit.edu.vn', 'SinhVien', 'NGOCTRUC', 'Active')
ON CONFLICT ("userId") DO NOTHING;
INSERT INTO "users" ("userId", "username", "password", "email", "role", "MaCoSo", "status")
VALUES ('NGOCTRUCSV0100U', 'sv_ngoctrucsv0100', 'hashed_default_pass_123', 'cao.vinh416@ptit.edu.vn', 'SinhVien', 'NGOCTRUC', 'Active')
ON CONFLICT ("userId") DO NOTHING;
INSERT INTO "users" ("userId", "username", "password", "email", "role", "MaCoSo", "status")
VALUES ('NGOCTRUCSV0101U', 'sv_ngoctrucsv0101', 'hashed_default_pass_123', 'ngo.anh830@ptit.edu.vn', 'SinhVien', 'NGOCTRUC', 'Active')
ON CONFLICT ("userId") DO NOTHING;
INSERT INTO "users" ("userId", "username", "password", "email", "role", "MaCoSo", "status")
VALUES ('NGOCTRUCSV0102U', 'sv_ngoctrucsv0102', 'hashed_default_pass_123', 'le.tuan869@ptit.edu.vn', 'SinhVien', 'NGOCTRUC', 'Active')
ON CONFLICT ("userId") DO NOTHING;
INSERT INTO "users" ("userId", "username", "password", "email", "role", "MaCoSo", "status")
VALUES ('NGOCTRUCSV0103U', 'sv_ngoctrucsv0103', 'hashed_default_pass_123', 'trinh.tien660@ptit.edu.vn', 'SinhVien', 'NGOCTRUC', 'Active')
ON CONFLICT ("userId") DO NOTHING;
INSERT INTO "users" ("userId", "username", "password", "email", "role", "MaCoSo", "status")
VALUES ('NGOCTRUCSV0104U', 'sv_ngoctrucsv0104', 'hashed_default_pass_123', 'duong.an903@ptit.edu.vn', 'SinhVien', 'NGOCTRUC', 'Active')
ON CONFLICT ("userId") DO NOTHING;
INSERT INTO "users" ("userId", "username", "password", "email", "role", "MaCoSo", "status")
VALUES ('NGOCTRUCSV0105U', 'sv_ngoctrucsv0105', 'hashed_default_pass_123', 'tran.hien853@ptit.edu.vn', 'SinhVien', 'NGOCTRUC', 'Active')
ON CONFLICT ("userId") DO NOTHING;
INSERT INTO "users" ("userId", "username", "password", "email", "role", "MaCoSo", "status")
VALUES ('NGOCTRUCSV0106U', 'sv_ngoctrucsv0106', 'hashed_default_pass_123', 'huynh.cuong737@ptit.edu.vn', 'SinhVien', 'NGOCTRUC', 'Active')
ON CONFLICT ("userId") DO NOTHING;
INSERT INTO "users" ("userId", "username", "password", "email", "role", "MaCoSo", "status")
VALUES ('NGOCTRUCSV0107U', 'sv_ngoctrucsv0107', 'hashed_default_pass_123', 'ho.lam204@ptit.edu.vn', 'SinhVien', 'NGOCTRUC', 'Active')
ON CONFLICT ("userId") DO NOTHING;
INSERT INTO "users" ("userId", "username", "password", "email", "role", "MaCoSo", "status")
VALUES ('NGOCTRUCSV0108U', 'sv_ngoctrucsv0108', 'hashed_default_pass_123', 'truong.dung332@ptit.edu.vn', 'SinhVien', 'NGOCTRUC', 'Active')
ON CONFLICT ("userId") DO NOTHING;
INSERT INTO "users" ("userId", "username", "password", "email", "role", "MaCoSo", "status")
VALUES ('NGOCTRUCSV0109U', 'sv_ngoctrucsv0109', 'hashed_default_pass_123', 'mac.huong532@ptit.edu.vn', 'SinhVien', 'NGOCTRUC', 'Active')
ON CONFLICT ("userId") DO NOTHING;
INSERT INTO "users" ("userId", "username", "password", "email", "role", "MaCoSo", "status")
VALUES ('NGOCTRUCSV0110U', 'sv_ngoctrucsv0110', 'hashed_default_pass_123', 'vu.thuy610@ptit.edu.vn', 'SinhVien', 'NGOCTRUC', 'Active')
ON CONFLICT ("userId") DO NOTHING;
INSERT INTO "users" ("userId", "username", "password", "email", "role", "MaCoSo", "status")
VALUES ('NGOCTRUCSV0111U', 'sv_ngoctrucsv0111', 'hashed_default_pass_123', 'pham.linh204@ptit.edu.vn', 'SinhVien', 'NGOCTRUC', 'Active')
ON CONFLICT ("userId") DO NOTHING;
INSERT INTO "users" ("userId", "username", "password", "email", "role", "MaCoSo", "status")
VALUES ('NGOCTRUCSV0112U', 'sv_ngoctrucsv0112', 'hashed_default_pass_123', 'truong.nghia433@ptit.edu.vn', 'SinhVien', 'NGOCTRUC', 'Active')
ON CONFLICT ("userId") DO NOTHING;
INSERT INTO "users" ("userId", "username", "password", "email", "role", "MaCoSo", "status")
VALUES ('NGOCTRUCSV0113U', 'sv_ngoctrucsv0113', 'hashed_default_pass_123', 'luu.nam14@ptit.edu.vn', 'SinhVien', 'NGOCTRUC', 'Active')
ON CONFLICT ("userId") DO NOTHING;
INSERT INTO "users" ("userId", "username", "password", "email", "role", "MaCoSo", "status")
VALUES ('NGOCTRUCSV0114U', 'sv_ngoctrucsv0114', 'hashed_default_pass_123', 'ngo.trang602@ptit.edu.vn', 'SinhVien', 'NGOCTRUC', 'Active')
ON CONFLICT ("userId") DO NOTHING;
INSERT INTO "users" ("userId", "username", "password", "email", "role", "MaCoSo", "status")
VALUES ('NGOCTRUCSV0115U', 'sv_ngoctrucsv0115', 'hashed_default_pass_123', 'tran.quynh424@ptit.edu.vn', 'SinhVien', 'NGOCTRUC', 'Active')
ON CONFLICT ("userId") DO NOTHING;
INSERT INTO "users" ("userId", "username", "password", "email", "role", "MaCoSo", "status")
VALUES ('NGOCTRUCSV0116U', 'sv_ngoctrucsv0116', 'hashed_default_pass_123', 'le.loan626@ptit.edu.vn', 'SinhVien', 'NGOCTRUC', 'Active')
ON CONFLICT ("userId") DO NOTHING;
INSERT INTO "users" ("userId", "username", "password", "email", "role", "MaCoSo", "status")
VALUES ('NGOCTRUCSV0117U', 'sv_ngoctrucsv0117', 'hashed_default_pass_123', 'hoang.lam701@ptit.edu.vn', 'SinhVien', 'NGOCTRUC', 'Active')
ON CONFLICT ("userId") DO NOTHING;
INSERT INTO "users" ("userId", "username", "password", "email", "role", "MaCoSo", "status")
VALUES ('NGOCTRUCSV0118U', 'sv_ngoctrucsv0118', 'hashed_default_pass_123', 'phan.hien37@ptit.edu.vn', 'SinhVien', 'NGOCTRUC', 'Active')
ON CONFLICT ("userId") DO NOTHING;
INSERT INTO "users" ("userId", "username", "password", "email", "role", "MaCoSo", "status")
VALUES ('NGOCTRUCSV0119U', 'sv_ngoctrucsv0119', 'hashed_default_pass_123', 'duong.bao383@ptit.edu.vn', 'SinhVien', 'NGOCTRUC', 'Active')
ON CONFLICT ("userId") DO NOTHING;
INSERT INTO "users" ("userId", "username", "password", "email", "role", "MaCoSo", "status")
VALUES ('NGOCTRUCSV0120U', 'sv_ngoctrucsv0120', 'hashed_default_pass_123', 'luu.lien964@ptit.edu.vn', 'SinhVien', 'NGOCTRUC', 'Active')
ON CONFLICT ("userId") DO NOTHING;

-- ---- users (GiangVien) ----
INSERT INTO "users" ("userId", "username", "password", "email", "role", "MaCoSo", "status")
VALUES ('NGOCTRUCGV001U', 'gv_ngoctrucgv001', 'hashed_default_pass_123', 'dinh.nga910@gv.cntt-nt.ptit.edu.vn', 'GiangVien', 'NGOCTRUC', 'Active')
ON CONFLICT ("userId") DO NOTHING;
INSERT INTO "users" ("userId", "username", "password", "email", "role", "MaCoSo", "status")
VALUES ('NGOCTRUCGV002U', 'gv_ngoctrucgv002', 'hashed_default_pass_123', 'mac.phong363@gv.cntt-nt.ptit.edu.vn', 'GiangVien', 'NGOCTRUC', 'Active')
ON CONFLICT ("userId") DO NOTHING;
INSERT INTO "users" ("userId", "username", "password", "email", "role", "MaCoSo", "status")
VALUES ('NGOCTRUCGV003U', 'gv_ngoctrucgv003', 'hashed_default_pass_123', 'huynh.trung591@gv.cntt-nt.ptit.edu.vn', 'GiangVien', 'NGOCTRUC', 'Active')
ON CONFLICT ("userId") DO NOTHING;
INSERT INTO "users" ("userId", "username", "password", "email", "role", "MaCoSo", "status")
VALUES ('NGOCTRUCGV004U', 'gv_ngoctrucgv004', 'hashed_default_pass_123', 'luu.ha862@gv.cntt-nt.ptit.edu.vn', 'GiangVien', 'NGOCTRUC', 'Active')
ON CONFLICT ("userId") DO NOTHING;
INSERT INTO "users" ("userId", "username", "password", "email", "role", "MaCoSo", "status")
VALUES ('NGOCTRUCGV005U', 'gv_ngoctrucgv005', 'hashed_default_pass_123', 'mac.em581@gv.cntt-nt.ptit.edu.vn', 'GiangVien', 'NGOCTRUC', 'Active')
ON CONFLICT ("userId") DO NOTHING;
INSERT INTO "users" ("userId", "username", "password", "email", "role", "MaCoSo", "status")
VALUES ('NGOCTRUCGV006U', 'gv_ngoctrucgv006', 'hashed_default_pass_123', 'nguyen.dung82@gv.cntt-nt.ptit.edu.vn', 'GiangVien', 'NGOCTRUC', 'Active')
ON CONFLICT ("userId") DO NOTHING;
INSERT INTO "users" ("userId", "username", "password", "email", "role", "MaCoSo", "status")
VALUES ('NGOCTRUCGV007U', 'gv_ngoctrucgv007', 'hashed_default_pass_123', 'le.vinh909@gv.cntt-nt.ptit.edu.vn', 'GiangVien', 'NGOCTRUC', 'Active')
ON CONFLICT ("userId") DO NOTHING;
INSERT INTO "users" ("userId", "username", "password", "email", "role", "MaCoSo", "status")
VALUES ('NGOCTRUCGV008U', 'gv_ngoctrucgv008', 'hashed_default_pass_123', 'ly.thi19@gv.cntt-nt.ptit.edu.vn', 'GiangVien', 'NGOCTRUC', 'Active')
ON CONFLICT ("userId") DO NOTHING;
INSERT INTO "users" ("userId", "username", "password", "email", "role", "MaCoSo", "status")
VALUES ('NGOCTRUCGV009U', 'gv_ngoctrucgv009', 'hashed_default_pass_123', 'do.nam779@gv.cntt-nt.ptit.edu.vn', 'GiangVien', 'NGOCTRUC', 'Active')
ON CONFLICT ("userId") DO NOTHING;
INSERT INTO "users" ("userId", "username", "password", "email", "role", "MaCoSo", "status")
VALUES ('NGOCTRUCGV010U', 'gv_ngoctrucgv010', 'hashed_default_pass_123', 'ho.tam455@gv.cntt-nt.ptit.edu.vn', 'GiangVien', 'NGOCTRUC', 'Active')
ON CONFLICT ("userId") DO NOTHING;
INSERT INTO "users" ("userId", "username", "password", "email", "role", "MaCoSo", "status")
VALUES ('NGOCTRUCGV011U', 'gv_ngoctrucgv011', 'hashed_default_pass_123', 'vu.huy969@gv.cntt-nt.ptit.edu.vn', 'GiangVien', 'NGOCTRUC', 'Active')
ON CONFLICT ("userId") DO NOTHING;
INSERT INTO "users" ("userId", "username", "password", "email", "role", "MaCoSo", "status")
VALUES ('NGOCTRUCGV012U', 'gv_ngoctrucgv012', 'hashed_default_pass_123', 'le.quynh663@gv.cntt-nt.ptit.edu.vn', 'GiangVien', 'NGOCTRUC', 'Active')
ON CONFLICT ("userId") DO NOTHING;
INSERT INTO "users" ("userId", "username", "password", "email", "role", "MaCoSo", "status")
VALUES ('NGOCTRUCGV013U', 'gv_ngoctrucgv013', 'hashed_default_pass_123', 'phan.lam514@gv.cntt-nt.ptit.edu.vn', 'GiangVien', 'NGOCTRUC', 'Active')
ON CONFLICT ("userId") DO NOTHING;
INSERT INTO "users" ("userId", "username", "password", "email", "role", "MaCoSo", "status")
VALUES ('NGOCTRUCGV014U', 'gv_ngoctrucgv014', 'hashed_default_pass_123', 'hoang.dung461@gv.cntt-nt.ptit.edu.vn', 'GiangVien', 'NGOCTRUC', 'Active')
ON CONFLICT ("userId") DO NOTHING;
INSERT INTO "users" ("userId", "username", "password", "email", "role", "MaCoSo", "status")
VALUES ('NGOCTRUCGV015U', 'gv_ngoctrucgv015', 'hashed_default_pass_123', 'ngo.tam683@gv.cntt-nt.ptit.edu.vn', 'GiangVien', 'NGOCTRUC', 'Active')
ON CONFLICT ("userId") DO NOTHING;
INSERT INTO "users" ("userId", "username", "password", "email", "role", "MaCoSo", "status")
VALUES ('NGOCTRUCGV016U', 'gv_ngoctrucgv016', 'hashed_default_pass_123', 'ngo.thao722@gv.cntt-nt.ptit.edu.vn', 'GiangVien', 'NGOCTRUC', 'Active')
ON CONFLICT ("userId") DO NOTHING;
INSERT INTO "users" ("userId", "username", "password", "email", "role", "MaCoSo", "status")
VALUES ('NGOCTRUCGV017U', 'gv_ngoctrucgv017', 'hashed_default_pass_123', 'ho.tham250@gv.cntt-nt.ptit.edu.vn', 'GiangVien', 'NGOCTRUC', 'Active')
ON CONFLICT ("userId") DO NOTHING;
INSERT INTO "users" ("userId", "username", "password", "email", "role", "MaCoSo", "status")
VALUES ('NGOCTRUCGV018U', 'gv_ngoctrucgv018', 'hashed_default_pass_123', 'tran.lam887@gv.cntt-nt.ptit.edu.vn', 'GiangVien', 'NGOCTRUC', 'Active')
ON CONFLICT ("userId") DO NOTHING;
INSERT INTO "users" ("userId", "username", "password", "email", "role", "MaCoSo", "status")
VALUES ('NGOCTRUCGV019U', 'gv_ngoctrucgv019', 'hashed_default_pass_123', 'huynh.minh651@gv.cntt-nt.ptit.edu.vn', 'GiangVien', 'NGOCTRUC', 'Active')
ON CONFLICT ("userId") DO NOTHING;
INSERT INTO "users" ("userId", "username", "password", "email", "role", "MaCoSo", "status")
VALUES ('NGOCTRUCGV020U', 'gv_ngoctrucgv020', 'hashed_default_pass_123', 'dinh.trung618@gv.cntt-nt.ptit.edu.vn', 'GiangVien', 'NGOCTRUC', 'Active')
ON CONFLICT ("userId") DO NOTHING;
INSERT INTO "users" ("userId", "username", "password", "email", "role", "MaCoSo", "status")
VALUES ('NGOCTRUCGV021U', 'gv_ngoctrucgv021', 'hashed_default_pass_123', 'le.lam803@gv.cntt-nt.ptit.edu.vn', 'GiangVien', 'NGOCTRUC', 'Active')
ON CONFLICT ("userId") DO NOTHING;
INSERT INTO "users" ("userId", "username", "password", "email", "role", "MaCoSo", "status")
VALUES ('NGOCTRUCGV022U', 'gv_ngoctrucgv022', 'hashed_default_pass_123', 'dang.hien397@gv.cntt-nt.ptit.edu.vn', 'GiangVien', 'NGOCTRUC', 'Active')
ON CONFLICT ("userId") DO NOTHING;
INSERT INTO "users" ("userId", "username", "password", "email", "role", "MaCoSo", "status")
VALUES ('NGOCTRUCGV023U', 'gv_ngoctrucgv023', 'hashed_default_pass_123', 'ho.tien74@gv.cntt-nt.ptit.edu.vn', 'GiangVien', 'NGOCTRUC', 'Active')
ON CONFLICT ("userId") DO NOTHING;
INSERT INTO "users" ("userId", "username", "password", "email", "role", "MaCoSo", "status")
VALUES ('NGOCTRUCGV024U', 'gv_ngoctrucgv024', 'hashed_default_pass_123', 'cao.van111@gv.cntt-nt.ptit.edu.vn', 'GiangVien', 'NGOCTRUC', 'Active')
ON CONFLICT ("userId") DO NOTHING;
INSERT INTO "users" ("userId", "username", "password", "email", "role", "MaCoSo", "status")
VALUES ('NGOCTRUCGV025U', 'gv_ngoctrucgv025', 'hashed_default_pass_123', 'do.tri72@gv.cntt-nt.ptit.edu.vn', 'GiangVien', 'NGOCTRUC', 'Active')
ON CONFLICT ("userId") DO NOTHING;
INSERT INTO "users" ("userId", "username", "password", "email", "role", "MaCoSo", "status")
VALUES ('NGOCTRUCGV026U', 'gv_ngoctrucgv026', 'hashed_default_pass_123', 'ho.thu58@gv.cntt-nt.ptit.edu.vn', 'GiangVien', 'NGOCTRUC', 'Active')
ON CONFLICT ("userId") DO NOTHING;
INSERT INTO "users" ("userId", "username", "password", "email", "role", "MaCoSo", "status")
VALUES ('NGOCTRUCGV027U', 'gv_ngoctrucgv027', 'hashed_default_pass_123', 'vuong.nghia897@gv.cntt-nt.ptit.edu.vn', 'GiangVien', 'NGOCTRUC', 'Active')
ON CONFLICT ("userId") DO NOTHING;
INSERT INTO "users" ("userId", "username", "password", "email", "role", "MaCoSo", "status")
VALUES ('NGOCTRUCGV028U', 'gv_ngoctrucgv028', 'hashed_default_pass_123', 'truong.hien217@gv.cntt-nt.ptit.edu.vn', 'GiangVien', 'NGOCTRUC', 'Active')
ON CONFLICT ("userId") DO NOTHING;
INSERT INTO "users" ("userId", "username", "password", "email", "role", "MaCoSo", "status")
VALUES ('NGOCTRUCGV029U', 'gv_ngoctrucgv029', 'hashed_default_pass_123', 'dang.hanh748@gv.cntt-nt.ptit.edu.vn', 'GiangVien', 'NGOCTRUC', 'Active')
ON CONFLICT ("userId") DO NOTHING;
INSERT INTO "users" ("userId", "username", "password", "email", "role", "MaCoSo", "status")
VALUES ('NGOCTRUCGV030U', 'gv_ngoctrucgv030', 'hashed_default_pass_123', 'mac.dung815@gv.cntt-nt.ptit.edu.vn', 'GiangVien', 'NGOCTRUC', 'Active')
ON CONFLICT ("userId") DO NOTHING;

-- ---- SinhVien ----
INSERT INTO "SinhVien" ("MaSV", "userId", "Ho", "Ten", "NgaySinh", "GioiTinh", "SDT", "DiaChi", "MaCoSo", "MaKhoa", "TrangThai", "NgayNhapHoc")
VALUES ('NGOCTRUCSV0001', 'NGOCTRUCSV0001U', 'Hoàng', 'Hà', '2005-09-24', 'Nu', '0917270848', 'Khánh Hòa', 'NGOCTRUC', 'KT', 'DangHoc', '2024-09-16')
ON CONFLICT ("MaSV") DO NOTHING;
INSERT INTO "SinhVien" ("MaSV", "userId", "Ho", "Ten", "NgaySinh", "GioiTinh", "SDT", "DiaChi", "MaCoSo", "MaKhoa", "TrangThai", "NgayNhapHoc")
VALUES ('NGOCTRUCSV0002', 'NGOCTRUCSV0002U', 'Hồ', 'Mai', '2001-10-08', 'Nam', '0965894244', 'Hưng Yên', 'NGOCTRUC', 'CNTT', 'DangHoc', '2024-10-13')
ON CONFLICT ("MaSV") DO NOTHING;
INSERT INTO "SinhVien" ("MaSV", "userId", "Ho", "Ten", "NgaySinh", "GioiTinh", "SDT", "DiaChi", "MaCoSo", "MaKhoa", "TrangThai", "NgayNhapHoc")
VALUES ('NGOCTRUCSV0003', 'NGOCTRUCSV0003U', 'Hoàng', 'Ly', '2001-09-11', 'Nu', '0962310632', 'Hưng Yên', 'NGOCTRUC', 'VT', 'DangHoc', '2020-03-17')
ON CONFLICT ("MaSV") DO NOTHING;
INSERT INTO "SinhVien" ("MaSV", "userId", "Ho", "Ten", "NgaySinh", "GioiTinh", "SDT", "DiaChi", "MaCoSo", "MaKhoa", "TrangThai", "NgayNhapHoc")
VALUES ('NGOCTRUCSV0004', 'NGOCTRUCSV0004U', 'Vương', 'Thảo', '2005-10-19', 'Nam', '0956187563', 'Bình Thuận', 'NGOCTRUC', 'CNTT', 'DangHoc', '2021-12-18')
ON CONFLICT ("MaSV") DO NOTHING;
INSERT INTO "SinhVien" ("MaSV", "userId", "Ho", "Ten", "NgaySinh", "GioiTinh", "SDT", "DiaChi", "MaCoSo", "MaKhoa", "TrangThai", "NgayNhapHoc")
VALUES ('NGOCTRUCSV0005', 'NGOCTRUCSV0005U', 'Phan', 'Lam', '2006-08-21', 'Nu', '0997599717', 'Nghệ An', 'NGOCTRUC', 'CNTT', 'DangHoc', '2021-08-25')
ON CONFLICT ("MaSV") DO NOTHING;
INSERT INTO "SinhVien" ("MaSV", "userId", "Ho", "Ten", "NgaySinh", "GioiTinh", "SDT", "DiaChi", "MaCoSo", "MaKhoa", "TrangThai", "NgayNhapHoc")
VALUES ('NGOCTRUCSV0006', 'NGOCTRUCSV0006U', 'Cao', 'Quang', '2003-05-03', 'Nam', '0904534685', 'Vĩnh Phúc', 'NGOCTRUC', 'CNTT', 'BaoLuu', '2020-10-13')
ON CONFLICT ("MaSV") DO NOTHING;
INSERT INTO "SinhVien" ("MaSV", "userId", "Ho", "Ten", "NgaySinh", "GioiTinh", "SDT", "DiaChi", "MaCoSo", "MaKhoa", "TrangThai", "NgayNhapHoc")
VALUES ('NGOCTRUCSV0007', 'NGOCTRUCSV0007U', 'Mạc', 'Thi', '2002-02-26', 'Nu', '0928009414', 'Quảng Nam', 'NGOCTRUC', 'VT', 'DangHoc', '2023-08-14')
ON CONFLICT ("MaSV") DO NOTHING;
INSERT INTO "SinhVien" ("MaSV", "userId", "Ho", "Ten", "NgaySinh", "GioiTinh", "SDT", "DiaChi", "MaCoSo", "MaKhoa", "TrangThai", "NgayNhapHoc")
VALUES ('NGOCTRUCSV0008', 'NGOCTRUCSV0008U', 'Hồ', 'Dũng', '2006-05-09', 'Nam', '0909188054', 'Vĩnh Phúc', 'NGOCTRUC', 'ATTT', 'DangHoc', '2022-02-06')
ON CONFLICT ("MaSV") DO NOTHING;
INSERT INTO "SinhVien" ("MaSV", "userId", "Ho", "Ten", "NgaySinh", "GioiTinh", "SDT", "DiaChi", "MaCoSo", "MaKhoa", "TrangThai", "NgayNhapHoc")
VALUES ('NGOCTRUCSV0009', 'NGOCTRUCSV0009U', 'Ngô', 'Minh', '2006-05-24', 'Nam', '0921786419', 'Quảng Ngãi', 'NGOCTRUC', 'CNTT', 'BaoLuu', '2020-09-08')
ON CONFLICT ("MaSV") DO NOTHING;
INSERT INTO "SinhVien" ("MaSV", "userId", "Ho", "Ten", "NgaySinh", "GioiTinh", "SDT", "DiaChi", "MaCoSo", "MaKhoa", "TrangThai", "NgayNhapHoc")
VALUES ('NGOCTRUCSV0010', 'NGOCTRUCSV0010U', 'Hồ', 'Hương', '2005-09-24', 'Nam', '0924877656', 'Hà Nội', 'NGOCTRUC', 'KT', 'DangHoc', '2023-01-10')
ON CONFLICT ("MaSV") DO NOTHING;
INSERT INTO "SinhVien" ("MaSV", "userId", "Ho", "Ten", "NgaySinh", "GioiTinh", "SDT", "DiaChi", "MaCoSo", "MaKhoa", "TrangThai", "NgayNhapHoc")
VALUES ('NGOCTRUCSV0011', 'NGOCTRUCSV0011U', 'Trần', 'Thảo', '2006-06-05', 'Nu', '0983688216', 'Hải Dương', 'NGOCTRUC', 'ATTT', 'DangHoc', '2021-11-21')
ON CONFLICT ("MaSV") DO NOTHING;
INSERT INTO "SinhVien" ("MaSV", "userId", "Ho", "Ten", "NgaySinh", "GioiTinh", "SDT", "DiaChi", "MaCoSo", "MaKhoa", "TrangThai", "NgayNhapHoc")
VALUES ('NGOCTRUCSV0012', 'NGOCTRUCSV0012U', 'Vũ', 'Phong', '2006-08-17', 'Nam', '0969748486', 'Phú Yên', 'NGOCTRUC', 'KT', 'DangHoc', '2020-02-09')
ON CONFLICT ("MaSV") DO NOTHING;
INSERT INTO "SinhVien" ("MaSV", "userId", "Ho", "Ten", "NgaySinh", "GioiTinh", "SDT", "DiaChi", "MaCoSo", "MaKhoa", "TrangThai", "NgayNhapHoc")
VALUES ('NGOCTRUCSV0013', 'NGOCTRUCSV0013U', 'Lý', 'Thi', '2001-01-29', 'Nam', '0967161759', 'Đà Nẵng', 'NGOCTRUC', 'CNTT', 'DangHoc', '2020-01-02')
ON CONFLICT ("MaSV") DO NOTHING;
INSERT INTO "SinhVien" ("MaSV", "userId", "Ho", "Ten", "NgaySinh", "GioiTinh", "SDT", "DiaChi", "MaCoSo", "MaKhoa", "TrangThai", "NgayNhapHoc")
VALUES ('NGOCTRUCSV0014', 'NGOCTRUCSV0014U', 'Hoàng', 'Tiến', '2002-06-21', 'Nu', '0982838963', 'Bình Thuận', 'NGOCTRUC', 'ATTT', 'BaoLuu', '2022-09-11')
ON CONFLICT ("MaSV") DO NOTHING;
INSERT INTO "SinhVien" ("MaSV", "userId", "Ho", "Ten", "NgaySinh", "GioiTinh", "SDT", "DiaChi", "MaCoSo", "MaKhoa", "TrangThai", "NgayNhapHoc")
VALUES ('NGOCTRUCSV0015', 'NGOCTRUCSV0015U', 'Đặng', 'Ngọc', '2000-01-10', 'Nam', '0949168134', 'Thanh Hóa', 'NGOCTRUC', 'CNTT', 'DangHoc', '2023-03-29')
ON CONFLICT ("MaSV") DO NOTHING;
INSERT INTO "SinhVien" ("MaSV", "userId", "Ho", "Ten", "NgaySinh", "GioiTinh", "SDT", "DiaChi", "MaCoSo", "MaKhoa", "TrangThai", "NgayNhapHoc")
VALUES ('NGOCTRUCSV0016', 'NGOCTRUCSV0016U', 'Mạc', 'Nghĩa', '2002-03-06', 'Nu', '0981947440', 'Phú Yên', 'NGOCTRUC', 'VT', 'BaoLuu', '2021-06-28')
ON CONFLICT ("MaSV") DO NOTHING;
INSERT INTO "SinhVien" ("MaSV", "userId", "Ho", "Ten", "NgaySinh", "GioiTinh", "SDT", "DiaChi", "MaCoSo", "MaKhoa", "TrangThai", "NgayNhapHoc")
VALUES ('NGOCTRUCSV0017', 'NGOCTRUCSV0017U', 'Đặng', 'Hoàng', '2003-12-08', 'Nam', '0909561218', 'Vĩnh Phúc', 'NGOCTRUC', 'CNTT', 'DangHoc', '2024-11-23')
ON CONFLICT ("MaSV") DO NOTHING;
INSERT INTO "SinhVien" ("MaSV", "userId", "Ho", "Ten", "NgaySinh", "GioiTinh", "SDT", "DiaChi", "MaCoSo", "MaKhoa", "TrangThai", "NgayNhapHoc")
VALUES ('NGOCTRUCSV0018', 'NGOCTRUCSV0018U', 'Đinh', 'Hà', '2000-07-27', 'Nam', '0993973806', 'Quảng Ngãi', 'NGOCTRUC', 'VT', 'BaoLuu', '2020-03-19')
ON CONFLICT ("MaSV") DO NOTHING;
INSERT INTO "SinhVien" ("MaSV", "userId", "Ho", "Ten", "NgaySinh", "GioiTinh", "SDT", "DiaChi", "MaCoSo", "MaKhoa", "TrangThai", "NgayNhapHoc")
VALUES ('NGOCTRUCSV0019', 'NGOCTRUCSV0019U', 'Ngô', 'Hiền', '2004-05-09', 'Nu', '0915090048', 'Thái Bình', 'NGOCTRUC', 'KT', 'DangHoc', '2020-02-18')
ON CONFLICT ("MaSV") DO NOTHING;
INSERT INTO "SinhVien" ("MaSV", "userId", "Ho", "Ten", "NgaySinh", "GioiTinh", "SDT", "DiaChi", "MaCoSo", "MaKhoa", "TrangThai", "NgayNhapHoc")
VALUES ('NGOCTRUCSV0020', 'NGOCTRUCSV0020U', 'Phạm', 'Quỳnh', '2002-09-24', 'Nam', '0953587600', 'Hà Nội', 'NGOCTRUC', 'ATTT', 'DangHoc', '2020-09-15')
ON CONFLICT ("MaSV") DO NOTHING;
INSERT INTO "SinhVien" ("MaSV", "userId", "Ho", "Ten", "NgaySinh", "GioiTinh", "SDT", "DiaChi", "MaCoSo", "MaKhoa", "TrangThai", "NgayNhapHoc")
VALUES ('NGOCTRUCSV0021', 'NGOCTRUCSV0021U', 'Cao', 'Bảo', '2000-03-24', 'Nam', '0997431108', 'Quảng Bình', 'NGOCTRUC', 'CNTT', 'DangHoc', '2021-03-14')
ON CONFLICT ("MaSV") DO NOTHING;
INSERT INTO "SinhVien" ("MaSV", "userId", "Ho", "Ten", "NgaySinh", "GioiTinh", "SDT", "DiaChi", "MaCoSo", "MaKhoa", "TrangThai", "NgayNhapHoc")
VALUES ('NGOCTRUCSV0022', 'NGOCTRUCSV0022U', 'Huỳnh', 'Bích', '2002-04-18', 'Nu', '0919305318', 'Ninh Bình', 'NGOCTRUC', 'CNTT', 'DangHoc', '2023-02-26')
ON CONFLICT ("MaSV") DO NOTHING;
INSERT INTO "SinhVien" ("MaSV", "userId", "Ho", "Ten", "NgaySinh", "GioiTinh", "SDT", "DiaChi", "MaCoSo", "MaKhoa", "TrangThai", "NgayNhapHoc")
VALUES ('NGOCTRUCSV0023', 'NGOCTRUCSV0023U', 'Ngô', 'My', '2000-05-05', 'Nam', '0971869577', 'Quảng Ngãi', 'NGOCTRUC', 'ATTT', 'BaoLuu', '2024-06-14')
ON CONFLICT ("MaSV") DO NOTHING;
INSERT INTO "SinhVien" ("MaSV", "userId", "Ho", "Ten", "NgaySinh", "GioiTinh", "SDT", "DiaChi", "MaCoSo", "MaKhoa", "TrangThai", "NgayNhapHoc")
VALUES ('NGOCTRUCSV0024', 'NGOCTRUCSV0024U', 'Đỗ', 'Phát', '2004-10-07', 'Nam', '0997696620', 'Thái Bình', 'NGOCTRUC', 'VT', 'DangHoc', '2021-09-18')
ON CONFLICT ("MaSV") DO NOTHING;
INSERT INTO "SinhVien" ("MaSV", "userId", "Ho", "Ten", "NgaySinh", "GioiTinh", "SDT", "DiaChi", "MaCoSo", "MaKhoa", "TrangThai", "NgayNhapHoc")
VALUES ('NGOCTRUCSV0025', 'NGOCTRUCSV0025U', 'Trương', 'Lam', '2006-09-28', 'Nu', '0932753905', 'Ninh Thuận', 'NGOCTRUC', 'ATTT', 'BaoLuu', '2020-10-31')
ON CONFLICT ("MaSV") DO NOTHING;
INSERT INTO "SinhVien" ("MaSV", "userId", "Ho", "Ten", "NgaySinh", "GioiTinh", "SDT", "DiaChi", "MaCoSo", "MaKhoa", "TrangThai", "NgayNhapHoc")
VALUES ('NGOCTRUCSV0026', 'NGOCTRUCSV0026U', 'Lưu', 'Thắm', '2001-05-01', 'Nu', '0958410453', 'Thừa Thiên Huế', 'NGOCTRUC', 'ATTT', 'DangHoc', '2024-04-04')
ON CONFLICT ("MaSV") DO NOTHING;
INSERT INTO "SinhVien" ("MaSV", "userId", "Ho", "Ten", "NgaySinh", "GioiTinh", "SDT", "DiaChi", "MaCoSo", "MaKhoa", "TrangThai", "NgayNhapHoc")
VALUES ('NGOCTRUCSV0027', 'NGOCTRUCSV0027U', 'Huỳnh', 'Bích', '2005-03-28', 'Nam', '0999005509', 'Bình Thuận', 'NGOCTRUC', 'KT', 'DangHoc', '2022-06-23')
ON CONFLICT ("MaSV") DO NOTHING;
INSERT INTO "SinhVien" ("MaSV", "userId", "Ho", "Ten", "NgaySinh", "GioiTinh", "SDT", "DiaChi", "MaCoSo", "MaKhoa", "TrangThai", "NgayNhapHoc")
VALUES ('NGOCTRUCSV0028', 'NGOCTRUCSV0028U', 'Trịnh', 'Loan', '2000-01-06', 'Nam', '0942622123', 'Quảng Ngãi', 'NGOCTRUC', 'KT', 'BaoLuu', '2021-03-09')
ON CONFLICT ("MaSV") DO NOTHING;
INSERT INTO "SinhVien" ("MaSV", "userId", "Ho", "Ten", "NgaySinh", "GioiTinh", "SDT", "DiaChi", "MaCoSo", "MaKhoa", "TrangThai", "NgayNhapHoc")
VALUES ('NGOCTRUCSV0029', 'NGOCTRUCSV0029U', 'Ngô', 'Em', '2004-09-23', 'Nam', '0985979130', 'Bình Định', 'NGOCTRUC', 'KT', 'DangHoc', '2021-07-15')
ON CONFLICT ("MaSV") DO NOTHING;
INSERT INTO "SinhVien" ("MaSV", "userId", "Ho", "Ten", "NgaySinh", "GioiTinh", "SDT", "DiaChi", "MaCoSo", "MaKhoa", "TrangThai", "NgayNhapHoc")
VALUES ('NGOCTRUCSV0030', 'NGOCTRUCSV0030U', 'Vũ', 'Dung', '2005-01-23', 'Nu', '0989046017', 'Đà Nẵng', 'NGOCTRUC', 'ATTT', 'DangHoc', '2024-07-22')
ON CONFLICT ("MaSV") DO NOTHING;
INSERT INTO "SinhVien" ("MaSV", "userId", "Ho", "Ten", "NgaySinh", "GioiTinh", "SDT", "DiaChi", "MaCoSo", "MaKhoa", "TrangThai", "NgayNhapHoc")
VALUES ('NGOCTRUCSV0031', 'NGOCTRUCSV0031U', 'Đinh', 'Vân', '2005-08-17', 'Nu', '0927008050', 'Thanh Hóa', 'NGOCTRUC', 'CNTT', 'DangHoc', '2021-01-30')
ON CONFLICT ("MaSV") DO NOTHING;
INSERT INTO "SinhVien" ("MaSV", "userId", "Ho", "Ten", "NgaySinh", "GioiTinh", "SDT", "DiaChi", "MaCoSo", "MaKhoa", "TrangThai", "NgayNhapHoc")
VALUES ('NGOCTRUCSV0032', 'NGOCTRUCSV0032U', 'Phan', 'Bình', '2000-10-31', 'Nu', '0907436088', 'Phú Yên', 'NGOCTRUC', 'CNTT', 'DangHoc', '2024-05-06')
ON CONFLICT ("MaSV") DO NOTHING;
INSERT INTO "SinhVien" ("MaSV", "userId", "Ho", "Ten", "NgaySinh", "GioiTinh", "SDT", "DiaChi", "MaCoSo", "MaKhoa", "TrangThai", "NgayNhapHoc")
VALUES ('NGOCTRUCSV0033', 'NGOCTRUCSV0033U', 'Phạm', 'Hạnh', '2002-04-18', 'Nu', '0984555822', 'Khánh Hòa', 'NGOCTRUC', 'VT', 'DangHoc', '2024-02-19')
ON CONFLICT ("MaSV") DO NOTHING;
INSERT INTO "SinhVien" ("MaSV", "userId", "Ho", "Ten", "NgaySinh", "GioiTinh", "SDT", "DiaChi", "MaCoSo", "MaKhoa", "TrangThai", "NgayNhapHoc")
VALUES ('NGOCTRUCSV0034', 'NGOCTRUCSV0034U', 'Đinh', 'Thu', '2000-07-14', 'Nam', '0935742848', 'Phú Yên', 'NGOCTRUC', 'VT', 'DangHoc', '2022-03-06')
ON CONFLICT ("MaSV") DO NOTHING;
INSERT INTO "SinhVien" ("MaSV", "userId", "Ho", "Ten", "NgaySinh", "GioiTinh", "SDT", "DiaChi", "MaCoSo", "MaKhoa", "TrangThai", "NgayNhapHoc")
VALUES ('NGOCTRUCSV0035', 'NGOCTRUCSV0035U', 'Trương', 'Tâm', '2004-05-27', 'Nu', '0954276851', 'Thừa Thiên Huế', 'NGOCTRUC', 'VT', 'DangHoc', '2022-04-24')
ON CONFLICT ("MaSV") DO NOTHING;
INSERT INTO "SinhVien" ("MaSV", "userId", "Ho", "Ten", "NgaySinh", "GioiTinh", "SDT", "DiaChi", "MaCoSo", "MaKhoa", "TrangThai", "NgayNhapHoc")
VALUES ('NGOCTRUCSV0036', 'NGOCTRUCSV0036U', 'Trương', 'Huy', '2000-01-20', 'Nam', '0972149561', 'Hải Dương', 'NGOCTRUC', 'KT', 'DangHoc', '2022-10-30')
ON CONFLICT ("MaSV") DO NOTHING;
INSERT INTO "SinhVien" ("MaSV", "userId", "Ho", "Ten", "NgaySinh", "GioiTinh", "SDT", "DiaChi", "MaCoSo", "MaKhoa", "TrangThai", "NgayNhapHoc")
VALUES ('NGOCTRUCSV0037', 'NGOCTRUCSV0037U', 'Vũ', 'Tiến', '2000-10-05', 'Nu', '0931023056', 'Thừa Thiên Huế', 'NGOCTRUC', 'ATTT', 'DangHoc', '2021-08-19')
ON CONFLICT ("MaSV") DO NOTHING;
INSERT INTO "SinhVien" ("MaSV", "userId", "Ho", "Ten", "NgaySinh", "GioiTinh", "SDT", "DiaChi", "MaCoSo", "MaKhoa", "TrangThai", "NgayNhapHoc")
VALUES ('NGOCTRUCSV0038', 'NGOCTRUCSV0038U', 'Ngô', 'Châu', '2006-08-18', 'Nam', '0905237586', 'Đà Nẵng', 'NGOCTRUC', 'CNTT', 'DangHoc', '2021-07-17')
ON CONFLICT ("MaSV") DO NOTHING;
INSERT INTO "SinhVien" ("MaSV", "userId", "Ho", "Ten", "NgaySinh", "GioiTinh", "SDT", "DiaChi", "MaCoSo", "MaKhoa", "TrangThai", "NgayNhapHoc")
VALUES ('NGOCTRUCSV0039', 'NGOCTRUCSV0039U', 'Ngô', 'Tiến', '2000-12-15', 'Nam', '0926796423', 'Bình Thuận', 'NGOCTRUC', 'KT', 'DangHoc', '2021-01-23')
ON CONFLICT ("MaSV") DO NOTHING;
INSERT INTO "SinhVien" ("MaSV", "userId", "Ho", "Ten", "NgaySinh", "GioiTinh", "SDT", "DiaChi", "MaCoSo", "MaKhoa", "TrangThai", "NgayNhapHoc")
VALUES ('NGOCTRUCSV0040', 'NGOCTRUCSV0040U', 'Tạ', 'Hà', '2000-10-28', 'Nu', '0951728559', 'Thừa Thiên Huế', 'NGOCTRUC', 'VT', 'DangHoc', '2023-04-22')
ON CONFLICT ("MaSV") DO NOTHING;
INSERT INTO "SinhVien" ("MaSV", "userId", "Ho", "Ten", "NgaySinh", "GioiTinh", "SDT", "DiaChi", "MaCoSo", "MaKhoa", "TrangThai", "NgayNhapHoc")
VALUES ('NGOCTRUCSV0041', 'NGOCTRUCSV0041U', 'Tạ', 'Trọng', '2005-06-03', 'Nu', '0906101074', 'Hà Nội', 'NGOCTRUC', 'KT', 'DangHoc', '2023-08-28')
ON CONFLICT ("MaSV") DO NOTHING;
INSERT INTO "SinhVien" ("MaSV", "userId", "Ho", "Ten", "NgaySinh", "GioiTinh", "SDT", "DiaChi", "MaCoSo", "MaKhoa", "TrangThai", "NgayNhapHoc")
VALUES ('NGOCTRUCSV0042', 'NGOCTRUCSV0042U', 'Ngô', 'Vinh', '2004-01-19', 'Nam', '0967316417', 'Bắc Ninh', 'NGOCTRUC', 'ATTT', 'DangHoc', '2021-10-25')
ON CONFLICT ("MaSV") DO NOTHING;
INSERT INTO "SinhVien" ("MaSV", "userId", "Ho", "Ten", "NgaySinh", "GioiTinh", "SDT", "DiaChi", "MaCoSo", "MaKhoa", "TrangThai", "NgayNhapHoc")
VALUES ('NGOCTRUCSV0043', 'NGOCTRUCSV0043U', 'Nguyễn', 'Phát', '2000-10-12', 'Nu', '0981228260', 'Nam Định', 'NGOCTRUC', 'VT', 'DangHoc', '2021-03-29')
ON CONFLICT ("MaSV") DO NOTHING;
INSERT INTO "SinhVien" ("MaSV", "userId", "Ho", "Ten", "NgaySinh", "GioiTinh", "SDT", "DiaChi", "MaCoSo", "MaKhoa", "TrangThai", "NgayNhapHoc")
VALUES ('NGOCTRUCSV0044', 'NGOCTRUCSV0044U', 'Vũ', 'Hiền', '2002-07-04', 'Nu', '0961965808', 'Khánh Hòa', 'NGOCTRUC', 'ATTT', 'DangHoc', '2022-08-25')
ON CONFLICT ("MaSV") DO NOTHING;
INSERT INTO "SinhVien" ("MaSV", "userId", "Ho", "Ten", "NgaySinh", "GioiTinh", "SDT", "DiaChi", "MaCoSo", "MaKhoa", "TrangThai", "NgayNhapHoc")
VALUES ('NGOCTRUCSV0045', 'NGOCTRUCSV0045U', 'Ngô', 'Anh', '2006-05-22', 'Nu', '0956295251', 'Bình Định', 'NGOCTRUC', 'ATTT', 'DangHoc', '2024-08-20')
ON CONFLICT ("MaSV") DO NOTHING;
INSERT INTO "SinhVien" ("MaSV", "userId", "Ho", "Ten", "NgaySinh", "GioiTinh", "SDT", "DiaChi", "MaCoSo", "MaKhoa", "TrangThai", "NgayNhapHoc")
VALUES ('NGOCTRUCSV0046', 'NGOCTRUCSV0046U', 'Lê', 'Thắm', '2000-09-01', 'Nam', '0958343065', 'Quảng Nam', 'NGOCTRUC', 'KT', 'BaoLuu', '2024-05-10')
ON CONFLICT ("MaSV") DO NOTHING;
INSERT INTO "SinhVien" ("MaSV", "userId", "Ho", "Ten", "NgaySinh", "GioiTinh", "SDT", "DiaChi", "MaCoSo", "MaKhoa", "TrangThai", "NgayNhapHoc")
VALUES ('NGOCTRUCSV0047', 'NGOCTRUCSV0047U', 'Đỗ', 'An', '2006-06-28', 'Nam', '0908377901', 'Quảng Ngãi', 'NGOCTRUC', 'ATTT', 'DangHoc', '2023-11-08')
ON CONFLICT ("MaSV") DO NOTHING;
INSERT INTO "SinhVien" ("MaSV", "userId", "Ho", "Ten", "NgaySinh", "GioiTinh", "SDT", "DiaChi", "MaCoSo", "MaKhoa", "TrangThai", "NgayNhapHoc")
VALUES ('NGOCTRUCSV0048', 'NGOCTRUCSV0048U', 'Vũ', 'Tâm', '2004-09-01', 'Nam', '0949153083', 'Nam Định', 'NGOCTRUC', 'CNTT', 'DangHoc', '2022-07-18')
ON CONFLICT ("MaSV") DO NOTHING;
INSERT INTO "SinhVien" ("MaSV", "userId", "Ho", "Ten", "NgaySinh", "GioiTinh", "SDT", "DiaChi", "MaCoSo", "MaKhoa", "TrangThai", "NgayNhapHoc")
VALUES ('NGOCTRUCSV0049', 'NGOCTRUCSV0049U', 'Bùi', 'Yến', '2000-09-22', 'Nam', '0933730826', 'Nghệ An', 'NGOCTRUC', 'CNTT', 'DangHoc', '2024-08-02')
ON CONFLICT ("MaSV") DO NOTHING;
INSERT INTO "SinhVien" ("MaSV", "userId", "Ho", "Ten", "NgaySinh", "GioiTinh", "SDT", "DiaChi", "MaCoSo", "MaKhoa", "TrangThai", "NgayNhapHoc")
VALUES ('NGOCTRUCSV0050', 'NGOCTRUCSV0050U', 'Cao', 'Lan', '2001-05-02', 'Nu', '0915952221', 'Bắc Ninh', 'NGOCTRUC', 'KT', 'BaoLuu', '2020-05-02')
ON CONFLICT ("MaSV") DO NOTHING;
INSERT INTO "SinhVien" ("MaSV", "userId", "Ho", "Ten", "NgaySinh", "GioiTinh", "SDT", "DiaChi", "MaCoSo", "MaKhoa", "TrangThai", "NgayNhapHoc")
VALUES ('NGOCTRUCSV0051', 'NGOCTRUCSV0051U', 'Lưu', 'Sơn', '2004-07-28', 'Nam', '0944276512', 'Quảng Nam', 'NGOCTRUC', 'ATTT', 'DangHoc', '2021-05-22')
ON CONFLICT ("MaSV") DO NOTHING;
INSERT INTO "SinhVien" ("MaSV", "userId", "Ho", "Ten", "NgaySinh", "GioiTinh", "SDT", "DiaChi", "MaCoSo", "MaKhoa", "TrangThai", "NgayNhapHoc")
VALUES ('NGOCTRUCSV0052', 'NGOCTRUCSV0052U', 'Phạm', 'Bình', '2005-09-24', 'Nam', '0938934308', 'Nghệ An', 'NGOCTRUC', 'KT', 'DangHoc', '2023-05-20')
ON CONFLICT ("MaSV") DO NOTHING;
INSERT INTO "SinhVien" ("MaSV", "userId", "Ho", "Ten", "NgaySinh", "GioiTinh", "SDT", "DiaChi", "MaCoSo", "MaKhoa", "TrangThai", "NgayNhapHoc")
VALUES ('NGOCTRUCSV0053', 'NGOCTRUCSV0053U', 'Đặng', 'Sơn', '2000-10-16', 'Nu', '0922322776', 'Đà Nẵng', 'NGOCTRUC', 'CNTT', 'DangHoc', '2024-02-17')
ON CONFLICT ("MaSV") DO NOTHING;
INSERT INTO "SinhVien" ("MaSV", "userId", "Ho", "Ten", "NgaySinh", "GioiTinh", "SDT", "DiaChi", "MaCoSo", "MaKhoa", "TrangThai", "NgayNhapHoc")
VALUES ('NGOCTRUCSV0054', 'NGOCTRUCSV0054U', 'Cao', 'Thúy', '2002-04-18', 'Nu', '0902253891', 'Thái Bình', 'NGOCTRUC', 'VT', 'DangHoc', '2022-03-13')
ON CONFLICT ("MaSV") DO NOTHING;
INSERT INTO "SinhVien" ("MaSV", "userId", "Ho", "Ten", "NgaySinh", "GioiTinh", "SDT", "DiaChi", "MaCoSo", "MaKhoa", "TrangThai", "NgayNhapHoc")
VALUES ('NGOCTRUCSV0055', 'NGOCTRUCSV0055U', 'Hoàng', 'Tuấn', '2000-07-12', 'Nam', '0979191894', 'Nghệ An', 'NGOCTRUC', 'ATTT', 'DangHoc', '2020-01-24')
ON CONFLICT ("MaSV") DO NOTHING;
INSERT INTO "SinhVien" ("MaSV", "userId", "Ho", "Ten", "NgaySinh", "GioiTinh", "SDT", "DiaChi", "MaCoSo", "MaKhoa", "TrangThai", "NgayNhapHoc")
VALUES ('NGOCTRUCSV0056', 'NGOCTRUCSV0056U', 'Mạc', 'Việt', '2003-03-16', 'Nam', '0991450863', 'Khánh Hòa', 'NGOCTRUC', 'VT', 'BaoLuu', '2021-03-17')
ON CONFLICT ("MaSV") DO NOTHING;
INSERT INTO "SinhVien" ("MaSV", "userId", "Ho", "Ten", "NgaySinh", "GioiTinh", "SDT", "DiaChi", "MaCoSo", "MaKhoa", "TrangThai", "NgayNhapHoc")
VALUES ('NGOCTRUCSV0057', 'NGOCTRUCSV0057U', 'Tạ', 'Linh', '2004-08-15', 'Nam', '0912419313', 'Quảng Bình', 'NGOCTRUC', 'CNTT', 'BaoLuu', '2022-09-23')
ON CONFLICT ("MaSV") DO NOTHING;
INSERT INTO "SinhVien" ("MaSV", "userId", "Ho", "Ten", "NgaySinh", "GioiTinh", "SDT", "DiaChi", "MaCoSo", "MaKhoa", "TrangThai", "NgayNhapHoc")
VALUES ('NGOCTRUCSV0058', 'NGOCTRUCSV0058U', 'Huỳnh', 'An', '2002-12-03', 'Nam', '0953651236', 'Quảng Ngãi', 'NGOCTRUC', 'ATTT', 'DangHoc', '2020-07-03')
ON CONFLICT ("MaSV") DO NOTHING;
INSERT INTO "SinhVien" ("MaSV", "userId", "Ho", "Ten", "NgaySinh", "GioiTinh", "SDT", "DiaChi", "MaCoSo", "MaKhoa", "TrangThai", "NgayNhapHoc")
VALUES ('NGOCTRUCSV0059', 'NGOCTRUCSV0059U', 'Dương', 'Ly', '2003-08-15', 'Nam', '0902795371', 'Nam Định', 'NGOCTRUC', 'ATTT', 'DangHoc', '2020-05-26')
ON CONFLICT ("MaSV") DO NOTHING;
INSERT INTO "SinhVien" ("MaSV", "userId", "Ho", "Ten", "NgaySinh", "GioiTinh", "SDT", "DiaChi", "MaCoSo", "MaKhoa", "TrangThai", "NgayNhapHoc")
VALUES ('NGOCTRUCSV0060', 'NGOCTRUCSV0060U', 'Hoàng', 'An', '2004-12-18', 'Nam', '0957931103', 'Khánh Hòa', 'NGOCTRUC', 'VT', 'DangHoc', '2022-07-07')
ON CONFLICT ("MaSV") DO NOTHING;
INSERT INTO "SinhVien" ("MaSV", "userId", "Ho", "Ten", "NgaySinh", "GioiTinh", "SDT", "DiaChi", "MaCoSo", "MaKhoa", "TrangThai", "NgayNhapHoc")
VALUES ('NGOCTRUCSV0061', 'NGOCTRUCSV0061U', 'Trần', 'Nga', '2003-12-06', 'Nu', '0949178196', 'Quảng Trị', 'NGOCTRUC', 'CNTT', 'BaoLuu', '2020-04-07')
ON CONFLICT ("MaSV") DO NOTHING;
INSERT INTO "SinhVien" ("MaSV", "userId", "Ho", "Ten", "NgaySinh", "GioiTinh", "SDT", "DiaChi", "MaCoSo", "MaKhoa", "TrangThai", "NgayNhapHoc")
VALUES ('NGOCTRUCSV0062', 'NGOCTRUCSV0062U', 'Bùi', 'My', '2003-05-14', 'Nu', '0956299399', 'Quảng Ngãi', 'NGOCTRUC', 'CNTT', 'DangHoc', '2024-10-05')
ON CONFLICT ("MaSV") DO NOTHING;
INSERT INTO "SinhVien" ("MaSV", "userId", "Ho", "Ten", "NgaySinh", "GioiTinh", "SDT", "DiaChi", "MaCoSo", "MaKhoa", "TrangThai", "NgayNhapHoc")
VALUES ('NGOCTRUCSV0063', 'NGOCTRUCSV0063U', 'Hoàng', 'Anh', '2000-06-21', 'Nu', '0946674494', 'Nam Định', 'NGOCTRUC', 'CNTT', 'DangHoc', '2023-03-10')
ON CONFLICT ("MaSV") DO NOTHING;
INSERT INTO "SinhVien" ("MaSV", "userId", "Ho", "Ten", "NgaySinh", "GioiTinh", "SDT", "DiaChi", "MaCoSo", "MaKhoa", "TrangThai", "NgayNhapHoc")
VALUES ('NGOCTRUCSV0064', 'NGOCTRUCSV0064U', 'Đỗ', 'Tiến', '2002-11-16', 'Nu', '0939504004', 'Phú Yên', 'NGOCTRUC', 'KT', 'DangHoc', '2023-02-28')
ON CONFLICT ("MaSV") DO NOTHING;
INSERT INTO "SinhVien" ("MaSV", "userId", "Ho", "Ten", "NgaySinh", "GioiTinh", "SDT", "DiaChi", "MaCoSo", "MaKhoa", "TrangThai", "NgayNhapHoc")
VALUES ('NGOCTRUCSV0065', 'NGOCTRUCSV0065U', 'Ngô', 'An', '2006-12-07', 'Nam', '0954953151', 'Thanh Hóa', 'NGOCTRUC', 'KT', 'BaoLuu', '2020-03-29')
ON CONFLICT ("MaSV") DO NOTHING;
INSERT INTO "SinhVien" ("MaSV", "userId", "Ho", "Ten", "NgaySinh", "GioiTinh", "SDT", "DiaChi", "MaCoSo", "MaKhoa", "TrangThai", "NgayNhapHoc")
VALUES ('NGOCTRUCSV0066', 'NGOCTRUCSV0066U', 'Hồ', 'Hương', '2004-01-17', 'Nam', '0933546056', 'Khánh Hòa', 'NGOCTRUC', 'CNTT', 'DangHoc', '2020-06-28')
ON CONFLICT ("MaSV") DO NOTHING;
INSERT INTO "SinhVien" ("MaSV", "userId", "Ho", "Ten", "NgaySinh", "GioiTinh", "SDT", "DiaChi", "MaCoSo", "MaKhoa", "TrangThai", "NgayNhapHoc")
VALUES ('NGOCTRUCSV0067', 'NGOCTRUCSV0067U', 'Hồ', 'Toàn', '2002-12-16', 'Nam', '0981377769', 'Ninh Bình', 'NGOCTRUC', 'CNTT', 'DangHoc', '2022-10-06')
ON CONFLICT ("MaSV") DO NOTHING;
INSERT INTO "SinhVien" ("MaSV", "userId", "Ho", "Ten", "NgaySinh", "GioiTinh", "SDT", "DiaChi", "MaCoSo", "MaKhoa", "TrangThai", "NgayNhapHoc")
VALUES ('NGOCTRUCSV0068', 'NGOCTRUCSV0068U', 'Đinh', 'Em', '2006-06-20', 'Nam', '0902382907', 'Thái Bình', 'NGOCTRUC', 'KT', 'DangHoc', '2024-05-05')
ON CONFLICT ("MaSV") DO NOTHING;
INSERT INTO "SinhVien" ("MaSV", "userId", "Ho", "Ten", "NgaySinh", "GioiTinh", "SDT", "DiaChi", "MaCoSo", "MaKhoa", "TrangThai", "NgayNhapHoc")
VALUES ('NGOCTRUCSV0069', 'NGOCTRUCSV0069U', 'Đỗ', 'Việt', '2000-05-07', 'Nu', '0901620059', 'Bình Định', 'NGOCTRUC', 'KT', 'DangHoc', '2021-04-26')
ON CONFLICT ("MaSV") DO NOTHING;
INSERT INTO "SinhVien" ("MaSV", "userId", "Ho", "Ten", "NgaySinh", "GioiTinh", "SDT", "DiaChi", "MaCoSo", "MaKhoa", "TrangThai", "NgayNhapHoc")
VALUES ('NGOCTRUCSV0070', 'NGOCTRUCSV0070U', 'Bùi', 'Thảo', '2003-04-25', 'Nam', '0918522576', 'Nam Định', 'NGOCTRUC', 'ATTT', 'BaoLuu', '2023-04-17')
ON CONFLICT ("MaSV") DO NOTHING;
INSERT INTO "SinhVien" ("MaSV", "userId", "Ho", "Ten", "NgaySinh", "GioiTinh", "SDT", "DiaChi", "MaCoSo", "MaKhoa", "TrangThai", "NgayNhapHoc")
VALUES ('NGOCTRUCSV0071', 'NGOCTRUCSV0071U', 'Dương', 'Bích', '2000-08-05', 'Nam', '0935338927', 'Ninh Bình', 'NGOCTRUC', 'CNTT', 'DangHoc', '2023-02-21')
ON CONFLICT ("MaSV") DO NOTHING;
INSERT INTO "SinhVien" ("MaSV", "userId", "Ho", "Ten", "NgaySinh", "GioiTinh", "SDT", "DiaChi", "MaCoSo", "MaKhoa", "TrangThai", "NgayNhapHoc")
VALUES ('NGOCTRUCSV0072', 'NGOCTRUCSV0072U', 'Lưu', 'Tiến', '2001-04-24', 'Nam', '0945666011', 'Quảng Nam', 'NGOCTRUC', 'CNTT', 'DangHoc', '2021-04-19')
ON CONFLICT ("MaSV") DO NOTHING;
INSERT INTO "SinhVien" ("MaSV", "userId", "Ho", "Ten", "NgaySinh", "GioiTinh", "SDT", "DiaChi", "MaCoSo", "MaKhoa", "TrangThai", "NgayNhapHoc")
VALUES ('NGOCTRUCSV0073', 'NGOCTRUCSV0073U', 'Trịnh', 'Khánh', '2006-11-03', 'Nam', '0973642608', 'Bắc Ninh', 'NGOCTRUC', 'CNTT', 'DangHoc', '2020-09-16')
ON CONFLICT ("MaSV") DO NOTHING;
INSERT INTO "SinhVien" ("MaSV", "userId", "Ho", "Ten", "NgaySinh", "GioiTinh", "SDT", "DiaChi", "MaCoSo", "MaKhoa", "TrangThai", "NgayNhapHoc")
VALUES ('NGOCTRUCSV0074', 'NGOCTRUCSV0074U', 'Phạm', 'Dung', '2006-05-18', 'Nam', '0958373573', 'Ninh Bình', 'NGOCTRUC', 'ATTT', 'DangHoc', '2023-04-01')
ON CONFLICT ("MaSV") DO NOTHING;
INSERT INTO "SinhVien" ("MaSV", "userId", "Ho", "Ten", "NgaySinh", "GioiTinh", "SDT", "DiaChi", "MaCoSo", "MaKhoa", "TrangThai", "NgayNhapHoc")
VALUES ('NGOCTRUCSV0075', 'NGOCTRUCSV0075U', 'Trịnh', 'Sơn', '2006-12-24', 'Nam', '0924743826', 'Nghệ An', 'NGOCTRUC', 'CNTT', 'BaoLuu', '2021-04-20')
ON CONFLICT ("MaSV") DO NOTHING;
INSERT INTO "SinhVien" ("MaSV", "userId", "Ho", "Ten", "NgaySinh", "GioiTinh", "SDT", "DiaChi", "MaCoSo", "MaKhoa", "TrangThai", "NgayNhapHoc")
VALUES ('NGOCTRUCSV0076', 'NGOCTRUCSV0076U', 'Trịnh', 'Linh', '2003-05-21', 'Nu', '0932800465', 'Khánh Hòa', 'NGOCTRUC', 'KT', 'DangHoc', '2020-02-10')
ON CONFLICT ("MaSV") DO NOTHING;
INSERT INTO "SinhVien" ("MaSV", "userId", "Ho", "Ten", "NgaySinh", "GioiTinh", "SDT", "DiaChi", "MaCoSo", "MaKhoa", "TrangThai", "NgayNhapHoc")
VALUES ('NGOCTRUCSV0077', 'NGOCTRUCSV0077U', 'Vũ', 'Khánh', '2004-08-11', 'Nu', '0938106612', 'Hà Tĩnh', 'NGOCTRUC', 'KT', 'DangHoc', '2023-09-07')
ON CONFLICT ("MaSV") DO NOTHING;
INSERT INTO "SinhVien" ("MaSV", "userId", "Ho", "Ten", "NgaySinh", "GioiTinh", "SDT", "DiaChi", "MaCoSo", "MaKhoa", "TrangThai", "NgayNhapHoc")
VALUES ('NGOCTRUCSV0078', 'NGOCTRUCSV0078U', 'Đinh', 'Hương', '2001-01-09', 'Nam', '0946427050', 'Ninh Bình', 'NGOCTRUC', 'KT', 'DangHoc', '2020-12-29')
ON CONFLICT ("MaSV") DO NOTHING;
INSERT INTO "SinhVien" ("MaSV", "userId", "Ho", "Ten", "NgaySinh", "GioiTinh", "SDT", "DiaChi", "MaCoSo", "MaKhoa", "TrangThai", "NgayNhapHoc")
VALUES ('NGOCTRUCSV0079', 'NGOCTRUCSV0079U', 'Nguyễn', 'Thúy', '2003-03-09', 'Nu', '0997369834', 'Quảng Ngãi', 'NGOCTRUC', 'ATTT', 'DangHoc', '2020-11-13')
ON CONFLICT ("MaSV") DO NOTHING;
INSERT INTO "SinhVien" ("MaSV", "userId", "Ho", "Ten", "NgaySinh", "GioiTinh", "SDT", "DiaChi", "MaCoSo", "MaKhoa", "TrangThai", "NgayNhapHoc")
VALUES ('NGOCTRUCSV0080', 'NGOCTRUCSV0080U', 'Lê', 'Thắm', '2006-09-22', 'Nu', '0938664408', 'Quảng Bình', 'NGOCTRUC', 'CNTT', 'DangHoc', '2024-03-23')
ON CONFLICT ("MaSV") DO NOTHING;
INSERT INTO "SinhVien" ("MaSV", "userId", "Ho", "Ten", "NgaySinh", "GioiTinh", "SDT", "DiaChi", "MaCoSo", "MaKhoa", "TrangThai", "NgayNhapHoc")
VALUES ('NGOCTRUCSV0081', 'NGOCTRUCSV0081U', 'Đỗ', 'Phát', '2002-11-02', 'Nu', '0993791567', 'Nghệ An', 'NGOCTRUC', 'CNTT', 'DangHoc', '2020-03-23')
ON CONFLICT ("MaSV") DO NOTHING;
INSERT INTO "SinhVien" ("MaSV", "userId", "Ho", "Ten", "NgaySinh", "GioiTinh", "SDT", "DiaChi", "MaCoSo", "MaKhoa", "TrangThai", "NgayNhapHoc")
VALUES ('NGOCTRUCSV0082', 'NGOCTRUCSV0082U', 'Ngô', 'Tuấn', '2005-10-29', 'Nam', '0954188836', 'Quảng Nam', 'NGOCTRUC', 'KT', 'DangHoc', '2021-09-28')
ON CONFLICT ("MaSV") DO NOTHING;
INSERT INTO "SinhVien" ("MaSV", "userId", "Ho", "Ten", "NgaySinh", "GioiTinh", "SDT", "DiaChi", "MaCoSo", "MaKhoa", "TrangThai", "NgayNhapHoc")
VALUES ('NGOCTRUCSV0083', 'NGOCTRUCSV0083U', 'Huỳnh', 'Toàn', '2005-03-11', 'Nam', '0954689802', 'Thái Bình', 'NGOCTRUC', 'CNTT', 'DangHoc', '2023-12-09')
ON CONFLICT ("MaSV") DO NOTHING;
INSERT INTO "SinhVien" ("MaSV", "userId", "Ho", "Ten", "NgaySinh", "GioiTinh", "SDT", "DiaChi", "MaCoSo", "MaKhoa", "TrangThai", "NgayNhapHoc")
VALUES ('NGOCTRUCSV0084', 'NGOCTRUCSV0084U', 'Ngô', 'Em', '2006-06-26', 'Nam', '0991394604', 'Hưng Yên', 'NGOCTRUC', 'KT', 'DangHoc', '2021-09-15')
ON CONFLICT ("MaSV") DO NOTHING;
INSERT INTO "SinhVien" ("MaSV", "userId", "Ho", "Ten", "NgaySinh", "GioiTinh", "SDT", "DiaChi", "MaCoSo", "MaKhoa", "TrangThai", "NgayNhapHoc")
VALUES ('NGOCTRUCSV0085', 'NGOCTRUCSV0085U', 'Bùi', 'Trọng', '2002-04-04', 'Nu', '0902759241', 'Hưng Yên', 'NGOCTRUC', 'ATTT', 'DangHoc', '2022-09-16')
ON CONFLICT ("MaSV") DO NOTHING;
INSERT INTO "SinhVien" ("MaSV", "userId", "Ho", "Ten", "NgaySinh", "GioiTinh", "SDT", "DiaChi", "MaCoSo", "MaKhoa", "TrangThai", "NgayNhapHoc")
VALUES ('NGOCTRUCSV0086', 'NGOCTRUCSV0086U', 'Lưu', 'Sang', '2006-04-15', 'Nu', '0942180457', 'Hà Tĩnh', 'NGOCTRUC', 'KT', 'DangHoc', '2024-06-08')
ON CONFLICT ("MaSV") DO NOTHING;
INSERT INTO "SinhVien" ("MaSV", "userId", "Ho", "Ten", "NgaySinh", "GioiTinh", "SDT", "DiaChi", "MaCoSo", "MaKhoa", "TrangThai", "NgayNhapHoc")
VALUES ('NGOCTRUCSV0087', 'NGOCTRUCSV0087U', 'Phạm', 'Thịnh', '2000-04-08', 'Nam', '0908934041', 'Ninh Thuận', 'NGOCTRUC', 'ATTT', 'DangHoc', '2020-07-19')
ON CONFLICT ("MaSV") DO NOTHING;
INSERT INTO "SinhVien" ("MaSV", "userId", "Ho", "Ten", "NgaySinh", "GioiTinh", "SDT", "DiaChi", "MaCoSo", "MaKhoa", "TrangThai", "NgayNhapHoc")
VALUES ('NGOCTRUCSV0088', 'NGOCTRUCSV0088U', 'Hoàng', 'Hương', '2002-06-09', 'Nam', '0931392203', 'Hà Nội', 'NGOCTRUC', 'CNTT', 'DangHoc', '2021-04-08')
ON CONFLICT ("MaSV") DO NOTHING;
INSERT INTO "SinhVien" ("MaSV", "userId", "Ho", "Ten", "NgaySinh", "GioiTinh", "SDT", "DiaChi", "MaCoSo", "MaKhoa", "TrangThai", "NgayNhapHoc")
VALUES ('NGOCTRUCSV0089', 'NGOCTRUCSV0089U', 'Hồ', 'Châu', '2004-10-25', 'Nu', '0979141990', 'Hải Dương', 'NGOCTRUC', 'ATTT', 'BaoLuu', '2024-11-21')
ON CONFLICT ("MaSV") DO NOTHING;
INSERT INTO "SinhVien" ("MaSV", "userId", "Ho", "Ten", "NgaySinh", "GioiTinh", "SDT", "DiaChi", "MaCoSo", "MaKhoa", "TrangThai", "NgayNhapHoc")
VALUES ('NGOCTRUCSV0090', 'NGOCTRUCSV0090U', 'Trịnh', 'An', '2003-11-07', 'Nam', '0905769421', 'Hải Dương', 'NGOCTRUC', 'VT', 'BaoLuu', '2022-12-17')
ON CONFLICT ("MaSV") DO NOTHING;
INSERT INTO "SinhVien" ("MaSV", "userId", "Ho", "Ten", "NgaySinh", "GioiTinh", "SDT", "DiaChi", "MaCoSo", "MaKhoa", "TrangThai", "NgayNhapHoc")
VALUES ('NGOCTRUCSV0091', 'NGOCTRUCSV0091U', 'Trịnh', 'Sang', '2004-03-01', 'Nu', '0919180183', 'Hà Tĩnh', 'NGOCTRUC', 'CNTT', 'DangHoc', '2024-08-17')
ON CONFLICT ("MaSV") DO NOTHING;
INSERT INTO "SinhVien" ("MaSV", "userId", "Ho", "Ten", "NgaySinh", "GioiTinh", "SDT", "DiaChi", "MaCoSo", "MaKhoa", "TrangThai", "NgayNhapHoc")
VALUES ('NGOCTRUCSV0092', 'NGOCTRUCSV0092U', 'Huỳnh', 'Anh', '2000-06-04', 'Nu', '0991686046', 'Hà Nội', 'NGOCTRUC', 'CNTT', 'DangHoc', '2023-07-14')
ON CONFLICT ("MaSV") DO NOTHING;
INSERT INTO "SinhVien" ("MaSV", "userId", "Ho", "Ten", "NgaySinh", "GioiTinh", "SDT", "DiaChi", "MaCoSo", "MaKhoa", "TrangThai", "NgayNhapHoc")
VALUES ('NGOCTRUCSV0093', 'NGOCTRUCSV0093U', 'Phạm', 'Linh', '2001-12-10', 'Nam', '0975213708', 'Đà Nẵng', 'NGOCTRUC', 'KT', 'DangHoc', '2024-06-05')
ON CONFLICT ("MaSV") DO NOTHING;
INSERT INTO "SinhVien" ("MaSV", "userId", "Ho", "Ten", "NgaySinh", "GioiTinh", "SDT", "DiaChi", "MaCoSo", "MaKhoa", "TrangThai", "NgayNhapHoc")
VALUES ('NGOCTRUCSV0094', 'NGOCTRUCSV0094U', 'Ngô', 'Dũng', '2006-04-06', 'Nam', '0947045512', 'Hà Tĩnh', 'NGOCTRUC', 'KT', 'DangHoc', '2021-03-12')
ON CONFLICT ("MaSV") DO NOTHING;
INSERT INTO "SinhVien" ("MaSV", "userId", "Ho", "Ten", "NgaySinh", "GioiTinh", "SDT", "DiaChi", "MaCoSo", "MaKhoa", "TrangThai", "NgayNhapHoc")
VALUES ('NGOCTRUCSV0095', 'NGOCTRUCSV0095U', 'Tạ', 'Thắm', '2002-08-17', 'Nu', '0984763335', 'Hải Phòng', 'NGOCTRUC', 'VT', 'DangHoc', '2023-06-08')
ON CONFLICT ("MaSV") DO NOTHING;
INSERT INTO "SinhVien" ("MaSV", "userId", "Ho", "Ten", "NgaySinh", "GioiTinh", "SDT", "DiaChi", "MaCoSo", "MaKhoa", "TrangThai", "NgayNhapHoc")
VALUES ('NGOCTRUCSV0096', 'NGOCTRUCSV0096U', 'Dương', 'Nam', '2003-07-01', 'Nu', '0988545260', 'Thái Bình', 'NGOCTRUC', 'CNTT', 'DangHoc', '2022-04-27')
ON CONFLICT ("MaSV") DO NOTHING;
INSERT INTO "SinhVien" ("MaSV", "userId", "Ho", "Ten", "NgaySinh", "GioiTinh", "SDT", "DiaChi", "MaCoSo", "MaKhoa", "TrangThai", "NgayNhapHoc")
VALUES ('NGOCTRUCSV0097', 'NGOCTRUCSV0097U', 'Trần', 'Thu', '2003-04-20', 'Nam', '0963465351', 'Thừa Thiên Huế', 'NGOCTRUC', 'KT', 'DangHoc', '2021-08-28')
ON CONFLICT ("MaSV") DO NOTHING;
INSERT INTO "SinhVien" ("MaSV", "userId", "Ho", "Ten", "NgaySinh", "GioiTinh", "SDT", "DiaChi", "MaCoSo", "MaKhoa", "TrangThai", "NgayNhapHoc")
VALUES ('NGOCTRUCSV0098', 'NGOCTRUCSV0098U', 'Hoàng', 'Thi', '2001-05-23', 'Nam', '0949419411', 'Khánh Hòa', 'NGOCTRUC', 'KT', 'BaoLuu', '2023-07-06')
ON CONFLICT ("MaSV") DO NOTHING;
INSERT INTO "SinhVien" ("MaSV", "userId", "Ho", "Ten", "NgaySinh", "GioiTinh", "SDT", "DiaChi", "MaCoSo", "MaKhoa", "TrangThai", "NgayNhapHoc")
VALUES ('NGOCTRUCSV0099', 'NGOCTRUCSV0099U', 'Lê', 'Thắm', '2001-05-05', 'Nu', '0941243826', 'Quảng Trị', 'NGOCTRUC', 'VT', 'DangHoc', '2024-06-10')
ON CONFLICT ("MaSV") DO NOTHING;
INSERT INTO "SinhVien" ("MaSV", "userId", "Ho", "Ten", "NgaySinh", "GioiTinh", "SDT", "DiaChi", "MaCoSo", "MaKhoa", "TrangThai", "NgayNhapHoc")
VALUES ('NGOCTRUCSV0100', 'NGOCTRUCSV0100U', 'Trịnh', 'Vinh', '2001-05-24', 'Nam', '0962646372', 'Hải Phòng', 'NGOCTRUC', 'KT', 'DangHoc', '2022-10-22')
ON CONFLICT ("MaSV") DO NOTHING;
INSERT INTO "SinhVien" ("MaSV", "userId", "Ho", "Ten", "NgaySinh", "GioiTinh", "SDT", "DiaChi", "MaCoSo", "MaKhoa", "TrangThai", "NgayNhapHoc")
VALUES ('NGOCTRUCSV0101', 'NGOCTRUCSV0101U', 'Hồ', 'Yến', '2002-12-31', 'Nam', '0984531624', 'Nam Định', 'NGOCTRUC', 'KT', 'DangHoc', '2023-09-12')
ON CONFLICT ("MaSV") DO NOTHING;
INSERT INTO "SinhVien" ("MaSV", "userId", "Ho", "Ten", "NgaySinh", "GioiTinh", "SDT", "DiaChi", "MaCoSo", "MaKhoa", "TrangThai", "NgayNhapHoc")
VALUES ('NGOCTRUCSV0102', 'NGOCTRUCSV0102U', 'Ngô', 'Hạnh', '2002-09-27', 'Nu', '0966558195', 'Hải Phòng', 'NGOCTRUC', 'ATTT', 'DangHoc', '2024-11-12')
ON CONFLICT ("MaSV") DO NOTHING;
INSERT INTO "SinhVien" ("MaSV", "userId", "Ho", "Ten", "NgaySinh", "GioiTinh", "SDT", "DiaChi", "MaCoSo", "MaKhoa", "TrangThai", "NgayNhapHoc")
VALUES ('NGOCTRUCSV0103', 'NGOCTRUCSV0103U', 'Nguyễn', 'Giang', '2003-07-26', 'Nam', '0958520722', 'Hải Phòng', 'NGOCTRUC', 'KT', 'DangHoc', '2024-02-29')
ON CONFLICT ("MaSV") DO NOTHING;
INSERT INTO "SinhVien" ("MaSV", "userId", "Ho", "Ten", "NgaySinh", "GioiTinh", "SDT", "DiaChi", "MaCoSo", "MaKhoa", "TrangThai", "NgayNhapHoc")
VALUES ('NGOCTRUCSV0104', 'NGOCTRUCSV0104U', 'Phan', 'Dung', '2006-01-04', 'Nu', '0955428745', 'Ninh Bình', 'NGOCTRUC', 'CNTT', 'DangHoc', '2021-05-07')
ON CONFLICT ("MaSV") DO NOTHING;
INSERT INTO "SinhVien" ("MaSV", "userId", "Ho", "Ten", "NgaySinh", "GioiTinh", "SDT", "DiaChi", "MaCoSo", "MaKhoa", "TrangThai", "NgayNhapHoc")
VALUES ('NGOCTRUCSV0105', 'NGOCTRUCSV0105U', 'Phạm', 'Lan', '2000-06-15', 'Nu', '0951575810', 'Phú Yên', 'NGOCTRUC', 'CNTT', 'BaoLuu', '2024-10-28')
ON CONFLICT ("MaSV") DO NOTHING;
INSERT INTO "SinhVien" ("MaSV", "userId", "Ho", "Ten", "NgaySinh", "GioiTinh", "SDT", "DiaChi", "MaCoSo", "MaKhoa", "TrangThai", "NgayNhapHoc")
VALUES ('NGOCTRUCSV0106', 'NGOCTRUCSV0106U', 'Vương', 'Nam', '2004-11-26', 'Nu', '0984847736', 'Thái Bình', 'NGOCTRUC', 'KT', 'BaoLuu', '2021-09-08')
ON CONFLICT ("MaSV") DO NOTHING;
INSERT INTO "SinhVien" ("MaSV", "userId", "Ho", "Ten", "NgaySinh", "GioiTinh", "SDT", "DiaChi", "MaCoSo", "MaKhoa", "TrangThai", "NgayNhapHoc")
VALUES ('NGOCTRUCSV0107', 'NGOCTRUCSV0107U', 'Đỗ', 'Lan', '2004-03-27', 'Nu', '0908748923', 'Nghệ An', 'NGOCTRUC', 'VT', 'BaoLuu', '2023-05-29')
ON CONFLICT ("MaSV") DO NOTHING;
INSERT INTO "SinhVien" ("MaSV", "userId", "Ho", "Ten", "NgaySinh", "GioiTinh", "SDT", "DiaChi", "MaCoSo", "MaKhoa", "TrangThai", "NgayNhapHoc")
VALUES ('NGOCTRUCSV0108', 'NGOCTRUCSV0108U', 'Vương', 'Khánh', '2004-04-21', 'Nu', '0944952917', 'Bắc Ninh', 'NGOCTRUC', 'CNTT', 'DangHoc', '2020-03-09')
ON CONFLICT ("MaSV") DO NOTHING;
INSERT INTO "SinhVien" ("MaSV", "userId", "Ho", "Ten", "NgaySinh", "GioiTinh", "SDT", "DiaChi", "MaCoSo", "MaKhoa", "TrangThai", "NgayNhapHoc")
VALUES ('NGOCTRUCSV0109', 'NGOCTRUCSV0109U', 'Trần', 'Tuấn', '2000-04-19', 'Nam', '0936978028', 'Thanh Hóa', 'NGOCTRUC', 'CNTT', 'DangHoc', '2023-03-21')
ON CONFLICT ("MaSV") DO NOTHING;
INSERT INTO "SinhVien" ("MaSV", "userId", "Ho", "Ten", "NgaySinh", "GioiTinh", "SDT", "DiaChi", "MaCoSo", "MaKhoa", "TrangThai", "NgayNhapHoc")
VALUES ('NGOCTRUCSV0110', 'NGOCTRUCSV0110U', 'Bùi', 'Trọng', '2006-08-12', 'Nu', '0915661398', 'Quảng Bình', 'NGOCTRUC', 'VT', 'DangHoc', '2022-09-08')
ON CONFLICT ("MaSV") DO NOTHING;
INSERT INTO "SinhVien" ("MaSV", "userId", "Ho", "Ten", "NgaySinh", "GioiTinh", "SDT", "DiaChi", "MaCoSo", "MaKhoa", "TrangThai", "NgayNhapHoc")
VALUES ('NGOCTRUCSV0111', 'NGOCTRUCSV0111U', 'Huỳnh', 'Tiến', '2006-02-08', 'Nu', '0962778966', 'Ninh Bình', 'NGOCTRUC', 'KT', 'DangHoc', '2023-05-27')
ON CONFLICT ("MaSV") DO NOTHING;
INSERT INTO "SinhVien" ("MaSV", "userId", "Ho", "Ten", "NgaySinh", "GioiTinh", "SDT", "DiaChi", "MaCoSo", "MaKhoa", "TrangThai", "NgayNhapHoc")
VALUES ('NGOCTRUCSV0112', 'NGOCTRUCSV0112U', 'Vương', 'Trí', '2005-11-02', 'Nam', '0916626487', 'Quảng Bình', 'NGOCTRUC', 'CNTT', 'BaoLuu', '2021-08-24')
ON CONFLICT ("MaSV") DO NOTHING;
INSERT INTO "SinhVien" ("MaSV", "userId", "Ho", "Ten", "NgaySinh", "GioiTinh", "SDT", "DiaChi", "MaCoSo", "MaKhoa", "TrangThai", "NgayNhapHoc")
VALUES ('NGOCTRUCSV0113', 'NGOCTRUCSV0113U', 'Lê', 'Hương', '2003-02-13', 'Nam', '0979964847', 'Nam Định', 'NGOCTRUC', 'VT', 'DangHoc', '2021-03-03')
ON CONFLICT ("MaSV") DO NOTHING;
INSERT INTO "SinhVien" ("MaSV", "userId", "Ho", "Ten", "NgaySinh", "GioiTinh", "SDT", "DiaChi", "MaCoSo", "MaKhoa", "TrangThai", "NgayNhapHoc")
VALUES ('NGOCTRUCSV0114', 'NGOCTRUCSV0114U', 'Vương', 'Thúy', '2003-07-04', 'Nu', '0975713221', 'Quảng Bình', 'NGOCTRUC', 'CNTT', 'BaoLuu', '2021-09-30')
ON CONFLICT ("MaSV") DO NOTHING;
INSERT INTO "SinhVien" ("MaSV", "userId", "Ho", "Ten", "NgaySinh", "GioiTinh", "SDT", "DiaChi", "MaCoSo", "MaKhoa", "TrangThai", "NgayNhapHoc")
VALUES ('NGOCTRUCSV0115', 'NGOCTRUCSV0115U', 'Hoàng', 'Hạnh', '2006-07-06', 'Nam', '0948391431', 'Ninh Bình', 'NGOCTRUC', 'VT', 'BaoLuu', '2023-02-11')
ON CONFLICT ("MaSV") DO NOTHING;
INSERT INTO "SinhVien" ("MaSV", "userId", "Ho", "Ten", "NgaySinh", "GioiTinh", "SDT", "DiaChi", "MaCoSo", "MaKhoa", "TrangThai", "NgayNhapHoc")
VALUES ('NGOCTRUCSV0116', 'NGOCTRUCSV0116U', 'Lý', 'Hiền', '2004-10-31', 'Nam', '0923381195', 'Ninh Thuận', 'NGOCTRUC', 'VT', 'BaoLuu', '2023-05-30')
ON CONFLICT ("MaSV") DO NOTHING;
INSERT INTO "SinhVien" ("MaSV", "userId", "Ho", "Ten", "NgaySinh", "GioiTinh", "SDT", "DiaChi", "MaCoSo", "MaKhoa", "TrangThai", "NgayNhapHoc")
VALUES ('NGOCTRUCSV0117', 'NGOCTRUCSV0117U', 'Ngô', 'Sơn', '2002-11-21', 'Nam', '0935041000', 'Thừa Thiên Huế', 'NGOCTRUC', 'CNTT', 'DangHoc', '2021-01-20')
ON CONFLICT ("MaSV") DO NOTHING;
INSERT INTO "SinhVien" ("MaSV", "userId", "Ho", "Ten", "NgaySinh", "GioiTinh", "SDT", "DiaChi", "MaCoSo", "MaKhoa", "TrangThai", "NgayNhapHoc")
VALUES ('NGOCTRUCSV0118', 'NGOCTRUCSV0118U', 'Ngô', 'Loan', '2001-12-19', 'Nam', '0981107930', 'Thừa Thiên Huế', 'NGOCTRUC', 'KT', 'DangHoc', '2023-03-29')
ON CONFLICT ("MaSV") DO NOTHING;
INSERT INTO "SinhVien" ("MaSV", "userId", "Ho", "Ten", "NgaySinh", "GioiTinh", "SDT", "DiaChi", "MaCoSo", "MaKhoa", "TrangThai", "NgayNhapHoc")
VALUES ('NGOCTRUCSV0119', 'NGOCTRUCSV0119U', 'Đỗ', 'Phong', '2006-07-29', 'Nam', '0912945521', 'Nghệ An', 'NGOCTRUC', 'KT', 'BaoLuu', '2020-03-06')
ON CONFLICT ("MaSV") DO NOTHING;
INSERT INTO "SinhVien" ("MaSV", "userId", "Ho", "Ten", "NgaySinh", "GioiTinh", "SDT", "DiaChi", "MaCoSo", "MaKhoa", "TrangThai", "NgayNhapHoc")
VALUES ('NGOCTRUCSV0120', 'NGOCTRUCSV0120U', 'Lưu', 'Dung', '2001-02-18', 'Nam', '0963145428', 'Quảng Bình', 'NGOCTRUC', 'KT', 'DangHoc', '2023-08-25')
ON CONFLICT ("MaSV") DO NOTHING;

-- ---- GiangVien ----
INSERT INTO "GiangVien" ("MaGV", "userId", "Ho", "Ten", "HocVi", "HocHam", "SDT", "MaCoSo", "MaKhoa", "TrangThai", "NgayVaoLam")
VALUES ('NGOCTRUCGV001', 'NGOCTRUCGV001U', 'Trịnh', 'Liên', 'ThS', 'GTV', '0996371812', 'NGOCTRUC', 'CNTT', 'TamNghi', '2013-03-26')
ON CONFLICT ("MaGV") DO NOTHING;
INSERT INTO "GiangVien" ("MaGV", "userId", "Ho", "Ten", "HocVi", "HocHam", "SDT", "MaCoSo", "MaKhoa", "TrangThai", "NgayVaoLam")
VALUES ('NGOCTRUCGV002', 'NGOCTRUCGV002U', 'Nguyễn', 'Trang', 'ThS', 'GTV', '0915651969', 'NGOCTRUC', 'CNTT', 'DangCongTac', '2012-12-23')
ON CONFLICT ("MaGV") DO NOTHING;
INSERT INTO "GiangVien" ("MaGV", "userId", "Ho", "Ten", "HocVi", "HocHam", "SDT", "MaCoSo", "MaKhoa", "TrangThai", "NgayVaoLam")
VALUES ('NGOCTRUCGV003', 'NGOCTRUCGV003U', 'Dương', 'Thu', 'TS', NULL, '0948370884', 'NGOCTRUC', 'ATTT', 'DangCongTac', '2022-07-18')
ON CONFLICT ("MaGV") DO NOTHING;
INSERT INTO "GiangVien" ("MaGV", "userId", "Ho", "Ten", "HocVi", "HocHam", "SDT", "MaCoSo", "MaKhoa", "TrangThai", "NgayVaoLam")
VALUES ('NGOCTRUCGV004', 'NGOCTRUCGV004U', 'Trương', 'Thắm', 'TS', NULL, '0989227992', 'NGOCTRUC', 'CNTT', 'DangCongTac', '2014-09-12')
ON CONFLICT ("MaGV") DO NOTHING;
INSERT INTO "GiangVien" ("MaGV", "userId", "Ho", "Ten", "HocVi", "HocHam", "SDT", "MaCoSo", "MaKhoa", "TrangThai", "NgayVaoLam")
VALUES ('NGOCTRUCGV005', 'NGOCTRUCGV005U', 'Ngô', 'Khánh', 'ThS', NULL, '0992792099', 'NGOCTRUC', 'KT', 'DangCongTac', '2016-10-03')
ON CONFLICT ("MaGV") DO NOTHING;
INSERT INTO "GiangVien" ("MaGV", "userId", "Ho", "Ten", "HocVi", "HocHam", "SDT", "MaCoSo", "MaKhoa", "TrangThai", "NgayVaoLam")
VALUES ('NGOCTRUCGV006', 'NGOCTRUCGV006U', 'Dương', 'Quỳnh', 'PGS', NULL, '0927902493', 'NGOCTRUC', 'KT', 'TamNghi', '2016-06-19')
ON CONFLICT ("MaGV") DO NOTHING;
INSERT INTO "GiangVien" ("MaGV", "userId", "Ho", "Ten", "HocVi", "HocHam", "SDT", "MaCoSo", "MaKhoa", "TrangThai", "NgayVaoLam")
VALUES ('NGOCTRUCGV007', 'NGOCTRUCGV007U', 'Huỳnh', 'Lam', 'CN', NULL, '0923308942', 'NGOCTRUC', 'KT', 'DangCongTac', '2020-06-04')
ON CONFLICT ("MaGV") DO NOTHING;
INSERT INTO "GiangVien" ("MaGV", "userId", "Ho", "Ten", "HocVi", "HocHam", "SDT", "MaCoSo", "MaKhoa", "TrangThai", "NgayVaoLam")
VALUES ('NGOCTRUCGV008', 'NGOCTRUCGV008U', 'Lê', 'Ngọc', 'TS', 'PGS', '0993578137', 'NGOCTRUC', 'CNTT', 'TamNghi', '2020-05-07')
ON CONFLICT ("MaGV") DO NOTHING;
INSERT INTO "GiangVien" ("MaGV", "userId", "Ho", "Ten", "HocVi", "HocHam", "SDT", "MaCoSo", "MaKhoa", "TrangThai", "NgayVaoLam")
VALUES ('NGOCTRUCGV009', 'NGOCTRUCGV009U', 'Bùi', 'Thi', 'TS', 'GTV', '0982722116', 'NGOCTRUC', 'KT', 'DangCongTac', '2018-05-05')
ON CONFLICT ("MaGV") DO NOTHING;
INSERT INTO "GiangVien" ("MaGV", "userId", "Ho", "Ten", "HocVi", "HocHam", "SDT", "MaCoSo", "MaKhoa", "TrangThai", "NgayVaoLam")
VALUES ('NGOCTRUCGV010', 'NGOCTRUCGV010U', 'Đỗ', 'Châu', 'PGS', NULL, '0912529884', 'NGOCTRUC', 'ATTT', 'TamNghi', '2010-06-17')
ON CONFLICT ("MaGV") DO NOTHING;
INSERT INTO "GiangVien" ("MaGV", "userId", "Ho", "Ten", "HocVi", "HocHam", "SDT", "MaCoSo", "MaKhoa", "TrangThai", "NgayVaoLam")
VALUES ('NGOCTRUCGV011', 'NGOCTRUCGV011U', 'Lê', 'Nghĩa', 'CN', NULL, '0994417096', 'NGOCTRUC', 'CNTT', 'TamNghi', '2015-10-15')
ON CONFLICT ("MaGV") DO NOTHING;
INSERT INTO "GiangVien" ("MaGV", "userId", "Ho", "Ten", "HocVi", "HocHam", "SDT", "MaCoSo", "MaKhoa", "TrangThai", "NgayVaoLam")
VALUES ('NGOCTRUCGV012', 'NGOCTRUCGV012U', 'Hoàng', 'Bình', 'TS', 'GTV', '0999540019', 'NGOCTRUC', 'VT', 'DangCongTac', '2011-07-23')
ON CONFLICT ("MaGV") DO NOTHING;
INSERT INTO "GiangVien" ("MaGV", "userId", "Ho", "Ten", "HocVi", "HocHam", "SDT", "MaCoSo", "MaKhoa", "TrangThai", "NgayVaoLam")
VALUES ('NGOCTRUCGV013', 'NGOCTRUCGV013U', 'Bùi', 'Quỳnh', 'PGS', 'PGS', '0994935891', 'NGOCTRUC', 'VT', 'TamNghi', '2017-03-22')
ON CONFLICT ("MaGV") DO NOTHING;
INSERT INTO "GiangVien" ("MaGV", "userId", "Ho", "Ten", "HocVi", "HocHam", "SDT", "MaCoSo", "MaKhoa", "TrangThai", "NgayVaoLam")
VALUES ('NGOCTRUCGV014', 'NGOCTRUCGV014U', 'Lý', 'Lan', 'CN', NULL, '0986285212', 'NGOCTRUC', 'CNTT', 'TamNghi', '2012-02-23')
ON CONFLICT ("MaGV") DO NOTHING;
INSERT INTO "GiangVien" ("MaGV", "userId", "Ho", "Ten", "HocVi", "HocHam", "SDT", "MaCoSo", "MaKhoa", "TrangThai", "NgayVaoLam")
VALUES ('NGOCTRUCGV015', 'NGOCTRUCGV015U', 'Trần', 'Hạnh', 'ThS', 'GTV', '0933105632', 'NGOCTRUC', 'ATTT', 'TamNghi', '2015-08-15')
ON CONFLICT ("MaGV") DO NOTHING;
INSERT INTO "GiangVien" ("MaGV", "userId", "Ho", "Ten", "HocVi", "HocHam", "SDT", "MaCoSo", "MaKhoa", "TrangThai", "NgayVaoLam")
VALUES ('NGOCTRUCGV016', 'NGOCTRUCGV016U', 'Đỗ', 'Việt', 'CN', NULL, '0979223017', 'NGOCTRUC', 'KT', 'DangCongTac', '2021-08-15')
ON CONFLICT ("MaGV") DO NOTHING;
INSERT INTO "GiangVien" ("MaGV", "userId", "Ho", "Ten", "HocVi", "HocHam", "SDT", "MaCoSo", "MaKhoa", "TrangThai", "NgayVaoLam")
VALUES ('NGOCTRUCGV017', 'NGOCTRUCGV017U', 'Đỗ', 'Phát', 'TS', NULL, '0935717143', 'NGOCTRUC', 'KT', 'TamNghi', '2019-08-22')
ON CONFLICT ("MaGV") DO NOTHING;
INSERT INTO "GiangVien" ("MaGV", "userId", "Ho", "Ten", "HocVi", "HocHam", "SDT", "MaCoSo", "MaKhoa", "TrangThai", "NgayVaoLam")
VALUES ('NGOCTRUCGV018', 'NGOCTRUCGV018U', 'Ngô', 'Bích', 'PGS', 'PGS', '0945620591', 'NGOCTRUC', 'KT', 'TamNghi', '2022-04-03')
ON CONFLICT ("MaGV") DO NOTHING;
INSERT INTO "GiangVien" ("MaGV", "userId", "Ho", "Ten", "HocVi", "HocHam", "SDT", "MaCoSo", "MaKhoa", "TrangThai", "NgayVaoLam")
VALUES ('NGOCTRUCGV019', 'NGOCTRUCGV019U', 'Phạm', 'Hiền', 'PGS', NULL, '0974568334', 'NGOCTRUC', 'KT', 'DangCongTac', '2019-02-25')
ON CONFLICT ("MaGV") DO NOTHING;
INSERT INTO "GiangVien" ("MaGV", "userId", "Ho", "Ten", "HocVi", "HocHam", "SDT", "MaCoSo", "MaKhoa", "TrangThai", "NgayVaoLam")
VALUES ('NGOCTRUCGV020', 'NGOCTRUCGV020U', 'Dương', 'Tâm', 'PGS', NULL, '0963800901', 'NGOCTRUC', 'KT', 'DangCongTac', '2011-03-31')
ON CONFLICT ("MaGV") DO NOTHING;
INSERT INTO "GiangVien" ("MaGV", "userId", "Ho", "Ten", "HocVi", "HocHam", "SDT", "MaCoSo", "MaKhoa", "TrangThai", "NgayVaoLam")
VALUES ('NGOCTRUCGV021', 'NGOCTRUCGV021U', 'Ngô', 'Tâm', 'PGS', 'PGS', '0992836695', 'NGOCTRUC', 'CNTT', 'TamNghi', '2017-07-09')
ON CONFLICT ("MaGV") DO NOTHING;
INSERT INTO "GiangVien" ("MaGV", "userId", "Ho", "Ten", "HocVi", "HocHam", "SDT", "MaCoSo", "MaKhoa", "TrangThai", "NgayVaoLam")
VALUES ('NGOCTRUCGV022', 'NGOCTRUCGV022U', 'Vương', 'Tâm', 'TS', NULL, '0936507722', 'NGOCTRUC', 'KT', 'TamNghi', '2010-07-24')
ON CONFLICT ("MaGV") DO NOTHING;
INSERT INTO "GiangVien" ("MaGV", "userId", "Ho", "Ten", "HocVi", "HocHam", "SDT", "MaCoSo", "MaKhoa", "TrangThai", "NgayVaoLam")
VALUES ('NGOCTRUCGV023', 'NGOCTRUCGV023U', 'Trương', 'Thúy', 'TS', NULL, '0974784109', 'NGOCTRUC', 'KT', 'DangCongTac', '2022-05-12')
ON CONFLICT ("MaGV") DO NOTHING;
INSERT INTO "GiangVien" ("MaGV", "userId", "Ho", "Ten", "HocVi", "HocHam", "SDT", "MaCoSo", "MaKhoa", "TrangThai", "NgayVaoLam")
VALUES ('NGOCTRUCGV024', 'NGOCTRUCGV024U', 'Hồ', 'An', 'CN', 'PGS', '0907772461', 'NGOCTRUC', 'KT', 'DangCongTac', '2012-08-20')
ON CONFLICT ("MaGV") DO NOTHING;
INSERT INTO "GiangVien" ("MaGV", "userId", "Ho", "Ten", "HocVi", "HocHam", "SDT", "MaCoSo", "MaKhoa", "TrangThai", "NgayVaoLam")
VALUES ('NGOCTRUCGV025', 'NGOCTRUCGV025U', 'Trương', 'Ngọc', 'PGS', NULL, '0913002542', 'NGOCTRUC', 'CNTT', 'TamNghi', '2014-01-07')
ON CONFLICT ("MaGV") DO NOTHING;
INSERT INTO "GiangVien" ("MaGV", "userId", "Ho", "Ten", "HocVi", "HocHam", "SDT", "MaCoSo", "MaKhoa", "TrangThai", "NgayVaoLam")
VALUES ('NGOCTRUCGV026', 'NGOCTRUCGV026U', 'Nguyễn', 'Vinh', 'CN', NULL, '0969323394', 'NGOCTRUC', 'CNTT', 'TamNghi', '2011-03-31')
ON CONFLICT ("MaGV") DO NOTHING;
INSERT INTO "GiangVien" ("MaGV", "userId", "Ho", "Ten", "HocVi", "HocHam", "SDT", "MaCoSo", "MaKhoa", "TrangThai", "NgayVaoLam")
VALUES ('NGOCTRUCGV027', 'NGOCTRUCGV027U', 'Vũ', 'Phong', 'ThS', 'GTV', '0972821586', 'NGOCTRUC', 'KT', 'TamNghi', '2011-09-18')
ON CONFLICT ("MaGV") DO NOTHING;
INSERT INTO "GiangVien" ("MaGV", "userId", "Ho", "Ten", "HocVi", "HocHam", "SDT", "MaCoSo", "MaKhoa", "TrangThai", "NgayVaoLam")
VALUES ('NGOCTRUCGV028', 'NGOCTRUCGV028U', 'Lý', 'Trí', 'TS', NULL, '0925841070', 'NGOCTRUC', 'ATTT', 'DangCongTac', '2017-01-29')
ON CONFLICT ("MaGV") DO NOTHING;
INSERT INTO "GiangVien" ("MaGV", "userId", "Ho", "Ten", "HocVi", "HocHam", "SDT", "MaCoSo", "MaKhoa", "TrangThai", "NgayVaoLam")
VALUES ('NGOCTRUCGV029', 'NGOCTRUCGV029U', 'Phan', 'Hùng', 'PGS', NULL, '0977165855', 'NGOCTRUC', 'KT', 'DangCongTac', '2013-11-02')
ON CONFLICT ("MaGV") DO NOTHING;
INSERT INTO "GiangVien" ("MaGV", "userId", "Ho", "Ten", "HocVi", "HocHam", "SDT", "MaCoSo", "MaKhoa", "TrangThai", "NgayVaoLam")
VALUES ('NGOCTRUCGV030', 'NGOCTRUCGV030U', 'Đặng', 'Quang', 'TS', NULL, '0996258825', 'NGOCTRUC', 'CNTT', 'DangCongTac', '2012-11-14')
ON CONFLICT ("MaGV") DO NOTHING;

-- ---- PhongHoc ----
INSERT INTO "PhongHoc" ("MaPhong", "TenPhong", "ToaNha", "Tang", "SucChua", "LoaiPhong", "MaCoSo", "TrangThai")
VALUES ('PNG001', 'Phong 1', 'Toa D', 1, 120, 'MayTinh', 'NGOCTRUC', 'HoatDong')
ON CONFLICT ("MaPhong") DO NOTHING;
INSERT INTO "PhongHoc" ("MaPhong", "TenPhong", "ToaNha", "Tang", "SucChua", "LoaiPhong", "MaCoSo", "TrangThai")
VALUES ('PNG002', 'Phong 2', 'Toa B', 4, 40, 'MayTinh', 'NGOCTRUC', 'HoatDong')
ON CONFLICT ("MaPhong") DO NOTHING;
INSERT INTO "PhongHoc" ("MaPhong", "TenPhong", "ToaNha", "Tang", "SucChua", "LoaiPhong", "MaCoSo", "TrangThai")
VALUES ('PNG003', 'Phong 3', 'Toa D', 4, 60, 'LyThuyet', 'NGOCTRUC', 'HoatDong')
ON CONFLICT ("MaPhong") DO NOTHING;
INSERT INTO "PhongHoc" ("MaPhong", "TenPhong", "ToaNha", "Tang", "SucChua", "LoaiPhong", "MaCoSo", "TrangThai")
VALUES ('PNG004', 'Phong 4', 'Toa D', 5, 30, 'HoiTruong', 'NGOCTRUC', 'HoatDong')
ON CONFLICT ("MaPhong") DO NOTHING;
INSERT INTO "PhongHoc" ("MaPhong", "TenPhong", "ToaNha", "Tang", "SucChua", "LoaiPhong", "MaCoSo", "TrangThai")
VALUES ('PNG005', 'Phong 5', 'Toa B', 2, 60, 'HoiTruong', 'NGOCTRUC', 'HoatDong')
ON CONFLICT ("MaPhong") DO NOTHING;
INSERT INTO "PhongHoc" ("MaPhong", "TenPhong", "ToaNha", "Tang", "SucChua", "LoaiPhong", "MaCoSo", "TrangThai")
VALUES ('PNG006', 'Phong 6', 'Toa A', 4, 50, 'ThiNghiem', 'NGOCTRUC', 'HoatDong')
ON CONFLICT ("MaPhong") DO NOTHING;
INSERT INTO "PhongHoc" ("MaPhong", "TenPhong", "ToaNha", "Tang", "SucChua", "LoaiPhong", "MaCoSo", "TrangThai")
VALUES ('PNG007', 'Phong 7', 'Toa C', 4, 60, 'HoiTruong', 'NGOCTRUC', 'HoatDong')
ON CONFLICT ("MaPhong") DO NOTHING;
INSERT INTO "PhongHoc" ("MaPhong", "TenPhong", "ToaNha", "Tang", "SucChua", "LoaiPhong", "MaCoSo", "TrangThai")
VALUES ('PNG008', 'Phong 8', 'Toa B', 1, 60, 'HoiTruong', 'NGOCTRUC', 'HoatDong')
ON CONFLICT ("MaPhong") DO NOTHING;
INSERT INTO "PhongHoc" ("MaPhong", "TenPhong", "ToaNha", "Tang", "SucChua", "LoaiPhong", "MaCoSo", "TrangThai")
VALUES ('PNG009', 'Phong 9', 'Toa D', 4, 50, 'MayTinh', 'NGOCTRUC', 'HoatDong')
ON CONFLICT ("MaPhong") DO NOTHING;
INSERT INTO "PhongHoc" ("MaPhong", "TenPhong", "ToaNha", "Tang", "SucChua", "LoaiPhong", "MaCoSo", "TrangThai")
VALUES ('PNG010', 'Phong 10', 'Toa A', 4, 60, 'MayTinh', 'NGOCTRUC', 'HoatDong')
ON CONFLICT ("MaPhong") DO NOTHING;
INSERT INTO "PhongHoc" ("MaPhong", "TenPhong", "ToaNha", "Tang", "SucChua", "LoaiPhong", "MaCoSo", "TrangThai")
VALUES ('PNG011', 'Phong 11', 'Toa B', 2, 30, 'MayTinh', 'NGOCTRUC', 'HoatDong')
ON CONFLICT ("MaPhong") DO NOTHING;
INSERT INTO "PhongHoc" ("MaPhong", "TenPhong", "ToaNha", "Tang", "SucChua", "LoaiPhong", "MaCoSo", "TrangThai")
VALUES ('PNG012', 'Phong 12', 'Toa B', 2, 50, 'LyThuyet', 'NGOCTRUC', 'HoatDong')
ON CONFLICT ("MaPhong") DO NOTHING;
INSERT INTO "PhongHoc" ("MaPhong", "TenPhong", "ToaNha", "Tang", "SucChua", "LoaiPhong", "MaCoSo", "TrangThai")
VALUES ('PNG013', 'Phong 13', 'Toa D', 3, 100, 'LyThuyet', 'NGOCTRUC', 'HoatDong')
ON CONFLICT ("MaPhong") DO NOTHING;
INSERT INTO "PhongHoc" ("MaPhong", "TenPhong", "ToaNha", "Tang", "SucChua", "LoaiPhong", "MaCoSo", "TrangThai")
VALUES ('PNG014', 'Phong 14', 'Toa A', 5, 30, 'HoiTruong', 'NGOCTRUC', 'HoatDong')
ON CONFLICT ("MaPhong") DO NOTHING;
INSERT INTO "PhongHoc" ("MaPhong", "TenPhong", "ToaNha", "Tang", "SucChua", "LoaiPhong", "MaCoSo", "TrangThai")
VALUES ('PNG015', 'Phong 15', 'Toa A', 2, 40, 'LyThuyet', 'NGOCTRUC', 'HoatDong')
ON CONFLICT ("MaPhong") DO NOTHING;
INSERT INTO "PhongHoc" ("MaPhong", "TenPhong", "ToaNha", "Tang", "SucChua", "LoaiPhong", "MaCoSo", "TrangThai")
VALUES ('PNG016', 'Phong 16', 'Toa D', 5, 80, 'HoiTruong', 'NGOCTRUC', 'HoatDong')
ON CONFLICT ("MaPhong") DO NOTHING;
INSERT INTO "PhongHoc" ("MaPhong", "TenPhong", "ToaNha", "Tang", "SucChua", "LoaiPhong", "MaCoSo", "TrangThai")
VALUES ('PNG017', 'Phong 17', 'Toa B', 3, 40, 'MayTinh', 'NGOCTRUC', 'HoatDong')
ON CONFLICT ("MaPhong") DO NOTHING;
INSERT INTO "PhongHoc" ("MaPhong", "TenPhong", "ToaNha", "Tang", "SucChua", "LoaiPhong", "MaCoSo", "TrangThai")
VALUES ('PNG018', 'Phong 18', 'Toa C', 1, 100, 'MayTinh', 'NGOCTRUC', 'HoatDong')
ON CONFLICT ("MaPhong") DO NOTHING;
INSERT INTO "PhongHoc" ("MaPhong", "TenPhong", "ToaNha", "Tang", "SucChua", "LoaiPhong", "MaCoSo", "TrangThai")
VALUES ('PNG019', 'Phong 19', 'Toa D', 1, 40, 'ThiNghiem', 'NGOCTRUC', 'HoatDong')
ON CONFLICT ("MaPhong") DO NOTHING;
INSERT INTO "PhongHoc" ("MaPhong", "TenPhong", "ToaNha", "Tang", "SucChua", "LoaiPhong", "MaCoSo", "TrangThai")
VALUES ('PNG020', 'Phong 20', 'Toa A', 4, 80, 'ThiNghiem', 'NGOCTRUC', 'HoatDong')
ON CONFLICT ("MaPhong") DO NOTHING;

-- ---- LopHocPhan ----
INSERT INTO "LopHocPhan" ("MaLopHP", "MaHP", "MaHocKy", "MaCoSo", "MaGV", "TenLopHP", "SiSoToiDa", "SiSoHienTai", "HinhThucHoc", "TrangThaiLop")
VALUES ('CS1011-NGOCTRUC-01', 'CS1011', 'HK20251', 'NGOCTRUC', 'NGOCTRUCGV012', 'CS1011-01', 15, 0, 'Offline', 'Mo')
ON CONFLICT ("MaLopHP") DO NOTHING;
INSERT INTO "LopHocPhan" ("MaLopHP", "MaHP", "MaHocKy", "MaCoSo", "MaGV", "TenLopHP", "SiSoToiDa", "SiSoHienTai", "HinhThucHoc", "TrangThaiLop")
VALUES ('CS1004-NGOCTRUC-01', 'CS1004', 'HK20251', 'NGOCTRUC', 'NGOCTRUCGV026', 'CS1004-01', 15, 6, 'Offline', 'Mo')
ON CONFLICT ("MaLopHP") DO NOTHING;
INSERT INTO "LopHocPhan" ("MaLopHP", "MaHP", "MaHocKy", "MaCoSo", "MaGV", "TenLopHP", "SiSoToiDa", "SiSoHienTai", "HinhThucHoc", "TrangThaiLop")
VALUES ('CS1004-NGOCTRUC-02', 'CS1004', 'HK20251', 'NGOCTRUC', 'NGOCTRUCGV011', 'CS1004-02', 10, 0, 'Online', 'Mo')
ON CONFLICT ("MaLopHP") DO NOTHING;
INSERT INTO "LopHocPhan" ("MaLopHP", "MaHP", "MaHocKy", "MaCoSo", "MaGV", "TenLopHP", "SiSoToiDa", "SiSoHienTai", "HinhThucHoc", "TrangThaiLop")
VALUES ('CS1009-NGOCTRUC-01', 'CS1009', 'HK20251', 'NGOCTRUC', 'NGOCTRUCGV017', 'CS1009-01', 10, 3, 'Offline', 'Mo')
ON CONFLICT ("MaLopHP") DO NOTHING;
INSERT INTO "LopHocPhan" ("MaLopHP", "MaHP", "MaHocKy", "MaCoSo", "MaGV", "TenLopHP", "SiSoToiDa", "SiSoHienTai", "HinhThucHoc", "TrangThaiLop")
VALUES ('CS1006-NGOCTRUC-01', 'CS1006', 'HK20251', 'NGOCTRUC', 'NGOCTRUCGV022', 'CS1006-01', 12, 6, 'Hybrid', 'Mo')
ON CONFLICT ("MaLopHP") DO NOTHING;
INSERT INTO "LopHocPhan" ("MaLopHP", "MaHP", "MaHocKy", "MaCoSo", "MaGV", "TenLopHP", "SiSoToiDa", "SiSoHienTai", "HinhThucHoc", "TrangThaiLop")
VALUES ('CS1003-NGOCTRUC-01', 'CS1003', 'HK20251', 'NGOCTRUC', 'NGOCTRUCGV009', 'CS1003-01', 30, 5, 'Offline', 'Mo')
ON CONFLICT ("MaLopHP") DO NOTHING;
INSERT INTO "LopHocPhan" ("MaLopHP", "MaHP", "MaHocKy", "MaCoSo", "MaGV", "TenLopHP", "SiSoToiDa", "SiSoHienTai", "HinhThucHoc", "TrangThaiLop")
VALUES ('CS1005-NGOCTRUC-01', 'CS1005', 'HK20251', 'NGOCTRUC', 'NGOCTRUCGV015', 'CS1005-01', 60, 8, 'Offline', 'Mo')
ON CONFLICT ("MaLopHP") DO NOTHING;
INSERT INTO "LopHocPhan" ("MaLopHP", "MaHP", "MaHocKy", "MaCoSo", "MaGV", "TenLopHP", "SiSoToiDa", "SiSoHienTai", "HinhThucHoc", "TrangThaiLop")
VALUES ('CS1008-NGOCTRUC-01', 'CS1008', 'HK20251', 'NGOCTRUC', 'NGOCTRUCGV001', 'CS1008-01', 40, 11, 'Offline', 'Mo')
ON CONFLICT ("MaLopHP") DO NOTHING;
INSERT INTO "LopHocPhan" ("MaLopHP", "MaHP", "MaHocKy", "MaCoSo", "MaGV", "TenLopHP", "SiSoToiDa", "SiSoHienTai", "HinhThucHoc", "TrangThaiLop")
VALUES ('CS1005-NGOCTRUC-02', 'CS1005', 'HK20251', 'NGOCTRUC', 'NGOCTRUCGV001', 'CS1005-02', 50, 0, 'Offline', 'Mo')
ON CONFLICT ("MaLopHP") DO NOTHING;
INSERT INTO "LopHocPhan" ("MaLopHP", "MaHP", "MaHocKy", "MaCoSo", "MaGV", "TenLopHP", "SiSoToiDa", "SiSoHienTai", "HinhThucHoc", "TrangThaiLop")
VALUES ('CS1015-NGOCTRUC-01', 'CS1015', 'HK20251', 'NGOCTRUC', 'NGOCTRUCGV009', 'CS1015-01', 50, 10, 'Online', 'Mo')
ON CONFLICT ("MaLopHP") DO NOTHING;
INSERT INTO "LopHocPhan" ("MaLopHP", "MaHP", "MaHocKy", "MaCoSo", "MaGV", "TenLopHP", "SiSoToiDa", "SiSoHienTai", "HinhThucHoc", "TrangThaiLop")
VALUES ('CS1011-NGOCTRUC-02', 'CS1011', 'HK20251', 'NGOCTRUC', 'NGOCTRUCGV004', 'CS1011-02', 50, 9, 'Offline', 'Mo')
ON CONFLICT ("MaLopHP") DO NOTHING;
INSERT INTO "LopHocPhan" ("MaLopHP", "MaHP", "MaHocKy", "MaCoSo", "MaGV", "TenLopHP", "SiSoToiDa", "SiSoHienTai", "HinhThucHoc", "TrangThaiLop")
VALUES ('CS1010-NGOCTRUC-01', 'CS1010', 'HK20251', 'NGOCTRUC', 'NGOCTRUCGV002', 'CS1010-01', 50, 2, 'Online', 'Mo')
ON CONFLICT ("MaLopHP") DO NOTHING;
INSERT INTO "LopHocPhan" ("MaLopHP", "MaHP", "MaHocKy", "MaCoSo", "MaGV", "TenLopHP", "SiSoToiDa", "SiSoHienTai", "HinhThucHoc", "TrangThaiLop")
VALUES ('CS1004-NGOCTRUC-03', 'CS1004', 'HK20251', 'NGOCTRUC', 'NGOCTRUCGV024', 'CS1004-03', 60, 4, 'Offline', 'Mo')
ON CONFLICT ("MaLopHP") DO NOTHING;
INSERT INTO "LopHocPhan" ("MaLopHP", "MaHP", "MaHocKy", "MaCoSo", "MaGV", "TenLopHP", "SiSoToiDa", "SiSoHienTai", "HinhThucHoc", "TrangThaiLop")
VALUES ('CS1009-NGOCTRUC-02', 'CS1009', 'HK20251', 'NGOCTRUC', 'NGOCTRUCGV010', 'CS1009-02', 50, 17, 'Online', 'Mo')
ON CONFLICT ("MaLopHP") DO NOTHING;
INSERT INTO "LopHocPhan" ("MaLopHP", "MaHP", "MaHocKy", "MaCoSo", "MaGV", "TenLopHP", "SiSoToiDa", "SiSoHienTai", "HinhThucHoc", "TrangThaiLop")
VALUES ('CS1013-NGOCTRUC-01', 'CS1013', 'HK20251', 'NGOCTRUC', 'NGOCTRUCGV012', 'CS1013-01', 50, 2, 'Offline', 'Mo')
ON CONFLICT ("MaLopHP") DO NOTHING;
INSERT INTO "LopHocPhan" ("MaLopHP", "MaHP", "MaHocKy", "MaCoSo", "MaGV", "TenLopHP", "SiSoToiDa", "SiSoHienTai", "HinhThucHoc", "TrangThaiLop")
VALUES ('CS1005-NGOCTRUC-03', 'CS1005', 'HK20251', 'NGOCTRUC', 'NGOCTRUCGV012', 'CS1005-03', 40, 18, 'Offline', 'Mo')
ON CONFLICT ("MaLopHP") DO NOTHING;
INSERT INTO "LopHocPhan" ("MaLopHP", "MaHP", "MaHocKy", "MaCoSo", "MaGV", "TenLopHP", "SiSoToiDa", "SiSoHienTai", "HinhThucHoc", "TrangThaiLop")
VALUES ('CS1013-NGOCTRUC-02', 'CS1013', 'HK20251', 'NGOCTRUC', 'NGOCTRUCGV008', 'CS1013-02', 50, 18, 'Online', 'Mo')
ON CONFLICT ("MaLopHP") DO NOTHING;
INSERT INTO "LopHocPhan" ("MaLopHP", "MaHP", "MaHocKy", "MaCoSo", "MaGV", "TenLopHP", "SiSoToiDa", "SiSoHienTai", "HinhThucHoc", "TrangThaiLop")
VALUES ('CS1005-NGOCTRUC-04', 'CS1005', 'HK20251', 'NGOCTRUC', 'NGOCTRUCGV010', 'CS1005-04', 50, 9, 'Offline', 'Mo')
ON CONFLICT ("MaLopHP") DO NOTHING;
INSERT INTO "LopHocPhan" ("MaLopHP", "MaHP", "MaHocKy", "MaCoSo", "MaGV", "TenLopHP", "SiSoToiDa", "SiSoHienTai", "HinhThucHoc", "TrangThaiLop")
VALUES ('CS1008-NGOCTRUC-02', 'CS1008', 'HK20251', 'NGOCTRUC', 'NGOCTRUCGV028', 'CS1008-02', 50, 6, 'Offline', 'Mo')
ON CONFLICT ("MaLopHP") DO NOTHING;
INSERT INTO "LopHocPhan" ("MaLopHP", "MaHP", "MaHocKy", "MaCoSo", "MaGV", "TenLopHP", "SiSoToiDa", "SiSoHienTai", "HinhThucHoc", "TrangThaiLop")
VALUES ('CS1004-NGOCTRUC-04', 'CS1004', 'HK20251', 'NGOCTRUC', 'NGOCTRUCGV011', 'CS1004-04', 60, 12, 'Offline', 'Mo')
ON CONFLICT ("MaLopHP") DO NOTHING;
INSERT INTO "LopHocPhan" ("MaLopHP", "MaHP", "MaHocKy", "MaCoSo", "MaGV", "TenLopHP", "SiSoToiDa", "SiSoHienTai", "HinhThucHoc", "TrangThaiLop")
VALUES ('CS1008-NGOCTRUC-03', 'CS1008', 'HK20251', 'NGOCTRUC', 'NGOCTRUCGV009', 'CS1008-03', 30, 2, 'Hybrid', 'Mo')
ON CONFLICT ("MaLopHP") DO NOTHING;
INSERT INTO "LopHocPhan" ("MaLopHP", "MaHP", "MaHocKy", "MaCoSo", "MaGV", "TenLopHP", "SiSoToiDa", "SiSoHienTai", "HinhThucHoc", "TrangThaiLop")
VALUES ('CS1004-NGOCTRUC-05', 'CS1004', 'HK20251', 'NGOCTRUC', 'NGOCTRUCGV029', 'CS1004-05', 60, 11, 'Online', 'Mo')
ON CONFLICT ("MaLopHP") DO NOTHING;
INSERT INTO "LopHocPhan" ("MaLopHP", "MaHP", "MaHocKy", "MaCoSo", "MaGV", "TenLopHP", "SiSoToiDa", "SiSoHienTai", "HinhThucHoc", "TrangThaiLop")
VALUES ('CS1014-NGOCTRUC-01', 'CS1014', 'HK20251', 'NGOCTRUC', 'NGOCTRUCGV029', 'CS1014-01', 50, 6, 'Offline', 'Mo')
ON CONFLICT ("MaLopHP") DO NOTHING;
INSERT INTO "LopHocPhan" ("MaLopHP", "MaHP", "MaHocKy", "MaCoSo", "MaGV", "TenLopHP", "SiSoToiDa", "SiSoHienTai", "HinhThucHoc", "TrangThaiLop")
VALUES ('CS1015-NGOCTRUC-02', 'CS1015', 'HK20251', 'NGOCTRUC', 'NGOCTRUCGV005', 'CS1015-02', 30, 11, 'Online', 'Mo')
ON CONFLICT ("MaLopHP") DO NOTHING;
INSERT INTO "LopHocPhan" ("MaLopHP", "MaHP", "MaHocKy", "MaCoSo", "MaGV", "TenLopHP", "SiSoToiDa", "SiSoHienTai", "HinhThucHoc", "TrangThaiLop")
VALUES ('CS1003-NGOCTRUC-02', 'CS1003', 'HK20251', 'NGOCTRUC', 'NGOCTRUCGV019', 'CS1003-02', 60, 17, 'Offline', 'Mo')
ON CONFLICT ("MaLopHP") DO NOTHING;

-- ---- LichHoc ----
INSERT INTO "LichHoc" ("MaLich", "MaLopHP", "MaPhong", "ThuTrongTuan", "TietBatDau", "SoTiet", "NgayBatDau", "NgayKetThuc")
VALUES ('LNG0001', 'CS1011-NGOCTRUC-01', 'PNG005', 7, 10, 4, '2025-09-01', '2025-12-31')
ON CONFLICT ("MaLich") DO NOTHING;
INSERT INTO "LichHoc" ("MaLich", "MaLopHP", "MaPhong", "ThuTrongTuan", "TietBatDau", "SoTiet", "NgayBatDau", "NgayKetThuc")
VALUES ('LNG0002', 'CS1011-NGOCTRUC-01', 'PNG018', 5, 7, 3, '2025-09-01', '2025-12-31')
ON CONFLICT ("MaLich") DO NOTHING;
INSERT INTO "LichHoc" ("MaLich", "MaLopHP", "MaPhong", "ThuTrongTuan", "TietBatDau", "SoTiet", "NgayBatDau", "NgayKetThuc")
VALUES ('LNG0003', 'CS1004-NGOCTRUC-01', 'PNG013', 3, 7, 3, '2025-09-01', '2025-12-31')
ON CONFLICT ("MaLich") DO NOTHING;
INSERT INTO "LichHoc" ("MaLich", "MaLopHP", "MaPhong", "ThuTrongTuan", "TietBatDau", "SoTiet", "NgayBatDau", "NgayKetThuc")
VALUES ('LNG0004', 'CS1004-NGOCTRUC-01', 'PNG020', 6, 1, 3, '2025-09-01', '2025-12-31')
ON CONFLICT ("MaLich") DO NOTHING;
INSERT INTO "LichHoc" ("MaLich", "MaLopHP", "MaPhong", "ThuTrongTuan", "TietBatDau", "SoTiet", "NgayBatDau", "NgayKetThuc")
VALUES ('LNG0005', 'CS1004-NGOCTRUC-01', 'PNG013', 7, 7, 4, '2025-09-01', '2025-12-31')
ON CONFLICT ("MaLich") DO NOTHING;
INSERT INTO "LichHoc" ("MaLich", "MaLopHP", "MaPhong", "ThuTrongTuan", "TietBatDau", "SoTiet", "NgayBatDau", "NgayKetThuc")
VALUES ('LNG0006', 'CS1004-NGOCTRUC-02', 'PNG008', 2, 1, 3, '2025-09-01', '2025-12-31')
ON CONFLICT ("MaLich") DO NOTHING;
INSERT INTO "LichHoc" ("MaLich", "MaLopHP", "MaPhong", "ThuTrongTuan", "TietBatDau", "SoTiet", "NgayBatDau", "NgayKetThuc")
VALUES ('LNG0007', 'CS1004-NGOCTRUC-02', 'PNG012', 5, 10, 4, '2025-09-01', '2025-12-31')
ON CONFLICT ("MaLich") DO NOTHING;
INSERT INTO "LichHoc" ("MaLich", "MaLopHP", "MaPhong", "ThuTrongTuan", "TietBatDau", "SoTiet", "NgayBatDau", "NgayKetThuc")
VALUES ('LNG0008', 'CS1009-NGOCTRUC-01', 'PNG012', 4, 1, 4, '2025-09-01', '2025-12-31')
ON CONFLICT ("MaLich") DO NOTHING;
INSERT INTO "LichHoc" ("MaLich", "MaLopHP", "MaPhong", "ThuTrongTuan", "TietBatDau", "SoTiet", "NgayBatDau", "NgayKetThuc")
VALUES ('LNG0009', 'CS1009-NGOCTRUC-01', 'PNG017', 4, 4, 3, '2025-09-01', '2025-12-31')
ON CONFLICT ("MaLich") DO NOTHING;
INSERT INTO "LichHoc" ("MaLich", "MaLopHP", "MaPhong", "ThuTrongTuan", "TietBatDau", "SoTiet", "NgayBatDau", "NgayKetThuc")
VALUES ('LNG0010', 'CS1006-NGOCTRUC-01', 'PNG016', 7, 10, 4, '2025-09-01', '2025-12-31')
ON CONFLICT ("MaLich") DO NOTHING;
INSERT INTO "LichHoc" ("MaLich", "MaLopHP", "MaPhong", "ThuTrongTuan", "TietBatDau", "SoTiet", "NgayBatDau", "NgayKetThuc")
VALUES ('LNG0011', 'CS1006-NGOCTRUC-01', 'PNG009', 5, 10, 2, '2025-09-01', '2025-12-31')
ON CONFLICT ("MaLich") DO NOTHING;
INSERT INTO "LichHoc" ("MaLich", "MaLopHP", "MaPhong", "ThuTrongTuan", "TietBatDau", "SoTiet", "NgayBatDau", "NgayKetThuc")
VALUES ('LNG0012', 'CS1003-NGOCTRUC-01', 'PNG014', 5, 1, 4, '2025-09-01', '2025-12-31')
ON CONFLICT ("MaLich") DO NOTHING;
INSERT INTO "LichHoc" ("MaLich", "MaLopHP", "MaPhong", "ThuTrongTuan", "TietBatDau", "SoTiet", "NgayBatDau", "NgayKetThuc")
VALUES ('LNG0013', 'CS1003-NGOCTRUC-01', 'PNG020', 7, 1, 4, '2025-09-01', '2025-12-31')
ON CONFLICT ("MaLich") DO NOTHING;
INSERT INTO "LichHoc" ("MaLich", "MaLopHP", "MaPhong", "ThuTrongTuan", "TietBatDau", "SoTiet", "NgayBatDau", "NgayKetThuc")
VALUES ('LNG0014', 'CS1005-NGOCTRUC-01', 'PNG002', 3, 7, 4, '2025-09-01', '2025-12-31')
ON CONFLICT ("MaLich") DO NOTHING;
INSERT INTO "LichHoc" ("MaLich", "MaLopHP", "MaPhong", "ThuTrongTuan", "TietBatDau", "SoTiet", "NgayBatDau", "NgayKetThuc")
VALUES ('LNG0015', 'CS1005-NGOCTRUC-01', 'PNG011', 2, 7, 3, '2025-09-01', '2025-12-31')
ON CONFLICT ("MaLich") DO NOTHING;
INSERT INTO "LichHoc" ("MaLich", "MaLopHP", "MaPhong", "ThuTrongTuan", "TietBatDau", "SoTiet", "NgayBatDau", "NgayKetThuc")
VALUES ('LNG0016', 'CS1008-NGOCTRUC-01', 'PNG016', 2, 10, 2, '2025-09-01', '2025-12-31')
ON CONFLICT ("MaLich") DO NOTHING;
INSERT INTO "LichHoc" ("MaLich", "MaLopHP", "MaPhong", "ThuTrongTuan", "TietBatDau", "SoTiet", "NgayBatDau", "NgayKetThuc")
VALUES ('LNG0017', 'CS1008-NGOCTRUC-01', 'PNG020', 4, 7, 3, '2025-09-01', '2025-12-31')
ON CONFLICT ("MaLich") DO NOTHING;
INSERT INTO "LichHoc" ("MaLich", "MaLopHP", "MaPhong", "ThuTrongTuan", "TietBatDau", "SoTiet", "NgayBatDau", "NgayKetThuc")
VALUES ('LNG0018', 'CS1005-NGOCTRUC-02', 'PNG018', 6, 7, 3, '2025-09-01', '2025-12-31')
ON CONFLICT ("MaLich") DO NOTHING;
INSERT INTO "LichHoc" ("MaLich", "MaLopHP", "MaPhong", "ThuTrongTuan", "TietBatDau", "SoTiet", "NgayBatDau", "NgayKetThuc")
VALUES ('LNG0019', 'CS1005-NGOCTRUC-02', 'PNG004', 3, 1, 4, '2025-09-01', '2025-12-31')
ON CONFLICT ("MaLich") DO NOTHING;
INSERT INTO "LichHoc" ("MaLich", "MaLopHP", "MaPhong", "ThuTrongTuan", "TietBatDau", "SoTiet", "NgayBatDau", "NgayKetThuc")
VALUES ('LNG0020', 'CS1015-NGOCTRUC-01', 'PNG020', 7, 7, 2, '2025-09-01', '2025-12-31')
ON CONFLICT ("MaLich") DO NOTHING;
INSERT INTO "LichHoc" ("MaLich", "MaLopHP", "MaPhong", "ThuTrongTuan", "TietBatDau", "SoTiet", "NgayBatDau", "NgayKetThuc")
VALUES ('LNG0021', 'CS1015-NGOCTRUC-01', 'PNG010', 3, 1, 3, '2025-09-01', '2025-12-31')
ON CONFLICT ("MaLich") DO NOTHING;
INSERT INTO "LichHoc" ("MaLich", "MaLopHP", "MaPhong", "ThuTrongTuan", "TietBatDau", "SoTiet", "NgayBatDau", "NgayKetThuc")
VALUES ('LNG0022', 'CS1011-NGOCTRUC-02', 'PNG016', 4, 4, 2, '2025-09-01', '2025-12-31')
ON CONFLICT ("MaLich") DO NOTHING;
INSERT INTO "LichHoc" ("MaLich", "MaLopHP", "MaPhong", "ThuTrongTuan", "TietBatDau", "SoTiet", "NgayBatDau", "NgayKetThuc")
VALUES ('LNG0023', 'CS1011-NGOCTRUC-02', 'PNG001', 4, 10, 3, '2025-09-01', '2025-12-31')
ON CONFLICT ("MaLich") DO NOTHING;
INSERT INTO "LichHoc" ("MaLich", "MaLopHP", "MaPhong", "ThuTrongTuan", "TietBatDau", "SoTiet", "NgayBatDau", "NgayKetThuc")
VALUES ('LNG0024', 'CS1011-NGOCTRUC-02', 'PNG009', 7, 10, 2, '2025-09-01', '2025-12-31')
ON CONFLICT ("MaLich") DO NOTHING;
INSERT INTO "LichHoc" ("MaLich", "MaLopHP", "MaPhong", "ThuTrongTuan", "TietBatDau", "SoTiet", "NgayBatDau", "NgayKetThuc")
VALUES ('LNG0025', 'CS1010-NGOCTRUC-01', 'PNG008', 5, 1, 4, '2025-09-01', '2025-12-31')
ON CONFLICT ("MaLich") DO NOTHING;
INSERT INTO "LichHoc" ("MaLich", "MaLopHP", "MaPhong", "ThuTrongTuan", "TietBatDau", "SoTiet", "NgayBatDau", "NgayKetThuc")
VALUES ('LNG0026', 'CS1010-NGOCTRUC-01', 'PNG003', 4, 10, 4, '2025-09-01', '2025-12-31')
ON CONFLICT ("MaLich") DO NOTHING;
INSERT INTO "LichHoc" ("MaLich", "MaLopHP", "MaPhong", "ThuTrongTuan", "TietBatDau", "SoTiet", "NgayBatDau", "NgayKetThuc")
VALUES ('LNG0027', 'CS1004-NGOCTRUC-03', 'PNG005', 2, 7, 3, '2025-09-01', '2025-12-31')
ON CONFLICT ("MaLich") DO NOTHING;
INSERT INTO "LichHoc" ("MaLich", "MaLopHP", "MaPhong", "ThuTrongTuan", "TietBatDau", "SoTiet", "NgayBatDau", "NgayKetThuc")
VALUES ('LNG0028', 'CS1004-NGOCTRUC-03', 'PNG007', 6, 7, 4, '2025-09-01', '2025-12-31')
ON CONFLICT ("MaLich") DO NOTHING;
INSERT INTO "LichHoc" ("MaLich", "MaLopHP", "MaPhong", "ThuTrongTuan", "TietBatDau", "SoTiet", "NgayBatDau", "NgayKetThuc")
VALUES ('LNG0029', 'CS1009-NGOCTRUC-02', 'PNG005', 5, 10, 2, '2025-09-01', '2025-12-31')
ON CONFLICT ("MaLich") DO NOTHING;
INSERT INTO "LichHoc" ("MaLich", "MaLopHP", "MaPhong", "ThuTrongTuan", "TietBatDau", "SoTiet", "NgayBatDau", "NgayKetThuc")
VALUES ('LNG0030', 'CS1009-NGOCTRUC-02', 'PNG005', 3, 7, 2, '2025-09-01', '2025-12-31')
ON CONFLICT ("MaLich") DO NOTHING;
INSERT INTO "LichHoc" ("MaLich", "MaLopHP", "MaPhong", "ThuTrongTuan", "TietBatDau", "SoTiet", "NgayBatDau", "NgayKetThuc")
VALUES ('LNG0031', 'CS1009-NGOCTRUC-02', 'PNG016', 3, 1, 4, '2025-09-01', '2025-12-31')
ON CONFLICT ("MaLich") DO NOTHING;
INSERT INTO "LichHoc" ("MaLich", "MaLopHP", "MaPhong", "ThuTrongTuan", "TietBatDau", "SoTiet", "NgayBatDau", "NgayKetThuc")
VALUES ('LNG0032', 'CS1013-NGOCTRUC-01', 'PNG010', 3, 1, 4, '2025-09-01', '2025-12-31')
ON CONFLICT ("MaLich") DO NOTHING;
INSERT INTO "LichHoc" ("MaLich", "MaLopHP", "MaPhong", "ThuTrongTuan", "TietBatDau", "SoTiet", "NgayBatDau", "NgayKetThuc")
VALUES ('LNG0033', 'CS1013-NGOCTRUC-01', 'PNG016', 3, 4, 2, '2025-09-01', '2025-12-31')
ON CONFLICT ("MaLich") DO NOTHING;
INSERT INTO "LichHoc" ("MaLich", "MaLopHP", "MaPhong", "ThuTrongTuan", "TietBatDau", "SoTiet", "NgayBatDau", "NgayKetThuc")
VALUES ('LNG0034', 'CS1013-NGOCTRUC-01', 'PNG013', 4, 4, 4, '2025-09-01', '2025-12-31')
ON CONFLICT ("MaLich") DO NOTHING;
INSERT INTO "LichHoc" ("MaLich", "MaLopHP", "MaPhong", "ThuTrongTuan", "TietBatDau", "SoTiet", "NgayBatDau", "NgayKetThuc")
VALUES ('LNG0035', 'CS1005-NGOCTRUC-03', 'PNG004', 5, 10, 4, '2025-09-01', '2025-12-31')
ON CONFLICT ("MaLich") DO NOTHING;
INSERT INTO "LichHoc" ("MaLich", "MaLopHP", "MaPhong", "ThuTrongTuan", "TietBatDau", "SoTiet", "NgayBatDau", "NgayKetThuc")
VALUES ('LNG0036', 'CS1005-NGOCTRUC-03', 'PNG006', 3, 10, 3, '2025-09-01', '2025-12-31')
ON CONFLICT ("MaLich") DO NOTHING;
INSERT INTO "LichHoc" ("MaLich", "MaLopHP", "MaPhong", "ThuTrongTuan", "TietBatDau", "SoTiet", "NgayBatDau", "NgayKetThuc")
VALUES ('LNG0037', 'CS1005-NGOCTRUC-03', 'PNG013', 2, 10, 2, '2025-09-01', '2025-12-31')
ON CONFLICT ("MaLich") DO NOTHING;
INSERT INTO "LichHoc" ("MaLich", "MaLopHP", "MaPhong", "ThuTrongTuan", "TietBatDau", "SoTiet", "NgayBatDau", "NgayKetThuc")
VALUES ('LNG0038', 'CS1013-NGOCTRUC-02', 'PNG004', 2, 10, 2, '2025-09-01', '2025-12-31')
ON CONFLICT ("MaLich") DO NOTHING;
INSERT INTO "LichHoc" ("MaLich", "MaLopHP", "MaPhong", "ThuTrongTuan", "TietBatDau", "SoTiet", "NgayBatDau", "NgayKetThuc")
VALUES ('LNG0039', 'CS1013-NGOCTRUC-02', 'PNG010', 7, 1, 2, '2025-09-01', '2025-12-31')
ON CONFLICT ("MaLich") DO NOTHING;
INSERT INTO "LichHoc" ("MaLich", "MaLopHP", "MaPhong", "ThuTrongTuan", "TietBatDau", "SoTiet", "NgayBatDau", "NgayKetThuc")
VALUES ('LNG0040', 'CS1013-NGOCTRUC-02', 'PNG008', 7, 10, 2, '2025-09-01', '2025-12-31')
ON CONFLICT ("MaLich") DO NOTHING;
INSERT INTO "LichHoc" ("MaLich", "MaLopHP", "MaPhong", "ThuTrongTuan", "TietBatDau", "SoTiet", "NgayBatDau", "NgayKetThuc")
VALUES ('LNG0041', 'CS1005-NGOCTRUC-04', 'PNG015', 6, 1, 3, '2025-09-01', '2025-12-31')
ON CONFLICT ("MaLich") DO NOTHING;
INSERT INTO "LichHoc" ("MaLich", "MaLopHP", "MaPhong", "ThuTrongTuan", "TietBatDau", "SoTiet", "NgayBatDau", "NgayKetThuc")
VALUES ('LNG0042', 'CS1005-NGOCTRUC-04', 'PNG015', 6, 4, 3, '2025-09-01', '2025-12-31')
ON CONFLICT ("MaLich") DO NOTHING;
INSERT INTO "LichHoc" ("MaLich", "MaLopHP", "MaPhong", "ThuTrongTuan", "TietBatDau", "SoTiet", "NgayBatDau", "NgayKetThuc")
VALUES ('LNG0043', 'CS1005-NGOCTRUC-04', 'PNG005', 6, 1, 3, '2025-09-01', '2025-12-31')
ON CONFLICT ("MaLich") DO NOTHING;
INSERT INTO "LichHoc" ("MaLich", "MaLopHP", "MaPhong", "ThuTrongTuan", "TietBatDau", "SoTiet", "NgayBatDau", "NgayKetThuc")
VALUES ('LNG0044', 'CS1008-NGOCTRUC-02', 'PNG017', 3, 7, 3, '2025-09-01', '2025-12-31')
ON CONFLICT ("MaLich") DO NOTHING;
INSERT INTO "LichHoc" ("MaLich", "MaLopHP", "MaPhong", "ThuTrongTuan", "TietBatDau", "SoTiet", "NgayBatDau", "NgayKetThuc")
VALUES ('LNG0045', 'CS1008-NGOCTRUC-02', 'PNG013', 5, 4, 4, '2025-09-01', '2025-12-31')
ON CONFLICT ("MaLich") DO NOTHING;
INSERT INTO "LichHoc" ("MaLich", "MaLopHP", "MaPhong", "ThuTrongTuan", "TietBatDau", "SoTiet", "NgayBatDau", "NgayKetThuc")
VALUES ('LNG0046', 'CS1004-NGOCTRUC-04', 'PNG003', 6, 10, 2, '2025-09-01', '2025-12-31')
ON CONFLICT ("MaLich") DO NOTHING;
INSERT INTO "LichHoc" ("MaLich", "MaLopHP", "MaPhong", "ThuTrongTuan", "TietBatDau", "SoTiet", "NgayBatDau", "NgayKetThuc")
VALUES ('LNG0047', 'CS1004-NGOCTRUC-04', 'PNG007', 5, 10, 4, '2025-09-01', '2025-12-31')
ON CONFLICT ("MaLich") DO NOTHING;
INSERT INTO "LichHoc" ("MaLich", "MaLopHP", "MaPhong", "ThuTrongTuan", "TietBatDau", "SoTiet", "NgayBatDau", "NgayKetThuc")
VALUES ('LNG0048', 'CS1004-NGOCTRUC-04', 'PNG009', 2, 1, 3, '2025-09-01', '2025-12-31')
ON CONFLICT ("MaLich") DO NOTHING;
INSERT INTO "LichHoc" ("MaLich", "MaLopHP", "MaPhong", "ThuTrongTuan", "TietBatDau", "SoTiet", "NgayBatDau", "NgayKetThuc")
VALUES ('LNG0049', 'CS1008-NGOCTRUC-03', 'PNG003', 4, 10, 4, '2025-09-01', '2025-12-31')
ON CONFLICT ("MaLich") DO NOTHING;
INSERT INTO "LichHoc" ("MaLich", "MaLopHP", "MaPhong", "ThuTrongTuan", "TietBatDau", "SoTiet", "NgayBatDau", "NgayKetThuc")
VALUES ('LNG0050', 'CS1008-NGOCTRUC-03', 'PNG005', 7, 4, 4, '2025-09-01', '2025-12-31')
ON CONFLICT ("MaLich") DO NOTHING;
INSERT INTO "LichHoc" ("MaLich", "MaLopHP", "MaPhong", "ThuTrongTuan", "TietBatDau", "SoTiet", "NgayBatDau", "NgayKetThuc")
VALUES ('LNG0051', 'CS1004-NGOCTRUC-05', 'PNG004', 3, 10, 2, '2025-09-01', '2025-12-31')
ON CONFLICT ("MaLich") DO NOTHING;
INSERT INTO "LichHoc" ("MaLich", "MaLopHP", "MaPhong", "ThuTrongTuan", "TietBatDau", "SoTiet", "NgayBatDau", "NgayKetThuc")
VALUES ('LNG0052', 'CS1004-NGOCTRUC-05', 'PNG007', 4, 1, 3, '2025-09-01', '2025-12-31')
ON CONFLICT ("MaLich") DO NOTHING;
INSERT INTO "LichHoc" ("MaLich", "MaLopHP", "MaPhong", "ThuTrongTuan", "TietBatDau", "SoTiet", "NgayBatDau", "NgayKetThuc")
VALUES ('LNG0053', 'CS1014-NGOCTRUC-01', 'PNG010', 3, 10, 2, '2025-09-01', '2025-12-31')
ON CONFLICT ("MaLich") DO NOTHING;
INSERT INTO "LichHoc" ("MaLich", "MaLopHP", "MaPhong", "ThuTrongTuan", "TietBatDau", "SoTiet", "NgayBatDau", "NgayKetThuc")
VALUES ('LNG0054', 'CS1014-NGOCTRUC-01', 'PNG004', 3, 1, 2, '2025-09-01', '2025-12-31')
ON CONFLICT ("MaLich") DO NOTHING;
INSERT INTO "LichHoc" ("MaLich", "MaLopHP", "MaPhong", "ThuTrongTuan", "TietBatDau", "SoTiet", "NgayBatDau", "NgayKetThuc")
VALUES ('LNG0055', 'CS1015-NGOCTRUC-02', 'PNG002', 2, 1, 2, '2025-09-01', '2025-12-31')
ON CONFLICT ("MaLich") DO NOTHING;
INSERT INTO "LichHoc" ("MaLich", "MaLopHP", "MaPhong", "ThuTrongTuan", "TietBatDau", "SoTiet", "NgayBatDau", "NgayKetThuc")
VALUES ('LNG0056', 'CS1015-NGOCTRUC-02', 'PNG008', 5, 1, 3, '2025-09-01', '2025-12-31')
ON CONFLICT ("MaLich") DO NOTHING;
INSERT INTO "LichHoc" ("MaLich", "MaLopHP", "MaPhong", "ThuTrongTuan", "TietBatDau", "SoTiet", "NgayBatDau", "NgayKetThuc")
VALUES ('LNG0057', 'CS1003-NGOCTRUC-02', 'PNG011', 2, 1, 2, '2025-09-01', '2025-12-31')
ON CONFLICT ("MaLich") DO NOTHING;
INSERT INTO "LichHoc" ("MaLich", "MaLopHP", "MaPhong", "ThuTrongTuan", "TietBatDau", "SoTiet", "NgayBatDau", "NgayKetThuc")
VALUES ('LNG0058', 'CS1003-NGOCTRUC-02', 'PNG004', 4, 7, 2, '2025-09-01', '2025-12-31')
ON CONFLICT ("MaLich") DO NOTHING;
