-- ============================================================
-- DỮ LIỆU CỤC BỘ - Site HOALAC (Cơ sở Hòa Lạc)
-- Sinh: 2026-04-16 18:49:57
-- ============================================================

-- ---- users (SinhVien) ----
INSERT INTO "users" ("userId", "username", "password", "email", "role", "MaCoSo", "status")
VALUES ('HOALACSV0001U', 'sv_hoalacsv0001', 'hashed_default_pass_123', 'dinh.quynh180@ptit.edu.vn', 'SinhVien', 'HOALAC', 'Active')
ON CONFLICT ("userId") DO NOTHING;
INSERT INTO "users" ("userId", "username", "password", "email", "role", "MaCoSo", "status")
VALUES ('HOALACSV0002U', 'sv_hoalacsv0002', 'hashed_default_pass_123', 'ly.lan453@ptit.edu.vn', 'SinhVien', 'HOALAC', 'Active')
ON CONFLICT ("userId") DO NOTHING;
INSERT INTO "users" ("userId", "username", "password", "email", "role", "MaCoSo", "status")
VALUES ('HOALACSV0003U', 'sv_hoalacsv0003', 'hashed_default_pass_123', 'tran.hien867@ptit.edu.vn', 'SinhVien', 'HOALAC', 'Active')
ON CONFLICT ("userId") DO NOTHING;
INSERT INTO "users" ("userId", "username", "password", "email", "role", "MaCoSo", "status")
VALUES ('HOALACSV0004U', 'sv_hoalacsv0004', 'hashed_default_pass_123', 'mac.phong510@ptit.edu.vn', 'SinhVien', 'HOALAC', 'Active')
ON CONFLICT ("userId") DO NOTHING;
INSERT INTO "users" ("userId", "username", "password", "email", "role", "MaCoSo", "status")
VALUES ('HOALACSV0005U', 'sv_hoalacsv0005', 'hashed_default_pass_123', 'hoang.lien747@ptit.edu.vn', 'SinhVien', 'HOALAC', 'Active')
ON CONFLICT ("userId") DO NOTHING;
INSERT INTO "users" ("userId", "username", "password", "email", "role", "MaCoSo", "status")
VALUES ('HOALACSV0006U', 'sv_hoalacsv0006', 'hashed_default_pass_123', 'cao.minh144@ptit.edu.vn', 'SinhVien', 'HOALAC', 'Active')
ON CONFLICT ("userId") DO NOTHING;
INSERT INTO "users" ("userId", "username", "password", "email", "role", "MaCoSo", "status")
VALUES ('HOALACSV0007U', 'sv_hoalacsv0007', 'hashed_default_pass_123', 'dinh.an824@ptit.edu.vn', 'SinhVien', 'HOALAC', 'Active')
ON CONFLICT ("userId") DO NOTHING;
INSERT INTO "users" ("userId", "username", "password", "email", "role", "MaCoSo", "status")
VALUES ('HOALACSV0008U', 'sv_hoalacsv0008', 'hashed_default_pass_123', 'ho.vinh451@ptit.edu.vn', 'SinhVien', 'HOALAC', 'Active')
ON CONFLICT ("userId") DO NOTHING;
INSERT INTO "users" ("userId", "username", "password", "email", "role", "MaCoSo", "status")
VALUES ('HOALACSV0009U', 'sv_hoalacsv0009', 'hashed_default_pass_123', 'pham.an380@ptit.edu.vn', 'SinhVien', 'HOALAC', 'Active')
ON CONFLICT ("userId") DO NOTHING;
INSERT INTO "users" ("userId", "username", "password", "email", "role", "MaCoSo", "status")
VALUES ('HOALACSV0010U', 'sv_hoalacsv0010', 'hashed_default_pass_123', 'le.quang665@ptit.edu.vn', 'SinhVien', 'HOALAC', 'Active')
ON CONFLICT ("userId") DO NOTHING;
INSERT INTO "users" ("userId", "username", "password", "email", "role", "MaCoSo", "status")
VALUES ('HOALACSV0011U', 'sv_hoalacsv0011', 'hashed_default_pass_123', 'bui.nam708@ptit.edu.vn', 'SinhVien', 'HOALAC', 'Active')
ON CONFLICT ("userId") DO NOTHING;
INSERT INTO "users" ("userId", "username", "password", "email", "role", "MaCoSo", "status")
VALUES ('HOALACSV0012U', 'sv_hoalacsv0012', 'hashed_default_pass_123', 'dinh.ly732@ptit.edu.vn', 'SinhVien', 'HOALAC', 'Active')
ON CONFLICT ("userId") DO NOTHING;
INSERT INTO "users" ("userId", "username", "password", "email", "role", "MaCoSo", "status")
VALUES ('HOALACSV0013U', 'sv_hoalacsv0013', 'hashed_default_pass_123', 'do.tham667@ptit.edu.vn', 'SinhVien', 'HOALAC', 'Active')
ON CONFLICT ("userId") DO NOTHING;
INSERT INTO "users" ("userId", "username", "password", "email", "role", "MaCoSo", "status")
VALUES ('HOALACSV0014U', 'sv_hoalacsv0014', 'hashed_default_pass_123', 'ho.huy139@ptit.edu.vn', 'SinhVien', 'HOALAC', 'Active')
ON CONFLICT ("userId") DO NOTHING;
INSERT INTO "users" ("userId", "username", "password", "email", "role", "MaCoSo", "status")
VALUES ('HOALACSV0015U', 'sv_hoalacsv0015', 'hashed_default_pass_123', 'truong.hanh412@ptit.edu.vn', 'SinhVien', 'HOALAC', 'Active')
ON CONFLICT ("userId") DO NOTHING;
INSERT INTO "users" ("userId", "username", "password", "email", "role", "MaCoSo", "status")
VALUES ('HOALACSV0016U', 'sv_hoalacsv0016', 'hashed_default_pass_123', 'le.tien825@ptit.edu.vn', 'SinhVien', 'HOALAC', 'Active')
ON CONFLICT ("userId") DO NOTHING;
INSERT INTO "users" ("userId", "username", "password", "email", "role", "MaCoSo", "status")
VALUES ('HOALACSV0017U', 'sv_hoalacsv0017', 'hashed_default_pass_123', 'huynh.loan832@ptit.edu.vn', 'SinhVien', 'HOALAC', 'Active')
ON CONFLICT ("userId") DO NOTHING;
INSERT INTO "users" ("userId", "username", "password", "email", "role", "MaCoSo", "status")
VALUES ('HOALACSV0018U', 'sv_hoalacsv0018', 'hashed_default_pass_123', 'hoang.thu410@ptit.edu.vn', 'SinhVien', 'HOALAC', 'Active')
ON CONFLICT ("userId") DO NOTHING;
INSERT INTO "users" ("userId", "username", "password", "email", "role", "MaCoSo", "status")
VALUES ('HOALACSV0019U', 'sv_hoalacsv0019', 'hashed_default_pass_123', 'nguyen.quynh349@ptit.edu.vn', 'SinhVien', 'HOALAC', 'Active')
ON CONFLICT ("userId") DO NOTHING;
INSERT INTO "users" ("userId", "username", "password", "email", "role", "MaCoSo", "status")
VALUES ('HOALACSV0020U', 'sv_hoalacsv0020', 'hashed_default_pass_123', 'tran.khanh946@ptit.edu.vn', 'SinhVien', 'HOALAC', 'Active')
ON CONFLICT ("userId") DO NOTHING;
INSERT INTO "users" ("userId", "username", "password", "email", "role", "MaCoSo", "status")
VALUES ('HOALACSV0021U', 'sv_hoalacsv0021', 'hashed_default_pass_123', 'vu.ha120@ptit.edu.vn', 'SinhVien', 'HOALAC', 'Active')
ON CONFLICT ("userId") DO NOTHING;
INSERT INTO "users" ("userId", "username", "password", "email", "role", "MaCoSo", "status")
VALUES ('HOALACSV0022U', 'sv_hoalacsv0022', 'hashed_default_pass_123', 'luu.thuy126@ptit.edu.vn', 'SinhVien', 'HOALAC', 'Active')
ON CONFLICT ("userId") DO NOTHING;
INSERT INTO "users" ("userId", "username", "password", "email", "role", "MaCoSo", "status")
VALUES ('HOALACSV0023U', 'sv_hoalacsv0023', 'hashed_default_pass_123', 'tran.tham652@ptit.edu.vn', 'SinhVien', 'HOALAC', 'Active')
ON CONFLICT ("userId") DO NOTHING;
INSERT INTO "users" ("userId", "username", "password", "email", "role", "MaCoSo", "status")
VALUES ('HOALACSV0024U', 'sv_hoalacsv0024', 'hashed_default_pass_123', 'ly.yen370@ptit.edu.vn', 'SinhVien', 'HOALAC', 'Active')
ON CONFLICT ("userId") DO NOTHING;
INSERT INTO "users" ("userId", "username", "password", "email", "role", "MaCoSo", "status")
VALUES ('HOALACSV0025U', 'sv_hoalacsv0025', 'hashed_default_pass_123', 'bui.lam861@ptit.edu.vn', 'SinhVien', 'HOALAC', 'Active')
ON CONFLICT ("userId") DO NOTHING;
INSERT INTO "users" ("userId", "username", "password", "email", "role", "MaCoSo", "status")
VALUES ('HOALACSV0026U', 'sv_hoalacsv0026', 'hashed_default_pass_123', 'pham.thanh811@ptit.edu.vn', 'SinhVien', 'HOALAC', 'Active')
ON CONFLICT ("userId") DO NOTHING;
INSERT INTO "users" ("userId", "username", "password", "email", "role", "MaCoSo", "status")
VALUES ('HOALACSV0027U', 'sv_hoalacsv0027', 'hashed_default_pass_123', 'huynh.loan7@ptit.edu.vn', 'SinhVien', 'HOALAC', 'Active')
ON CONFLICT ("userId") DO NOTHING;
INSERT INTO "users" ("userId", "username", "password", "email", "role", "MaCoSo", "status")
VALUES ('HOALACSV0028U', 'sv_hoalacsv0028', 'hashed_default_pass_123', 'le.toan948@ptit.edu.vn', 'SinhVien', 'HOALAC', 'Active')
ON CONFLICT ("userId") DO NOTHING;
INSERT INTO "users" ("userId", "username", "password", "email", "role", "MaCoSo", "status")
VALUES ('HOALACSV0029U', 'sv_hoalacsv0029', 'hashed_default_pass_123', 'ho.bao734@ptit.edu.vn', 'SinhVien', 'HOALAC', 'Active')
ON CONFLICT ("userId") DO NOTHING;
INSERT INTO "users" ("userId", "username", "password", "email", "role", "MaCoSo", "status")
VALUES ('HOALACSV0030U', 'sv_hoalacsv0030', 'hashed_default_pass_123', 'tran.trang133@ptit.edu.vn', 'SinhVien', 'HOALAC', 'Active')
ON CONFLICT ("userId") DO NOTHING;
INSERT INTO "users" ("userId", "username", "password", "email", "role", "MaCoSo", "status")
VALUES ('HOALACSV0031U', 'sv_hoalacsv0031', 'hashed_default_pass_123', 'ngo.phat955@ptit.edu.vn', 'SinhVien', 'HOALAC', 'Active')
ON CONFLICT ("userId") DO NOTHING;
INSERT INTO "users" ("userId", "username", "password", "email", "role", "MaCoSo", "status")
VALUES ('HOALACSV0032U', 'sv_hoalacsv0032', 'hashed_default_pass_123', 'ho.huong328@ptit.edu.vn', 'SinhVien', 'HOALAC', 'Active')
ON CONFLICT ("userId") DO NOTHING;
INSERT INTO "users" ("userId", "username", "password", "email", "role", "MaCoSo", "status")
VALUES ('HOALACSV0033U', 'sv_hoalacsv0033', 'hashed_default_pass_123', 'dinh.hung874@ptit.edu.vn', 'SinhVien', 'HOALAC', 'Active')
ON CONFLICT ("userId") DO NOTHING;
INSERT INTO "users" ("userId", "username", "password", "email", "role", "MaCoSo", "status")
VALUES ('HOALACSV0034U', 'sv_hoalacsv0034', 'hashed_default_pass_123', 'do.cuong856@ptit.edu.vn', 'SinhVien', 'HOALAC', 'Active')
ON CONFLICT ("userId") DO NOTHING;
INSERT INTO "users" ("userId", "username", "password", "email", "role", "MaCoSo", "status")
VALUES ('HOALACSV0035U', 'sv_hoalacsv0035', 'hashed_default_pass_123', 'dinh.thanh482@ptit.edu.vn', 'SinhVien', 'HOALAC', 'Active')
ON CONFLICT ("userId") DO NOTHING;
INSERT INTO "users" ("userId", "username", "password", "email", "role", "MaCoSo", "status")
VALUES ('HOALACSV0036U', 'sv_hoalacsv0036', 'hashed_default_pass_123', 'trinh.toan798@ptit.edu.vn', 'SinhVien', 'HOALAC', 'Active')
ON CONFLICT ("userId") DO NOTHING;
INSERT INTO "users" ("userId", "username", "password", "email", "role", "MaCoSo", "status")
VALUES ('HOALACSV0037U', 'sv_hoalacsv0037', 'hashed_default_pass_123', 'tran.nghia678@ptit.edu.vn', 'SinhVien', 'HOALAC', 'Active')
ON CONFLICT ("userId") DO NOTHING;
INSERT INTO "users" ("userId", "username", "password", "email", "role", "MaCoSo", "status")
VALUES ('HOALACSV0038U', 'sv_hoalacsv0038', 'hashed_default_pass_123', 'phan.lan1@ptit.edu.vn', 'SinhVien', 'HOALAC', 'Active')
ON CONFLICT ("userId") DO NOTHING;
INSERT INTO "users" ("userId", "username", "password", "email", "role", "MaCoSo", "status")
VALUES ('HOALACSV0039U', 'sv_hoalacsv0039', 'hashed_default_pass_123', 'tran.cuong32@ptit.edu.vn', 'SinhVien', 'HOALAC', 'Active')
ON CONFLICT ("userId") DO NOTHING;
INSERT INTO "users" ("userId", "username", "password", "email", "role", "MaCoSo", "status")
VALUES ('HOALACSV0040U', 'sv_hoalacsv0040', 'hashed_default_pass_123', 'ho.thinh22@ptit.edu.vn', 'SinhVien', 'HOALAC', 'Active')
ON CONFLICT ("userId") DO NOTHING;
INSERT INTO "users" ("userId", "username", "password", "email", "role", "MaCoSo", "status")
VALUES ('HOALACSV0041U', 'sv_hoalacsv0041', 'hashed_default_pass_123', 'le.thanh740@ptit.edu.vn', 'SinhVien', 'HOALAC', 'Active')
ON CONFLICT ("userId") DO NOTHING;
INSERT INTO "users" ("userId", "username", "password", "email", "role", "MaCoSo", "status")
VALUES ('HOALACSV0042U', 'sv_hoalacsv0042', 'hashed_default_pass_123', 'huynh.quynh6@ptit.edu.vn', 'SinhVien', 'HOALAC', 'Active')
ON CONFLICT ("userId") DO NOTHING;
INSERT INTO "users" ("userId", "username", "password", "email", "role", "MaCoSo", "status")
VALUES ('HOALACSV0043U', 'sv_hoalacsv0043', 'hashed_default_pass_123', 'nguyen.nghia246@ptit.edu.vn', 'SinhVien', 'HOALAC', 'Active')
ON CONFLICT ("userId") DO NOTHING;
INSERT INTO "users" ("userId", "username", "password", "email", "role", "MaCoSo", "status")
VALUES ('HOALACSV0044U', 'sv_hoalacsv0044', 'hashed_default_pass_123', 'truong.binh273@ptit.edu.vn', 'SinhVien', 'HOALAC', 'Active')
ON CONFLICT ("userId") DO NOTHING;
INSERT INTO "users" ("userId", "username", "password", "email", "role", "MaCoSo", "status")
VALUES ('HOALACSV0045U', 'sv_hoalacsv0045', 'hashed_default_pass_123', 'ho.minh84@ptit.edu.vn', 'SinhVien', 'HOALAC', 'Active')
ON CONFLICT ("userId") DO NOTHING;
INSERT INTO "users" ("userId", "username", "password", "email", "role", "MaCoSo", "status")
VALUES ('HOALACSV0046U', 'sv_hoalacsv0046', 'hashed_default_pass_123', 'tran.binh361@ptit.edu.vn', 'SinhVien', 'HOALAC', 'Active')
ON CONFLICT ("userId") DO NOTHING;
INSERT INTO "users" ("userId", "username", "password", "email", "role", "MaCoSo", "status")
VALUES ('HOALACSV0047U', 'sv_hoalacsv0047', 'hashed_default_pass_123', 'vu.hung951@ptit.edu.vn', 'SinhVien', 'HOALAC', 'Active')
ON CONFLICT ("userId") DO NOTHING;
INSERT INTO "users" ("userId", "username", "password", "email", "role", "MaCoSo", "status")
VALUES ('HOALACSV0048U', 'sv_hoalacsv0048', 'hashed_default_pass_123', 'truong.quang506@ptit.edu.vn', 'SinhVien', 'HOALAC', 'Active')
ON CONFLICT ("userId") DO NOTHING;
INSERT INTO "users" ("userId", "username", "password", "email", "role", "MaCoSo", "status")
VALUES ('HOALACSV0049U', 'sv_hoalacsv0049', 'hashed_default_pass_123', 'tran.tuan205@ptit.edu.vn', 'SinhVien', 'HOALAC', 'Active')
ON CONFLICT ("userId") DO NOTHING;
INSERT INTO "users" ("userId", "username", "password", "email", "role", "MaCoSo", "status")
VALUES ('HOALACSV0050U', 'sv_hoalacsv0050', 'hashed_default_pass_123', 'luu.vinh632@ptit.edu.vn', 'SinhVien', 'HOALAC', 'Active')
ON CONFLICT ("userId") DO NOTHING;
INSERT INTO "users" ("userId", "username", "password", "email", "role", "MaCoSo", "status")
VALUES ('HOALACSV0051U', 'sv_hoalacsv0051', 'hashed_default_pass_123', 'ngo.binh154@ptit.edu.vn', 'SinhVien', 'HOALAC', 'Active')
ON CONFLICT ("userId") DO NOTHING;
INSERT INTO "users" ("userId", "username", "password", "email", "role", "MaCoSo", "status")
VALUES ('HOALACSV0052U', 'sv_hoalacsv0052', 'hashed_default_pass_123', 'hoang.ha530@ptit.edu.vn', 'SinhVien', 'HOALAC', 'Active')
ON CONFLICT ("userId") DO NOTHING;
INSERT INTO "users" ("userId", "username", "password", "email", "role", "MaCoSo", "status")
VALUES ('HOALACSV0053U', 'sv_hoalacsv0053', 'hashed_default_pass_123', 'phan.trang229@ptit.edu.vn', 'SinhVien', 'HOALAC', 'Active')
ON CONFLICT ("userId") DO NOTHING;
INSERT INTO "users" ("userId", "username", "password", "email", "role", "MaCoSo", "status")
VALUES ('HOALACSV0054U', 'sv_hoalacsv0054', 'hashed_default_pass_123', 'ly.loan409@ptit.edu.vn', 'SinhVien', 'HOALAC', 'Active')
ON CONFLICT ("userId") DO NOTHING;
INSERT INTO "users" ("userId", "username", "password", "email", "role", "MaCoSo", "status")
VALUES ('HOALACSV0055U', 'sv_hoalacsv0055', 'hashed_default_pass_123', 'tran.vinh958@ptit.edu.vn', 'SinhVien', 'HOALAC', 'Active')
ON CONFLICT ("userId") DO NOTHING;
INSERT INTO "users" ("userId", "username", "password", "email", "role", "MaCoSo", "status")
VALUES ('HOALACSV0056U', 'sv_hoalacsv0056', 'hashed_default_pass_123', 'ho.trung790@ptit.edu.vn', 'SinhVien', 'HOALAC', 'Active')
ON CONFLICT ("userId") DO NOTHING;
INSERT INTO "users" ("userId", "username", "password", "email", "role", "MaCoSo", "status")
VALUES ('HOALACSV0057U', 'sv_hoalacsv0057', 'hashed_default_pass_123', 'phan.an925@ptit.edu.vn', 'SinhVien', 'HOALAC', 'Active')
ON CONFLICT ("userId") DO NOTHING;
INSERT INTO "users" ("userId", "username", "password", "email", "role", "MaCoSo", "status")
VALUES ('HOALACSV0058U', 'sv_hoalacsv0058', 'hashed_default_pass_123', 'pham.hung63@ptit.edu.vn', 'SinhVien', 'HOALAC', 'Active')
ON CONFLICT ("userId") DO NOTHING;
INSERT INTO "users" ("userId", "username", "password", "email", "role", "MaCoSo", "status")
VALUES ('HOALACSV0059U', 'sv_hoalacsv0059', 'hashed_default_pass_123', 'phan.bich734@ptit.edu.vn', 'SinhVien', 'HOALAC', 'Active')
ON CONFLICT ("userId") DO NOTHING;
INSERT INTO "users" ("userId", "username", "password", "email", "role", "MaCoSo", "status")
VALUES ('HOALACSV0060U', 'sv_hoalacsv0060', 'hashed_default_pass_123', 'ho.phong856@ptit.edu.vn', 'SinhVien', 'HOALAC', 'Active')
ON CONFLICT ("userId") DO NOTHING;
INSERT INTO "users" ("userId", "username", "password", "email", "role", "MaCoSo", "status")
VALUES ('HOALACSV0061U', 'sv_hoalacsv0061', 'hashed_default_pass_123', 'tran.nghia19@ptit.edu.vn', 'SinhVien', 'HOALAC', 'Active')
ON CONFLICT ("userId") DO NOTHING;
INSERT INTO "users" ("userId", "username", "password", "email", "role", "MaCoSo", "status")
VALUES ('HOALACSV0062U', 'sv_hoalacsv0062', 'hashed_default_pass_123', 'ngo.nga824@ptit.edu.vn', 'SinhVien', 'HOALAC', 'Active')
ON CONFLICT ("userId") DO NOTHING;
INSERT INTO "users" ("userId", "username", "password", "email", "role", "MaCoSo", "status")
VALUES ('HOALACSV0063U', 'sv_hoalacsv0063', 'hashed_default_pass_123', 'ho.huy426@ptit.edu.vn', 'SinhVien', 'HOALAC', 'Active')
ON CONFLICT ("userId") DO NOTHING;
INSERT INTO "users" ("userId", "username", "password", "email", "role", "MaCoSo", "status")
VALUES ('HOALACSV0064U', 'sv_hoalacsv0064', 'hashed_default_pass_123', 'ngo.hanh988@ptit.edu.vn', 'SinhVien', 'HOALAC', 'Active')
ON CONFLICT ("userId") DO NOTHING;
INSERT INTO "users" ("userId", "username", "password", "email", "role", "MaCoSo", "status")
VALUES ('HOALACSV0065U', 'sv_hoalacsv0065', 'hashed_default_pass_123', 'mac.em204@ptit.edu.vn', 'SinhVien', 'HOALAC', 'Active')
ON CONFLICT ("userId") DO NOTHING;
INSERT INTO "users" ("userId", "username", "password", "email", "role", "MaCoSo", "status")
VALUES ('HOALACSV0066U', 'sv_hoalacsv0066', 'hashed_default_pass_123', 'mac.bao17@ptit.edu.vn', 'SinhVien', 'HOALAC', 'Active')
ON CONFLICT ("userId") DO NOTHING;
INSERT INTO "users" ("userId", "username", "password", "email", "role", "MaCoSo", "status")
VALUES ('HOALACSV0067U', 'sv_hoalacsv0067', 'hashed_default_pass_123', 'le.huong86@ptit.edu.vn', 'SinhVien', 'HOALAC', 'Active')
ON CONFLICT ("userId") DO NOTHING;
INSERT INTO "users" ("userId", "username", "password", "email", "role", "MaCoSo", "status")
VALUES ('HOALACSV0068U', 'sv_hoalacsv0068', 'hashed_default_pass_123', 'ho.tuan151@ptit.edu.vn', 'SinhVien', 'HOALAC', 'Active')
ON CONFLICT ("userId") DO NOTHING;
INSERT INTO "users" ("userId", "username", "password", "email", "role", "MaCoSo", "status")
VALUES ('HOALACSV0069U', 'sv_hoalacsv0069', 'hashed_default_pass_123', 'huynh.tham222@ptit.edu.vn', 'SinhVien', 'HOALAC', 'Active')
ON CONFLICT ("userId") DO NOTHING;
INSERT INTO "users" ("userId", "username", "password", "email", "role", "MaCoSo", "status")
VALUES ('HOALACSV0070U', 'sv_hoalacsv0070', 'hashed_default_pass_123', 'bui.trong719@ptit.edu.vn', 'SinhVien', 'HOALAC', 'Active')
ON CONFLICT ("userId") DO NOTHING;
INSERT INTO "users" ("userId", "username", "password", "email", "role", "MaCoSo", "status")
VALUES ('HOALACSV0071U', 'sv_hoalacsv0071', 'hashed_default_pass_123', 'truong.tuan549@ptit.edu.vn', 'SinhVien', 'HOALAC', 'Active')
ON CONFLICT ("userId") DO NOTHING;
INSERT INTO "users" ("userId", "username", "password", "email", "role", "MaCoSo", "status")
VALUES ('HOALACSV0072U', 'sv_hoalacsv0072', 'hashed_default_pass_123', 'pham.minh792@ptit.edu.vn', 'SinhVien', 'HOALAC', 'Active')
ON CONFLICT ("userId") DO NOTHING;
INSERT INTO "users" ("userId", "username", "password", "email", "role", "MaCoSo", "status")
VALUES ('HOALACSV0073U', 'sv_hoalacsv0073', 'hashed_default_pass_123', 'phan.ly987@ptit.edu.vn', 'SinhVien', 'HOALAC', 'Active')
ON CONFLICT ("userId") DO NOTHING;
INSERT INTO "users" ("userId", "username", "password", "email", "role", "MaCoSo", "status")
VALUES ('HOALACSV0074U', 'sv_hoalacsv0074', 'hashed_default_pass_123', 'luu.my831@ptit.edu.vn', 'SinhVien', 'HOALAC', 'Active')
ON CONFLICT ("userId") DO NOTHING;
INSERT INTO "users" ("userId", "username", "password", "email", "role", "MaCoSo", "status")
VALUES ('HOALACSV0075U', 'sv_hoalacsv0075', 'hashed_default_pass_123', 'phan.lan331@ptit.edu.vn', 'SinhVien', 'HOALAC', 'Active')
ON CONFLICT ("userId") DO NOTHING;
INSERT INTO "users" ("userId", "username", "password", "email", "role", "MaCoSo", "status")
VALUES ('HOALACSV0076U', 'sv_hoalacsv0076', 'hashed_default_pass_123', 'le.dung803@ptit.edu.vn', 'SinhVien', 'HOALAC', 'Active')
ON CONFLICT ("userId") DO NOTHING;
INSERT INTO "users" ("userId", "username", "password", "email", "role", "MaCoSo", "status")
VALUES ('HOALACSV0077U', 'sv_hoalacsv0077', 'hashed_default_pass_123', 'le.phat120@ptit.edu.vn', 'SinhVien', 'HOALAC', 'Active')
ON CONFLICT ("userId") DO NOTHING;
INSERT INTO "users" ("userId", "username", "password", "email", "role", "MaCoSo", "status")
VALUES ('HOALACSV0078U', 'sv_hoalacsv0078', 'hashed_default_pass_123', 'bui.thanh513@ptit.edu.vn', 'SinhVien', 'HOALAC', 'Active')
ON CONFLICT ("userId") DO NOTHING;
INSERT INTO "users" ("userId", "username", "password", "email", "role", "MaCoSo", "status")
VALUES ('HOALACSV0079U', 'sv_hoalacsv0079', 'hashed_default_pass_123', 'luu.cuong13@ptit.edu.vn', 'SinhVien', 'HOALAC', 'Active')
ON CONFLICT ("userId") DO NOTHING;
INSERT INTO "users" ("userId", "username", "password", "email", "role", "MaCoSo", "status")
VALUES ('HOALACSV0080U', 'sv_hoalacsv0080', 'hashed_default_pass_123', 'ho.ha490@ptit.edu.vn', 'SinhVien', 'HOALAC', 'Active')
ON CONFLICT ("userId") DO NOTHING;
INSERT INTO "users" ("userId", "username", "password", "email", "role", "MaCoSo", "status")
VALUES ('HOALACSV0081U', 'sv_hoalacsv0081', 'hashed_default_pass_123', 'le.ly578@ptit.edu.vn', 'SinhVien', 'HOALAC', 'Active')
ON CONFLICT ("userId") DO NOTHING;
INSERT INTO "users" ("userId", "username", "password", "email", "role", "MaCoSo", "status")
VALUES ('HOALACSV0082U', 'sv_hoalacsv0082', 'hashed_default_pass_123', 'ta.viet246@ptit.edu.vn', 'SinhVien', 'HOALAC', 'Active')
ON CONFLICT ("userId") DO NOTHING;
INSERT INTO "users" ("userId", "username", "password", "email", "role", "MaCoSo", "status")
VALUES ('HOALACSV0083U', 'sv_hoalacsv0083', 'hashed_default_pass_123', 'hoang.quang341@ptit.edu.vn', 'SinhVien', 'HOALAC', 'Active')
ON CONFLICT ("userId") DO NOTHING;
INSERT INTO "users" ("userId", "username", "password", "email", "role", "MaCoSo", "status")
VALUES ('HOALACSV0084U', 'sv_hoalacsv0084', 'hashed_default_pass_123', 'nguyen.lam745@ptit.edu.vn', 'SinhVien', 'HOALAC', 'Active')
ON CONFLICT ("userId") DO NOTHING;
INSERT INTO "users" ("userId", "username", "password", "email", "role", "MaCoSo", "status")
VALUES ('HOALACSV0085U', 'sv_hoalacsv0085', 'hashed_default_pass_123', 'ngo.tuan335@ptit.edu.vn', 'SinhVien', 'HOALAC', 'Active')
ON CONFLICT ("userId") DO NOTHING;
INSERT INTO "users" ("userId", "username", "password", "email", "role", "MaCoSo", "status")
VALUES ('HOALACSV0086U', 'sv_hoalacsv0086', 'hashed_default_pass_123', 'huynh.tham604@ptit.edu.vn', 'SinhVien', 'HOALAC', 'Active')
ON CONFLICT ("userId") DO NOTHING;
INSERT INTO "users" ("userId", "username", "password", "email", "role", "MaCoSo", "status")
VALUES ('HOALACSV0087U', 'sv_hoalacsv0087', 'hashed_default_pass_123', 'nguyen.nghia478@ptit.edu.vn', 'SinhVien', 'HOALAC', 'Active')
ON CONFLICT ("userId") DO NOTHING;
INSERT INTO "users" ("userId", "username", "password", "email", "role", "MaCoSo", "status")
VALUES ('HOALACSV0088U', 'sv_hoalacsv0088', 'hashed_default_pass_123', 'le.yen134@ptit.edu.vn', 'SinhVien', 'HOALAC', 'Active')
ON CONFLICT ("userId") DO NOTHING;
INSERT INTO "users" ("userId", "username", "password", "email", "role", "MaCoSo", "status")
VALUES ('HOALACSV0089U', 'sv_hoalacsv0089', 'hashed_default_pass_123', 'vu.dung849@ptit.edu.vn', 'SinhVien', 'HOALAC', 'Active')
ON CONFLICT ("userId") DO NOTHING;
INSERT INTO "users" ("userId", "username", "password", "email", "role", "MaCoSo", "status")
VALUES ('HOALACSV0090U', 'sv_hoalacsv0090', 'hashed_default_pass_123', 'do.lien41@ptit.edu.vn', 'SinhVien', 'HOALAC', 'Active')
ON CONFLICT ("userId") DO NOTHING;
INSERT INTO "users" ("userId", "username", "password", "email", "role", "MaCoSo", "status")
VALUES ('HOALACSV0091U', 'sv_hoalacsv0091', 'hashed_default_pass_123', 'phan.chau544@ptit.edu.vn', 'SinhVien', 'HOALAC', 'Active')
ON CONFLICT ("userId") DO NOTHING;
INSERT INTO "users" ("userId", "username", "password", "email", "role", "MaCoSo", "status")
VALUES ('HOALACSV0092U', 'sv_hoalacsv0092', 'hashed_default_pass_123', 'ngo.phat832@ptit.edu.vn', 'SinhVien', 'HOALAC', 'Active')
ON CONFLICT ("userId") DO NOTHING;
INSERT INTO "users" ("userId", "username", "password", "email", "role", "MaCoSo", "status")
VALUES ('HOALACSV0093U', 'sv_hoalacsv0093', 'hashed_default_pass_123', 'do.dung780@ptit.edu.vn', 'SinhVien', 'HOALAC', 'Active')
ON CONFLICT ("userId") DO NOTHING;
INSERT INTO "users" ("userId", "username", "password", "email", "role", "MaCoSo", "status")
VALUES ('HOALACSV0094U', 'sv_hoalacsv0094', 'hashed_default_pass_123', 'pham.linh967@ptit.edu.vn', 'SinhVien', 'HOALAC', 'Active')
ON CONFLICT ("userId") DO NOTHING;
INSERT INTO "users" ("userId", "username", "password", "email", "role", "MaCoSo", "status")
VALUES ('HOALACSV0095U', 'sv_hoalacsv0095', 'hashed_default_pass_123', 'le.phat338@ptit.edu.vn', 'SinhVien', 'HOALAC', 'Active')
ON CONFLICT ("userId") DO NOTHING;
INSERT INTO "users" ("userId", "username", "password", "email", "role", "MaCoSo", "status")
VALUES ('HOALACSV0096U', 'sv_hoalacsv0096', 'hashed_default_pass_123', 'le.thi557@ptit.edu.vn', 'SinhVien', 'HOALAC', 'Active')
ON CONFLICT ("userId") DO NOTHING;
INSERT INTO "users" ("userId", "username", "password", "email", "role", "MaCoSo", "status")
VALUES ('HOALACSV0097U', 'sv_hoalacsv0097', 'hashed_default_pass_123', 'le.huy424@ptit.edu.vn', 'SinhVien', 'HOALAC', 'Active')
ON CONFLICT ("userId") DO NOTHING;
INSERT INTO "users" ("userId", "username", "password", "email", "role", "MaCoSo", "status")
VALUES ('HOALACSV0098U', 'sv_hoalacsv0098', 'hashed_default_pass_123', 'do.giang164@ptit.edu.vn', 'SinhVien', 'HOALAC', 'Active')
ON CONFLICT ("userId") DO NOTHING;
INSERT INTO "users" ("userId", "username", "password", "email", "role", "MaCoSo", "status")
VALUES ('HOALACSV0099U', 'sv_hoalacsv0099', 'hashed_default_pass_123', 'hoang.tri213@ptit.edu.vn', 'SinhVien', 'HOALAC', 'Active')
ON CONFLICT ("userId") DO NOTHING;
INSERT INTO "users" ("userId", "username", "password", "email", "role", "MaCoSo", "status")
VALUES ('HOALACSV0100U', 'sv_hoalacsv0100', 'hashed_default_pass_123', 'tran.minh574@ptit.edu.vn', 'SinhVien', 'HOALAC', 'Active')
ON CONFLICT ("userId") DO NOTHING;
INSERT INTO "users" ("userId", "username", "password", "email", "role", "MaCoSo", "status")
VALUES ('HOALACSV0101U', 'sv_hoalacsv0101', 'hashed_default_pass_123', 'dinh.nghia841@ptit.edu.vn', 'SinhVien', 'HOALAC', 'Active')
ON CONFLICT ("userId") DO NOTHING;
INSERT INTO "users" ("userId", "username", "password", "email", "role", "MaCoSo", "status")
VALUES ('HOALACSV0102U', 'sv_hoalacsv0102', 'hashed_default_pass_123', 'mac.an752@ptit.edu.vn', 'SinhVien', 'HOALAC', 'Active')
ON CONFLICT ("userId") DO NOTHING;
INSERT INTO "users" ("userId", "username", "password", "email", "role", "MaCoSo", "status")
VALUES ('HOALACSV0103U', 'sv_hoalacsv0103', 'hashed_default_pass_123', 'luu.hung548@ptit.edu.vn', 'SinhVien', 'HOALAC', 'Active')
ON CONFLICT ("userId") DO NOTHING;
INSERT INTO "users" ("userId", "username", "password", "email", "role", "MaCoSo", "status")
VALUES ('HOALACSV0104U', 'sv_hoalacsv0104', 'hashed_default_pass_123', 'trinh.thuy760@ptit.edu.vn', 'SinhVien', 'HOALAC', 'Active')
ON CONFLICT ("userId") DO NOTHING;
INSERT INTO "users" ("userId", "username", "password", "email", "role", "MaCoSo", "status")
VALUES ('HOALACSV0105U', 'sv_hoalacsv0105', 'hashed_default_pass_123', 'do.lien91@ptit.edu.vn', 'SinhVien', 'HOALAC', 'Active')
ON CONFLICT ("userId") DO NOTHING;
INSERT INTO "users" ("userId", "username", "password", "email", "role", "MaCoSo", "status")
VALUES ('HOALACSV0106U', 'sv_hoalacsv0106', 'hashed_default_pass_123', 'ly.thi911@ptit.edu.vn', 'SinhVien', 'HOALAC', 'Active')
ON CONFLICT ("userId") DO NOTHING;
INSERT INTO "users" ("userId", "username", "password", "email", "role", "MaCoSo", "status")
VALUES ('HOALACSV0107U', 'sv_hoalacsv0107', 'hashed_default_pass_123', 'nguyen.an283@ptit.edu.vn', 'SinhVien', 'HOALAC', 'Active')
ON CONFLICT ("userId") DO NOTHING;
INSERT INTO "users" ("userId", "username", "password", "email", "role", "MaCoSo", "status")
VALUES ('HOALACSV0108U', 'sv_hoalacsv0108', 'hashed_default_pass_123', 'dang.yen293@ptit.edu.vn', 'SinhVien', 'HOALAC', 'Active')
ON CONFLICT ("userId") DO NOTHING;
INSERT INTO "users" ("userId", "username", "password", "email", "role", "MaCoSo", "status")
VALUES ('HOALACSV0109U', 'sv_hoalacsv0109', 'hashed_default_pass_123', 'hoang.trung381@ptit.edu.vn', 'SinhVien', 'HOALAC', 'Active')
ON CONFLICT ("userId") DO NOTHING;
INSERT INTO "users" ("userId", "username", "password", "email", "role", "MaCoSo", "status")
VALUES ('HOALACSV0110U', 'sv_hoalacsv0110', 'hashed_default_pass_123', 'mac.thanh845@ptit.edu.vn', 'SinhVien', 'HOALAC', 'Active')
ON CONFLICT ("userId") DO NOTHING;
INSERT INTO "users" ("userId", "username", "password", "email", "role", "MaCoSo", "status")
VALUES ('HOALACSV0111U', 'sv_hoalacsv0111', 'hashed_default_pass_123', 'hoang.an785@ptit.edu.vn', 'SinhVien', 'HOALAC', 'Active')
ON CONFLICT ("userId") DO NOTHING;
INSERT INTO "users" ("userId", "username", "password", "email", "role", "MaCoSo", "status")
VALUES ('HOALACSV0112U', 'sv_hoalacsv0112', 'hashed_default_pass_123', 'ho.ha857@ptit.edu.vn', 'SinhVien', 'HOALAC', 'Active')
ON CONFLICT ("userId") DO NOTHING;
INSERT INTO "users" ("userId", "username", "password", "email", "role", "MaCoSo", "status")
VALUES ('HOALACSV0113U', 'sv_hoalacsv0113', 'hashed_default_pass_123', 'trinh.van90@ptit.edu.vn', 'SinhVien', 'HOALAC', 'Active')
ON CONFLICT ("userId") DO NOTHING;
INSERT INTO "users" ("userId", "username", "password", "email", "role", "MaCoSo", "status")
VALUES ('HOALACSV0114U', 'sv_hoalacsv0114', 'hashed_default_pass_123', 'ho.ly881@ptit.edu.vn', 'SinhVien', 'HOALAC', 'Active')
ON CONFLICT ("userId") DO NOTHING;
INSERT INTO "users" ("userId", "username", "password", "email", "role", "MaCoSo", "status")
VALUES ('HOALACSV0115U', 'sv_hoalacsv0115', 'hashed_default_pass_123', 'ngo.hanh728@ptit.edu.vn', 'SinhVien', 'HOALAC', 'Active')
ON CONFLICT ("userId") DO NOTHING;
INSERT INTO "users" ("userId", "username", "password", "email", "role", "MaCoSo", "status")
VALUES ('HOALACSV0116U', 'sv_hoalacsv0116', 'hashed_default_pass_123', 'hoang.dung999@ptit.edu.vn', 'SinhVien', 'HOALAC', 'Active')
ON CONFLICT ("userId") DO NOTHING;
INSERT INTO "users" ("userId", "username", "password", "email", "role", "MaCoSo", "status")
VALUES ('HOALACSV0117U', 'sv_hoalacsv0117', 'hashed_default_pass_123', 'dang.toan433@ptit.edu.vn', 'SinhVien', 'HOALAC', 'Active')
ON CONFLICT ("userId") DO NOTHING;
INSERT INTO "users" ("userId", "username", "password", "email", "role", "MaCoSo", "status")
VALUES ('HOALACSV0118U', 'sv_hoalacsv0118', 'hashed_default_pass_123', 'ngo.minh533@ptit.edu.vn', 'SinhVien', 'HOALAC', 'Active')
ON CONFLICT ("userId") DO NOTHING;
INSERT INTO "users" ("userId", "username", "password", "email", "role", "MaCoSo", "status")
VALUES ('HOALACSV0119U', 'sv_hoalacsv0119', 'hashed_default_pass_123', 'do.van479@ptit.edu.vn', 'SinhVien', 'HOALAC', 'Active')
ON CONFLICT ("userId") DO NOTHING;
INSERT INTO "users" ("userId", "username", "password", "email", "role", "MaCoSo", "status")
VALUES ('HOALACSV0120U', 'sv_hoalacsv0120', 'hashed_default_pass_123', 'tran.cuong168@ptit.edu.vn', 'SinhVien', 'HOALAC', 'Active')
ON CONFLICT ("userId") DO NOTHING;

-- ---- users (GiangVien) ----
INSERT INTO "users" ("userId", "username", "password", "email", "role", "MaCoSo", "status")
VALUES ('HOALACGV001U', 'gv_hoalacgv001', 'hashed_default_pass_123', 'ta.dung534@gv.cntt-hl.ptit.edu.vn', 'GiangVien', 'HOALAC', 'Active')
ON CONFLICT ("userId") DO NOTHING;
INSERT INTO "users" ("userId", "username", "password", "email", "role", "MaCoSo", "status")
VALUES ('HOALACGV002U', 'gv_hoalacgv002', 'hashed_default_pass_123', 'truong.tien26@gv.cntt-hl.ptit.edu.vn', 'GiangVien', 'HOALAC', 'Active')
ON CONFLICT ("userId") DO NOTHING;
INSERT INTO "users" ("userId", "username", "password", "email", "role", "MaCoSo", "status")
VALUES ('HOALACGV003U', 'gv_hoalacgv003', 'hashed_default_pass_123', 'mac.anh840@gv.cntt-hl.ptit.edu.vn', 'GiangVien', 'HOALAC', 'Active')
ON CONFLICT ("userId") DO NOTHING;
INSERT INTO "users" ("userId", "username", "password", "email", "role", "MaCoSo", "status")
VALUES ('HOALACGV004U', 'gv_hoalacgv004', 'hashed_default_pass_123', 'dinh.thao141@gv.cntt-hl.ptit.edu.vn', 'GiangVien', 'HOALAC', 'Active')
ON CONFLICT ("userId") DO NOTHING;
INSERT INTO "users" ("userId", "username", "password", "email", "role", "MaCoSo", "status")
VALUES ('HOALACGV005U', 'gv_hoalacgv005', 'hashed_default_pass_123', 'ngo.anh181@gv.cntt-hl.ptit.edu.vn', 'GiangVien', 'HOALAC', 'Active')
ON CONFLICT ("userId") DO NOTHING;
INSERT INTO "users" ("userId", "username", "password", "email", "role", "MaCoSo", "status")
VALUES ('HOALACGV006U', 'gv_hoalacgv006', 'hashed_default_pass_123', 'ho.dung405@gv.cntt-hl.ptit.edu.vn', 'GiangVien', 'HOALAC', 'Active')
ON CONFLICT ("userId") DO NOTHING;
INSERT INTO "users" ("userId", "username", "password", "email", "role", "MaCoSo", "status")
VALUES ('HOALACGV007U', 'gv_hoalacgv007', 'hashed_default_pass_123', 'huynh.khanh876@gv.cntt-hl.ptit.edu.vn', 'GiangVien', 'HOALAC', 'Active')
ON CONFLICT ("userId") DO NOTHING;
INSERT INTO "users" ("userId", "username", "password", "email", "role", "MaCoSo", "status")
VALUES ('HOALACGV008U', 'gv_hoalacgv008', 'hashed_default_pass_123', 'ngo.toan987@gv.cntt-hl.ptit.edu.vn', 'GiangVien', 'HOALAC', 'Active')
ON CONFLICT ("userId") DO NOTHING;
INSERT INTO "users" ("userId", "username", "password", "email", "role", "MaCoSo", "status")
VALUES ('HOALACGV009U', 'gv_hoalacgv009', 'hashed_default_pass_123', 'hoang.em905@gv.cntt-hl.ptit.edu.vn', 'GiangVien', 'HOALAC', 'Active')
ON CONFLICT ("userId") DO NOTHING;
INSERT INTO "users" ("userId", "username", "password", "email", "role", "MaCoSo", "status")
VALUES ('HOALACGV010U', 'gv_hoalacgv010', 'hashed_default_pass_123', 'bui.khanh371@gv.cntt-hl.ptit.edu.vn', 'GiangVien', 'HOALAC', 'Active')
ON CONFLICT ("userId") DO NOTHING;
INSERT INTO "users" ("userId", "username", "password", "email", "role", "MaCoSo", "status")
VALUES ('HOALACGV011U', 'gv_hoalacgv011', 'hashed_default_pass_123', 'dang.lam204@gv.cntt-hl.ptit.edu.vn', 'GiangVien', 'HOALAC', 'Active')
ON CONFLICT ("userId") DO NOTHING;
INSERT INTO "users" ("userId", "username", "password", "email", "role", "MaCoSo", "status")
VALUES ('HOALACGV012U', 'gv_hoalacgv012', 'hashed_default_pass_123', 'hoang.nam338@gv.cntt-hl.ptit.edu.vn', 'GiangVien', 'HOALAC', 'Active')
ON CONFLICT ("userId") DO NOTHING;
INSERT INTO "users" ("userId", "username", "password", "email", "role", "MaCoSo", "status")
VALUES ('HOALACGV013U', 'gv_hoalacgv013', 'hashed_default_pass_123', 'pham.hoang65@gv.cntt-hl.ptit.edu.vn', 'GiangVien', 'HOALAC', 'Active')
ON CONFLICT ("userId") DO NOTHING;
INSERT INTO "users" ("userId", "username", "password", "email", "role", "MaCoSo", "status")
VALUES ('HOALACGV014U', 'gv_hoalacgv014', 'hashed_default_pass_123', 'do.lien727@gv.cntt-hl.ptit.edu.vn', 'GiangVien', 'HOALAC', 'Active')
ON CONFLICT ("userId") DO NOTHING;
INSERT INTO "users" ("userId", "username", "password", "email", "role", "MaCoSo", "status")
VALUES ('HOALACGV015U', 'gv_hoalacgv015', 'hashed_default_pass_123', 'ngo.ha471@gv.cntt-hl.ptit.edu.vn', 'GiangVien', 'HOALAC', 'Active')
ON CONFLICT ("userId") DO NOTHING;
INSERT INTO "users" ("userId", "username", "password", "email", "role", "MaCoSo", "status")
VALUES ('HOALACGV016U', 'gv_hoalacgv016', 'hashed_default_pass_123', 'vuong.loan713@gv.cntt-hl.ptit.edu.vn', 'GiangVien', 'HOALAC', 'Active')
ON CONFLICT ("userId") DO NOTHING;
INSERT INTO "users" ("userId", "username", "password", "email", "role", "MaCoSo", "status")
VALUES ('HOALACGV017U', 'gv_hoalacgv017', 'hashed_default_pass_123', 'ho.loan755@gv.cntt-hl.ptit.edu.vn', 'GiangVien', 'HOALAC', 'Active')
ON CONFLICT ("userId") DO NOTHING;
INSERT INTO "users" ("userId", "username", "password", "email", "role", "MaCoSo", "status")
VALUES ('HOALACGV018U', 'gv_hoalacgv018', 'hashed_default_pass_123', 'ho.lan180@gv.cntt-hl.ptit.edu.vn', 'GiangVien', 'HOALAC', 'Active')
ON CONFLICT ("userId") DO NOTHING;
INSERT INTO "users" ("userId", "username", "password", "email", "role", "MaCoSo", "status")
VALUES ('HOALACGV019U', 'gv_hoalacgv019', 'hashed_default_pass_123', 'le.lam331@gv.cntt-hl.ptit.edu.vn', 'GiangVien', 'HOALAC', 'Active')
ON CONFLICT ("userId") DO NOTHING;
INSERT INTO "users" ("userId", "username", "password", "email", "role", "MaCoSo", "status")
VALUES ('HOALACGV020U', 'gv_hoalacgv020', 'hashed_default_pass_123', 'vuong.ly122@gv.cntt-hl.ptit.edu.vn', 'GiangVien', 'HOALAC', 'Active')
ON CONFLICT ("userId") DO NOTHING;
INSERT INTO "users" ("userId", "username", "password", "email", "role", "MaCoSo", "status")
VALUES ('HOALACGV021U', 'gv_hoalacgv021', 'hashed_default_pass_123', 'duong.lam880@gv.cntt-hl.ptit.edu.vn', 'GiangVien', 'HOALAC', 'Active')
ON CONFLICT ("userId") DO NOTHING;
INSERT INTO "users" ("userId", "username", "password", "email", "role", "MaCoSo", "status")
VALUES ('HOALACGV022U', 'gv_hoalacgv022', 'hashed_default_pass_123', 'truong.toan939@gv.cntt-hl.ptit.edu.vn', 'GiangVien', 'HOALAC', 'Active')
ON CONFLICT ("userId") DO NOTHING;
INSERT INTO "users" ("userId", "username", "password", "email", "role", "MaCoSo", "status")
VALUES ('HOALACGV023U', 'gv_hoalacgv023', 'hashed_default_pass_123', 'ta.tien447@gv.cntt-hl.ptit.edu.vn', 'GiangVien', 'HOALAC', 'Active')
ON CONFLICT ("userId") DO NOTHING;
INSERT INTO "users" ("userId", "username", "password", "email", "role", "MaCoSo", "status")
VALUES ('HOALACGV024U', 'gv_hoalacgv024', 'hashed_default_pass_123', 'le.toan147@gv.cntt-hl.ptit.edu.vn', 'GiangVien', 'HOALAC', 'Active')
ON CONFLICT ("userId") DO NOTHING;
INSERT INTO "users" ("userId", "username", "password", "email", "role", "MaCoSo", "status")
VALUES ('HOALACGV025U', 'gv_hoalacgv025', 'hashed_default_pass_123', 'trinh.khanh840@gv.cntt-hl.ptit.edu.vn', 'GiangVien', 'HOALAC', 'Active')
ON CONFLICT ("userId") DO NOTHING;
INSERT INTO "users" ("userId", "username", "password", "email", "role", "MaCoSo", "status")
VALUES ('HOALACGV026U', 'gv_hoalacgv026', 'hashed_default_pass_123', 'phan.huong589@gv.cntt-hl.ptit.edu.vn', 'GiangVien', 'HOALAC', 'Active')
ON CONFLICT ("userId") DO NOTHING;
INSERT INTO "users" ("userId", "username", "password", "email", "role", "MaCoSo", "status")
VALUES ('HOALACGV027U', 'gv_hoalacgv027', 'hashed_default_pass_123', 'trinh.thuy75@gv.cntt-hl.ptit.edu.vn', 'GiangVien', 'HOALAC', 'Active')
ON CONFLICT ("userId") DO NOTHING;
INSERT INTO "users" ("userId", "username", "password", "email", "role", "MaCoSo", "status")
VALUES ('HOALACGV028U', 'gv_hoalacgv028', 'hashed_default_pass_123', 'hoang.dung368@gv.cntt-hl.ptit.edu.vn', 'GiangVien', 'HOALAC', 'Active')
ON CONFLICT ("userId") DO NOTHING;
INSERT INTO "users" ("userId", "username", "password", "email", "role", "MaCoSo", "status")
VALUES ('HOALACGV029U', 'gv_hoalacgv029', 'hashed_default_pass_123', 'ta.binh552@gv.cntt-hl.ptit.edu.vn', 'GiangVien', 'HOALAC', 'Active')
ON CONFLICT ("userId") DO NOTHING;
INSERT INTO "users" ("userId", "username", "password", "email", "role", "MaCoSo", "status")
VALUES ('HOALACGV030U', 'gv_hoalacgv030', 'hashed_default_pass_123', 'duong.chau517@gv.cntt-hl.ptit.edu.vn', 'GiangVien', 'HOALAC', 'Active')
ON CONFLICT ("userId") DO NOTHING;

-- ---- SinhVien ----
INSERT INTO "SinhVien" ("MaSV", "userId", "Ho", "Ten", "NgaySinh", "GioiTinh", "SDT", "DiaChi", "MaCoSo", "MaKhoa", "TrangThai", "NgayNhapHoc")
VALUES ('HOALACSV0001', 'HOALACSV0001U', 'Trần', 'Linh', '2003-09-14', 'Nam', '0936582635', 'Quảng Ngãi', 'HOALAC', 'CNTT', 'DangHoc', '2021-08-15')
ON CONFLICT ("MaSV") DO NOTHING;
INSERT INTO "SinhVien" ("MaSV", "userId", "Ho", "Ten", "NgaySinh", "GioiTinh", "SDT", "DiaChi", "MaCoSo", "MaKhoa", "TrangThai", "NgayNhapHoc")
VALUES ('HOALACSV0002', 'HOALACSV0002U', 'Đỗ', 'Thắm', '2002-12-06', 'Nam', '0984258667', 'Quảng Trị', 'HOALAC', 'CNTT', 'DangHoc', '2020-06-01')
ON CONFLICT ("MaSV") DO NOTHING;
INSERT INTO "SinhVien" ("MaSV", "userId", "Ho", "Ten", "NgaySinh", "GioiTinh", "SDT", "DiaChi", "MaCoSo", "MaKhoa", "TrangThai", "NgayNhapHoc")
VALUES ('HOALACSV0003', 'HOALACSV0003U', 'Bùi', 'Sơn', '2003-07-03', 'Nu', '0972527544', 'Nam Định', 'HOALAC', 'VT', 'DangHoc', '2024-11-03')
ON CONFLICT ("MaSV") DO NOTHING;
INSERT INTO "SinhVien" ("MaSV", "userId", "Ho", "Ten", "NgaySinh", "GioiTinh", "SDT", "DiaChi", "MaCoSo", "MaKhoa", "TrangThai", "NgayNhapHoc")
VALUES ('HOALACSV0004', 'HOALACSV0004U', 'Huỳnh', 'Ly', '2003-07-03', 'Nam', '0981619190', 'Hưng Yên', 'HOALAC', 'KT', 'DangHoc', '2022-01-08')
ON CONFLICT ("MaSV") DO NOTHING;
INSERT INTO "SinhVien" ("MaSV", "userId", "Ho", "Ten", "NgaySinh", "GioiTinh", "SDT", "DiaChi", "MaCoSo", "MaKhoa", "TrangThai", "NgayNhapHoc")
VALUES ('HOALACSV0005', 'HOALACSV0005U', 'Hồ', 'Bảo', '2006-06-04', 'Nam', '0951396289', 'Hải Dương', 'HOALAC', 'ATTT', 'DangHoc', '2023-05-11')
ON CONFLICT ("MaSV") DO NOTHING;
INSERT INTO "SinhVien" ("MaSV", "userId", "Ho", "Ten", "NgaySinh", "GioiTinh", "SDT", "DiaChi", "MaCoSo", "MaKhoa", "TrangThai", "NgayNhapHoc")
VALUES ('HOALACSV0006', 'HOALACSV0006U', 'Hồ', 'Yến', '2004-10-11', 'Nu', '0909749415', 'Vĩnh Phúc', 'HOALAC', 'CNTT', 'DangHoc', '2022-04-16')
ON CONFLICT ("MaSV") DO NOTHING;
INSERT INTO "SinhVien" ("MaSV", "userId", "Ho", "Ten", "NgaySinh", "GioiTinh", "SDT", "DiaChi", "MaCoSo", "MaKhoa", "TrangThai", "NgayNhapHoc")
VALUES ('HOALACSV0007', 'HOALACSV0007U', 'Vương', 'Bình', '2004-06-15', 'Nam', '0939400747', 'Hải Phòng', 'HOALAC', 'VT', 'BaoLuu', '2021-02-03')
ON CONFLICT ("MaSV") DO NOTHING;
INSERT INTO "SinhVien" ("MaSV", "userId", "Ho", "Ten", "NgaySinh", "GioiTinh", "SDT", "DiaChi", "MaCoSo", "MaKhoa", "TrangThai", "NgayNhapHoc")
VALUES ('HOALACSV0008', 'HOALACSV0008U', 'Hồ', 'Loan', '2004-10-09', 'Nam', '0934080897', 'Nam Định', 'HOALAC', 'ATTT', 'DangHoc', '2024-10-25')
ON CONFLICT ("MaSV") DO NOTHING;
INSERT INTO "SinhVien" ("MaSV", "userId", "Ho", "Ten", "NgaySinh", "GioiTinh", "SDT", "DiaChi", "MaCoSo", "MaKhoa", "TrangThai", "NgayNhapHoc")
VALUES ('HOALACSV0009', 'HOALACSV0009U', 'Lê', 'Tuấn', '2001-06-27', 'Nam', '0927773494', 'Nam Định', 'HOALAC', 'CNTT', 'BaoLuu', '2022-11-12')
ON CONFLICT ("MaSV") DO NOTHING;
INSERT INTO "SinhVien" ("MaSV", "userId", "Ho", "Ten", "NgaySinh", "GioiTinh", "SDT", "DiaChi", "MaCoSo", "MaKhoa", "TrangThai", "NgayNhapHoc")
VALUES ('HOALACSV0010', 'HOALACSV0010U', 'Trần', 'Hà', '2006-03-26', 'Nam', '0981535488', 'Ninh Bình', 'HOALAC', 'VT', 'BaoLuu', '2020-01-08')
ON CONFLICT ("MaSV") DO NOTHING;
INSERT INTO "SinhVien" ("MaSV", "userId", "Ho", "Ten", "NgaySinh", "GioiTinh", "SDT", "DiaChi", "MaCoSo", "MaKhoa", "TrangThai", "NgayNhapHoc")
VALUES ('HOALACSV0011', 'HOALACSV0011U', 'Lê', 'Loan', '2004-11-28', 'Nam', '0981048208', 'Nam Định', 'HOALAC', 'ATTT', 'DangHoc', '2023-04-10')
ON CONFLICT ("MaSV") DO NOTHING;
INSERT INTO "SinhVien" ("MaSV", "userId", "Ho", "Ten", "NgaySinh", "GioiTinh", "SDT", "DiaChi", "MaCoSo", "MaKhoa", "TrangThai", "NgayNhapHoc")
VALUES ('HOALACSV0012', 'HOALACSV0012U', 'Dương', 'Phong', '2004-02-02', 'Nam', '0908515833', 'Quảng Nam', 'HOALAC', 'KT', 'BaoLuu', '2021-01-09')
ON CONFLICT ("MaSV") DO NOTHING;
INSERT INTO "SinhVien" ("MaSV", "userId", "Ho", "Ten", "NgaySinh", "GioiTinh", "SDT", "DiaChi", "MaCoSo", "MaKhoa", "TrangThai", "NgayNhapHoc")
VALUES ('HOALACSV0013', 'HOALACSV0013U', 'Mạc', 'Hà', '2000-09-06', 'Nam', '0987858085', 'Phú Yên', 'HOALAC', 'CNTT', 'BaoLuu', '2020-05-19')
ON CONFLICT ("MaSV") DO NOTHING;
INSERT INTO "SinhVien" ("MaSV", "userId", "Ho", "Ten", "NgaySinh", "GioiTinh", "SDT", "DiaChi", "MaCoSo", "MaKhoa", "TrangThai", "NgayNhapHoc")
VALUES ('HOALACSV0014', 'HOALACSV0014U', 'Tạ', 'Dung', '2006-12-15', 'Nam', '0941048202', 'Ninh Bình', 'HOALAC', 'VT', 'DangHoc', '2020-06-23')
ON CONFLICT ("MaSV") DO NOTHING;
INSERT INTO "SinhVien" ("MaSV", "userId", "Ho", "Ten", "NgaySinh", "GioiTinh", "SDT", "DiaChi", "MaCoSo", "MaKhoa", "TrangThai", "NgayNhapHoc")
VALUES ('HOALACSV0015', 'HOALACSV0015U', 'Đỗ', 'Thắm', '2003-02-08', 'Nu', '0902697086', 'Phú Yên', 'HOALAC', 'VT', 'DangHoc', '2020-05-07')
ON CONFLICT ("MaSV") DO NOTHING;
INSERT INTO "SinhVien" ("MaSV", "userId", "Ho", "Ten", "NgaySinh", "GioiTinh", "SDT", "DiaChi", "MaCoSo", "MaKhoa", "TrangThai", "NgayNhapHoc")
VALUES ('HOALACSV0016', 'HOALACSV0016U', 'Lý', 'Thắm', '2006-01-01', 'Nam', '0972900696', 'Quảng Ngãi', 'HOALAC', 'CNTT', 'DangHoc', '2020-12-17')
ON CONFLICT ("MaSV") DO NOTHING;
INSERT INTO "SinhVien" ("MaSV", "userId", "Ho", "Ten", "NgaySinh", "GioiTinh", "SDT", "DiaChi", "MaCoSo", "MaKhoa", "TrangThai", "NgayNhapHoc")
VALUES ('HOALACSV0017', 'HOALACSV0017U', 'Ngô', 'Nghĩa', '2002-09-18', 'Nam', '0976836595', 'Bình Định', 'HOALAC', 'CNTT', 'DangHoc', '2023-01-03')
ON CONFLICT ("MaSV") DO NOTHING;
INSERT INTO "SinhVien" ("MaSV", "userId", "Ho", "Ten", "NgaySinh", "GioiTinh", "SDT", "DiaChi", "MaCoSo", "MaKhoa", "TrangThai", "NgayNhapHoc")
VALUES ('HOALACSV0018', 'HOALACSV0018U', 'Vũ', 'Giang', '2006-05-11', 'Nu', '0927020869', 'Hưng Yên', 'HOALAC', 'VT', 'DangHoc', '2020-12-07')
ON CONFLICT ("MaSV") DO NOTHING;
INSERT INTO "SinhVien" ("MaSV", "userId", "Ho", "Ten", "NgaySinh", "GioiTinh", "SDT", "DiaChi", "MaCoSo", "MaKhoa", "TrangThai", "NgayNhapHoc")
VALUES ('HOALACSV0019', 'HOALACSV0019U', 'Trần', 'Oanh', '2005-10-06', 'Nam', '0942317874', 'Đà Nẵng', 'HOALAC', 'ATTT', 'DangHoc', '2024-04-03')
ON CONFLICT ("MaSV") DO NOTHING;
INSERT INTO "SinhVien" ("MaSV", "userId", "Ho", "Ten", "NgaySinh", "GioiTinh", "SDT", "DiaChi", "MaCoSo", "MaKhoa", "TrangThai", "NgayNhapHoc")
VALUES ('HOALACSV0020', 'HOALACSV0020U', 'Trương', 'Nghĩa', '2005-05-27', 'Nam', '0912551126', 'Đà Nẵng', 'HOALAC', 'VT', 'DangHoc', '2023-07-11')
ON CONFLICT ("MaSV") DO NOTHING;
INSERT INTO "SinhVien" ("MaSV", "userId", "Ho", "Ten", "NgaySinh", "GioiTinh", "SDT", "DiaChi", "MaCoSo", "MaKhoa", "TrangThai", "NgayNhapHoc")
VALUES ('HOALACSV0021', 'HOALACSV0021U', 'Lê', 'Nam', '2002-02-28', 'Nam', '0993828023', 'Nghệ An', 'HOALAC', 'CNTT', 'DangHoc', '2020-08-29')
ON CONFLICT ("MaSV") DO NOTHING;
INSERT INTO "SinhVien" ("MaSV", "userId", "Ho", "Ten", "NgaySinh", "GioiTinh", "SDT", "DiaChi", "MaCoSo", "MaKhoa", "TrangThai", "NgayNhapHoc")
VALUES ('HOALACSV0022', 'HOALACSV0022U', 'Đỗ', 'Phát', '2002-10-20', 'Nam', '0928087966', 'Nam Định', 'HOALAC', 'ATTT', 'DangHoc', '2020-10-07')
ON CONFLICT ("MaSV") DO NOTHING;
INSERT INTO "SinhVien" ("MaSV", "userId", "Ho", "Ten", "NgaySinh", "GioiTinh", "SDT", "DiaChi", "MaCoSo", "MaKhoa", "TrangThai", "NgayNhapHoc")
VALUES ('HOALACSV0023', 'HOALACSV0023U', 'Mạc', 'Anh', '2000-11-06', 'Nu', '0905591969', 'Khánh Hòa', 'HOALAC', 'CNTT', 'DangHoc', '2021-06-28')
ON CONFLICT ("MaSV") DO NOTHING;
INSERT INTO "SinhVien" ("MaSV", "userId", "Ho", "Ten", "NgaySinh", "GioiTinh", "SDT", "DiaChi", "MaCoSo", "MaKhoa", "TrangThai", "NgayNhapHoc")
VALUES ('HOALACSV0024', 'HOALACSV0024U', 'Đinh', 'My', '2002-10-24', 'Nam', '0998298602', 'Vĩnh Phúc', 'HOALAC', 'KT', 'BaoLuu', '2023-08-29')
ON CONFLICT ("MaSV") DO NOTHING;
INSERT INTO "SinhVien" ("MaSV", "userId", "Ho", "Ten", "NgaySinh", "GioiTinh", "SDT", "DiaChi", "MaCoSo", "MaKhoa", "TrangThai", "NgayNhapHoc")
VALUES ('HOALACSV0025', 'HOALACSV0025U', 'Lê', 'Nga', '2002-06-14', 'Nu', '0992141391', 'Đà Nẵng', 'HOALAC', 'ATTT', 'DangHoc', '2024-02-12')
ON CONFLICT ("MaSV") DO NOTHING;
INSERT INTO "SinhVien" ("MaSV", "userId", "Ho", "Ten", "NgaySinh", "GioiTinh", "SDT", "DiaChi", "MaCoSo", "MaKhoa", "TrangThai", "NgayNhapHoc")
VALUES ('HOALACSV0026', 'HOALACSV0026U', 'Phan', 'Thúy', '2006-09-25', 'Nu', '0965892136', 'Bắc Ninh', 'HOALAC', 'CNTT', 'DangHoc', '2022-10-10')
ON CONFLICT ("MaSV") DO NOTHING;
INSERT INTO "SinhVien" ("MaSV", "userId", "Ho", "Ten", "NgaySinh", "GioiTinh", "SDT", "DiaChi", "MaCoSo", "MaKhoa", "TrangThai", "NgayNhapHoc")
VALUES ('HOALACSV0027', 'HOALACSV0027U', 'Vũ', 'Ngọc', '2005-11-09', 'Nu', '0921366336', 'Ninh Bình', 'HOALAC', 'ATTT', 'DangHoc', '2021-01-30')
ON CONFLICT ("MaSV") DO NOTHING;
INSERT INTO "SinhVien" ("MaSV", "userId", "Ho", "Ten", "NgaySinh", "GioiTinh", "SDT", "DiaChi", "MaCoSo", "MaKhoa", "TrangThai", "NgayNhapHoc")
VALUES ('HOALACSV0028', 'HOALACSV0028U', 'Vũ', 'Hạnh', '2003-01-02', 'Nu', '0983966907', 'Hà Nội', 'HOALAC', 'KT', 'DangHoc', '2023-01-24')
ON CONFLICT ("MaSV") DO NOTHING;
INSERT INTO "SinhVien" ("MaSV", "userId", "Ho", "Ten", "NgaySinh", "GioiTinh", "SDT", "DiaChi", "MaCoSo", "MaKhoa", "TrangThai", "NgayNhapHoc")
VALUES ('HOALACSV0029', 'HOALACSV0029U', 'Dương', 'Sơn', '2004-04-29', 'Nam', '0916348823', 'Hải Phòng', 'HOALAC', 'KT', 'DangHoc', '2020-01-04')
ON CONFLICT ("MaSV") DO NOTHING;
INSERT INTO "SinhVien" ("MaSV", "userId", "Ho", "Ten", "NgaySinh", "GioiTinh", "SDT", "DiaChi", "MaCoSo", "MaKhoa", "TrangThai", "NgayNhapHoc")
VALUES ('HOALACSV0030', 'HOALACSV0030U', 'Phạm', 'Tâm', '2004-07-09', 'Nu', '0962317154', 'Quảng Nam', 'HOALAC', 'VT', 'DangHoc', '2024-06-06')
ON CONFLICT ("MaSV") DO NOTHING;
INSERT INTO "SinhVien" ("MaSV", "userId", "Ho", "Ten", "NgaySinh", "GioiTinh", "SDT", "DiaChi", "MaCoSo", "MaKhoa", "TrangThai", "NgayNhapHoc")
VALUES ('HOALACSV0031', 'HOALACSV0031U', 'Đỗ', 'Nam', '2006-05-29', 'Nam', '0909268497', 'Bắc Ninh', 'HOALAC', 'VT', 'BaoLuu', '2020-06-24')
ON CONFLICT ("MaSV") DO NOTHING;
INSERT INTO "SinhVien" ("MaSV", "userId", "Ho", "Ten", "NgaySinh", "GioiTinh", "SDT", "DiaChi", "MaCoSo", "MaKhoa", "TrangThai", "NgayNhapHoc")
VALUES ('HOALACSV0032', 'HOALACSV0032U', 'Hoàng', 'Hùng', '2005-05-29', 'Nu', '0903008452', 'Hải Dương', 'HOALAC', 'CNTT', 'DangHoc', '2020-02-27')
ON CONFLICT ("MaSV") DO NOTHING;
INSERT INTO "SinhVien" ("MaSV", "userId", "Ho", "Ten", "NgaySinh", "GioiTinh", "SDT", "DiaChi", "MaCoSo", "MaKhoa", "TrangThai", "NgayNhapHoc")
VALUES ('HOALACSV0033', 'HOALACSV0033U', 'Hoàng', 'Ly', '2005-02-15', 'Nam', '0998080628', 'Bình Định', 'HOALAC', 'VT', 'DangHoc', '2020-05-03')
ON CONFLICT ("MaSV") DO NOTHING;
INSERT INTO "SinhVien" ("MaSV", "userId", "Ho", "Ten", "NgaySinh", "GioiTinh", "SDT", "DiaChi", "MaCoSo", "MaKhoa", "TrangThai", "NgayNhapHoc")
VALUES ('HOALACSV0034', 'HOALACSV0034U', 'Hoàng', 'Linh', '2000-04-25', 'Nam', '0927317345', 'Bình Thuận', 'HOALAC', 'CNTT', 'BaoLuu', '2024-06-01')
ON CONFLICT ("MaSV") DO NOTHING;
INSERT INTO "SinhVien" ("MaSV", "userId", "Ho", "Ten", "NgaySinh", "GioiTinh", "SDT", "DiaChi", "MaCoSo", "MaKhoa", "TrangThai", "NgayNhapHoc")
VALUES ('HOALACSV0035', 'HOALACSV0035U', 'Hoàng', 'Vinh', '2005-08-09', 'Nu', '0949972754', 'Thanh Hóa', 'HOALAC', 'ATTT', 'DangHoc', '2023-01-05')
ON CONFLICT ("MaSV") DO NOTHING;
INSERT INTO "SinhVien" ("MaSV", "userId", "Ho", "Ten", "NgaySinh", "GioiTinh", "SDT", "DiaChi", "MaCoSo", "MaKhoa", "TrangThai", "NgayNhapHoc")
VALUES ('HOALACSV0036', 'HOALACSV0036U', 'Lý', 'Hà', '2005-11-03', 'Nam', '0963625541', 'Quảng Ngãi', 'HOALAC', 'VT', 'DangHoc', '2023-02-17')
ON CONFLICT ("MaSV") DO NOTHING;
INSERT INTO "SinhVien" ("MaSV", "userId", "Ho", "Ten", "NgaySinh", "GioiTinh", "SDT", "DiaChi", "MaCoSo", "MaKhoa", "TrangThai", "NgayNhapHoc")
VALUES ('HOALACSV0037', 'HOALACSV0037U', 'Bùi', 'Thúy', '2002-05-28', 'Nu', '0958810007', 'Hà Tĩnh', 'HOALAC', 'ATTT', 'DangHoc', '2020-07-02')
ON CONFLICT ("MaSV") DO NOTHING;
INSERT INTO "SinhVien" ("MaSV", "userId", "Ho", "Ten", "NgaySinh", "GioiTinh", "SDT", "DiaChi", "MaCoSo", "MaKhoa", "TrangThai", "NgayNhapHoc")
VALUES ('HOALACSV0038', 'HOALACSV0038U', 'Bùi', 'Bình', '2006-11-15', 'Nu', '0966321555', 'Quảng Nam', 'HOALAC', 'CNTT', 'DangHoc', '2023-03-21')
ON CONFLICT ("MaSV") DO NOTHING;
INSERT INTO "SinhVien" ("MaSV", "userId", "Ho", "Ten", "NgaySinh", "GioiTinh", "SDT", "DiaChi", "MaCoSo", "MaKhoa", "TrangThai", "NgayNhapHoc")
VALUES ('HOALACSV0039', 'HOALACSV0039U', 'Đỗ', 'Nam', '2006-09-20', 'Nu', '0917563914', 'Thái Bình', 'HOALAC', 'CNTT', 'DangHoc', '2023-07-03')
ON CONFLICT ("MaSV") DO NOTHING;
INSERT INTO "SinhVien" ("MaSV", "userId", "Ho", "Ten", "NgaySinh", "GioiTinh", "SDT", "DiaChi", "MaCoSo", "MaKhoa", "TrangThai", "NgayNhapHoc")
VALUES ('HOALACSV0040', 'HOALACSV0040U', 'Phạm', 'Quang', '2003-06-25', 'Nu', '0965588672', 'Hưng Yên', 'HOALAC', 'ATTT', 'DangHoc', '2021-11-01')
ON CONFLICT ("MaSV") DO NOTHING;
INSERT INTO "SinhVien" ("MaSV", "userId", "Ho", "Ten", "NgaySinh", "GioiTinh", "SDT", "DiaChi", "MaCoSo", "MaKhoa", "TrangThai", "NgayNhapHoc")
VALUES ('HOALACSV0041', 'HOALACSV0041U', 'Ngô', 'Tuấn', '2004-05-25', 'Nu', '0921944684', 'Bắc Ninh', 'HOALAC', 'KT', 'BaoLuu', '2021-06-28')
ON CONFLICT ("MaSV") DO NOTHING;
INSERT INTO "SinhVien" ("MaSV", "userId", "Ho", "Ten", "NgaySinh", "GioiTinh", "SDT", "DiaChi", "MaCoSo", "MaKhoa", "TrangThai", "NgayNhapHoc")
VALUES ('HOALACSV0042', 'HOALACSV0042U', 'Trịnh', 'Tâm', '2002-12-11', 'Nam', '0992418755', 'Thanh Hóa', 'HOALAC', 'CNTT', 'BaoLuu', '2024-02-22')
ON CONFLICT ("MaSV") DO NOTHING;
INSERT INTO "SinhVien" ("MaSV", "userId", "Ho", "Ten", "NgaySinh", "GioiTinh", "SDT", "DiaChi", "MaCoSo", "MaKhoa", "TrangThai", "NgayNhapHoc")
VALUES ('HOALACSV0043', 'HOALACSV0043U', 'Hoàng', 'Cường', '2004-05-14', 'Nu', '0968154985', 'Nghệ An', 'HOALAC', 'CNTT', 'DangHoc', '2023-05-18')
ON CONFLICT ("MaSV") DO NOTHING;
INSERT INTO "SinhVien" ("MaSV", "userId", "Ho", "Ten", "NgaySinh", "GioiTinh", "SDT", "DiaChi", "MaCoSo", "MaKhoa", "TrangThai", "NgayNhapHoc")
VALUES ('HOALACSV0044', 'HOALACSV0044U', 'Đỗ', 'Ly', '2004-05-18', 'Nam', '0969521072', 'Hưng Yên', 'HOALAC', 'ATTT', 'BaoLuu', '2021-03-27')
ON CONFLICT ("MaSV") DO NOTHING;
INSERT INTO "SinhVien" ("MaSV", "userId", "Ho", "Ten", "NgaySinh", "GioiTinh", "SDT", "DiaChi", "MaCoSo", "MaKhoa", "TrangThai", "NgayNhapHoc")
VALUES ('HOALACSV0045', 'HOALACSV0045U', 'Hoàng', 'Giang', '2000-11-30', 'Nu', '0987206142', 'Hà Tĩnh', 'HOALAC', 'CNTT', 'BaoLuu', '2024-06-26')
ON CONFLICT ("MaSV") DO NOTHING;
INSERT INTO "SinhVien" ("MaSV", "userId", "Ho", "Ten", "NgaySinh", "GioiTinh", "SDT", "DiaChi", "MaCoSo", "MaKhoa", "TrangThai", "NgayNhapHoc")
VALUES ('HOALACSV0046', 'HOALACSV0046U', 'Hoàng', 'Bình', '2001-10-20', 'Nam', '0915767667', 'Bình Định', 'HOALAC', 'VT', 'BaoLuu', '2024-01-15')
ON CONFLICT ("MaSV") DO NOTHING;
INSERT INTO "SinhVien" ("MaSV", "userId", "Ho", "Ten", "NgaySinh", "GioiTinh", "SDT", "DiaChi", "MaCoSo", "MaKhoa", "TrangThai", "NgayNhapHoc")
VALUES ('HOALACSV0047', 'HOALACSV0047U', 'Đỗ', 'Lan', '2005-05-20', 'Nam', '0979282699', 'Hải Phòng', 'HOALAC', 'CNTT', 'DangHoc', '2023-10-24')
ON CONFLICT ("MaSV") DO NOTHING;
INSERT INTO "SinhVien" ("MaSV", "userId", "Ho", "Ten", "NgaySinh", "GioiTinh", "SDT", "DiaChi", "MaCoSo", "MaKhoa", "TrangThai", "NgayNhapHoc")
VALUES ('HOALACSV0048', 'HOALACSV0048U', 'Lê', 'Thanh', '2005-01-10', 'Nu', '0988376571', 'Quảng Ngãi', 'HOALAC', 'CNTT', 'DangHoc', '2022-09-22')
ON CONFLICT ("MaSV") DO NOTHING;
INSERT INTO "SinhVien" ("MaSV", "userId", "Ho", "Ten", "NgaySinh", "GioiTinh", "SDT", "DiaChi", "MaCoSo", "MaKhoa", "TrangThai", "NgayNhapHoc")
VALUES ('HOALACSV0049', 'HOALACSV0049U', 'Bùi', 'Hà', '2004-12-05', 'Nam', '0997612029', 'Hải Dương', 'HOALAC', 'ATTT', 'DangHoc', '2020-10-29')
ON CONFLICT ("MaSV") DO NOTHING;
INSERT INTO "SinhVien" ("MaSV", "userId", "Ho", "Ten", "NgaySinh", "GioiTinh", "SDT", "DiaChi", "MaCoSo", "MaKhoa", "TrangThai", "NgayNhapHoc")
VALUES ('HOALACSV0050', 'HOALACSV0050U', 'Bùi', 'Minh', '2006-06-03', 'Nam', '0934405093', 'Hà Tĩnh', 'HOALAC', 'VT', 'DangHoc', '2021-12-25')
ON CONFLICT ("MaSV") DO NOTHING;
INSERT INTO "SinhVien" ("MaSV", "userId", "Ho", "Ten", "NgaySinh", "GioiTinh", "SDT", "DiaChi", "MaCoSo", "MaKhoa", "TrangThai", "NgayNhapHoc")
VALUES ('HOALACSV0051', 'HOALACSV0051U', 'Lý', 'Bình', '2004-07-29', 'Nam', '0988725887', 'Khánh Hòa', 'HOALAC', 'VT', 'DangHoc', '2020-07-14')
ON CONFLICT ("MaSV") DO NOTHING;
INSERT INTO "SinhVien" ("MaSV", "userId", "Ho", "Ten", "NgaySinh", "GioiTinh", "SDT", "DiaChi", "MaCoSo", "MaKhoa", "TrangThai", "NgayNhapHoc")
VALUES ('HOALACSV0052', 'HOALACSV0052U', 'Vũ', 'Dũng', '2004-11-23', 'Nam', '0918411214', 'Quảng Trị', 'HOALAC', 'VT', 'DangHoc', '2024-03-12')
ON CONFLICT ("MaSV") DO NOTHING;
INSERT INTO "SinhVien" ("MaSV", "userId", "Ho", "Ten", "NgaySinh", "GioiTinh", "SDT", "DiaChi", "MaCoSo", "MaKhoa", "TrangThai", "NgayNhapHoc")
VALUES ('HOALACSV0053', 'HOALACSV0053U', 'Phan', 'Trang', '2001-08-20', 'Nu', '0993413068', 'Ninh Bình', 'HOALAC', 'KT', 'DangHoc', '2020-10-15')
ON CONFLICT ("MaSV") DO NOTHING;
INSERT INTO "SinhVien" ("MaSV", "userId", "Ho", "Ten", "NgaySinh", "GioiTinh", "SDT", "DiaChi", "MaCoSo", "MaKhoa", "TrangThai", "NgayNhapHoc")
VALUES ('HOALACSV0054', 'HOALACSV0054U', 'Lê', 'Khánh', '2001-12-26', 'Nam', '0961158732', 'Thanh Hóa', 'HOALAC', 'KT', 'BaoLuu', '2021-12-22')
ON CONFLICT ("MaSV") DO NOTHING;
INSERT INTO "SinhVien" ("MaSV", "userId", "Ho", "Ten", "NgaySinh", "GioiTinh", "SDT", "DiaChi", "MaCoSo", "MaKhoa", "TrangThai", "NgayNhapHoc")
VALUES ('HOALACSV0055', 'HOALACSV0055U', 'Hồ', 'Thu', '2004-01-05', 'Nu', '0965469342', 'Nghệ An', 'HOALAC', 'ATTT', 'DangHoc', '2022-04-11')
ON CONFLICT ("MaSV") DO NOTHING;
INSERT INTO "SinhVien" ("MaSV", "userId", "Ho", "Ten", "NgaySinh", "GioiTinh", "SDT", "DiaChi", "MaCoSo", "MaKhoa", "TrangThai", "NgayNhapHoc")
VALUES ('HOALACSV0056', 'HOALACSV0056U', 'Phạm', 'Vân', '2003-05-18', 'Nu', '0971977524', 'Nghệ An', 'HOALAC', 'VT', 'BaoLuu', '2021-12-22')
ON CONFLICT ("MaSV") DO NOTHING;
INSERT INTO "SinhVien" ("MaSV", "userId", "Ho", "Ten", "NgaySinh", "GioiTinh", "SDT", "DiaChi", "MaCoSo", "MaKhoa", "TrangThai", "NgayNhapHoc")
VALUES ('HOALACSV0057', 'HOALACSV0057U', 'Hoàng', 'Lam', '2005-07-31', 'Nu', '0982161993', 'Nam Định', 'HOALAC', 'KT', 'DangHoc', '2020-02-10')
ON CONFLICT ("MaSV") DO NOTHING;
INSERT INTO "SinhVien" ("MaSV", "userId", "Ho", "Ten", "NgaySinh", "GioiTinh", "SDT", "DiaChi", "MaCoSo", "MaKhoa", "TrangThai", "NgayNhapHoc")
VALUES ('HOALACSV0058', 'HOALACSV0058U', 'Đặng', 'Oanh', '2005-06-14', 'Nam', '0978531601', 'Hà Nội', 'HOALAC', 'CNTT', 'BaoLuu', '2023-03-08')
ON CONFLICT ("MaSV") DO NOTHING;
INSERT INTO "SinhVien" ("MaSV", "userId", "Ho", "Ten", "NgaySinh", "GioiTinh", "SDT", "DiaChi", "MaCoSo", "MaKhoa", "TrangThai", "NgayNhapHoc")
VALUES ('HOALACSV0059', 'HOALACSV0059U', 'Dương', 'Trọng', '2000-08-06', 'Nam', '0978620342', 'Thanh Hóa', 'HOALAC', 'CNTT', 'DangHoc', '2022-07-14')
ON CONFLICT ("MaSV") DO NOTHING;
INSERT INTO "SinhVien" ("MaSV", "userId", "Ho", "Ten", "NgaySinh", "GioiTinh", "SDT", "DiaChi", "MaCoSo", "MaKhoa", "TrangThai", "NgayNhapHoc")
VALUES ('HOALACSV0060', 'HOALACSV0060U', 'Vũ', 'Thịnh', '2001-04-07', 'Nam', '0963502123', 'Phú Yên', 'HOALAC', 'VT', 'BaoLuu', '2024-06-28')
ON CONFLICT ("MaSV") DO NOTHING;
INSERT INTO "SinhVien" ("MaSV", "userId", "Ho", "Ten", "NgaySinh", "GioiTinh", "SDT", "DiaChi", "MaCoSo", "MaKhoa", "TrangThai", "NgayNhapHoc")
VALUES ('HOALACSV0061', 'HOALACSV0061U', 'Dương', 'Minh', '2005-08-19', 'Nam', '0967564578', 'Vĩnh Phúc', 'HOALAC', 'KT', 'DangHoc', '2022-12-08')
ON CONFLICT ("MaSV") DO NOTHING;
INSERT INTO "SinhVien" ("MaSV", "userId", "Ho", "Ten", "NgaySinh", "GioiTinh", "SDT", "DiaChi", "MaCoSo", "MaKhoa", "TrangThai", "NgayNhapHoc")
VALUES ('HOALACSV0062', 'HOALACSV0062U', 'Trần', 'Hoàng', '2004-02-01', 'Nu', '0996396933', 'Phú Yên', 'HOALAC', 'VT', 'BaoLuu', '2022-02-13')
ON CONFLICT ("MaSV") DO NOTHING;
INSERT INTO "SinhVien" ("MaSV", "userId", "Ho", "Ten", "NgaySinh", "GioiTinh", "SDT", "DiaChi", "MaCoSo", "MaKhoa", "TrangThai", "NgayNhapHoc")
VALUES ('HOALACSV0063', 'HOALACSV0063U', 'Hoàng', 'Ly', '2005-07-22', 'Nam', '0958280660', 'Bình Định', 'HOALAC', 'CNTT', 'BaoLuu', '2020-06-01')
ON CONFLICT ("MaSV") DO NOTHING;
INSERT INTO "SinhVien" ("MaSV", "userId", "Ho", "Ten", "NgaySinh", "GioiTinh", "SDT", "DiaChi", "MaCoSo", "MaKhoa", "TrangThai", "NgayNhapHoc")
VALUES ('HOALACSV0064', 'HOALACSV0064U', 'Trương', 'Em', '2004-10-03', 'Nam', '0996708708', 'Bắc Ninh', 'HOALAC', 'VT', 'DangHoc', '2023-01-02')
ON CONFLICT ("MaSV") DO NOTHING;
INSERT INTO "SinhVien" ("MaSV", "userId", "Ho", "Ten", "NgaySinh", "GioiTinh", "SDT", "DiaChi", "MaCoSo", "MaKhoa", "TrangThai", "NgayNhapHoc")
VALUES ('HOALACSV0065', 'HOALACSV0065U', 'Hoàng', 'Vân', '2001-05-23', 'Nu', '0947320750', 'Thanh Hóa', 'HOALAC', 'ATTT', 'DangHoc', '2023-01-20')
ON CONFLICT ("MaSV") DO NOTHING;
INSERT INTO "SinhVien" ("MaSV", "userId", "Ho", "Ten", "NgaySinh", "GioiTinh", "SDT", "DiaChi", "MaCoSo", "MaKhoa", "TrangThai", "NgayNhapHoc")
VALUES ('HOALACSV0066', 'HOALACSV0066U', 'Lưu', 'Thanh', '2005-12-15', 'Nu', '0987860070', 'Ninh Bình', 'HOALAC', 'KT', 'DangHoc', '2021-06-21')
ON CONFLICT ("MaSV") DO NOTHING;
INSERT INTO "SinhVien" ("MaSV", "userId", "Ho", "Ten", "NgaySinh", "GioiTinh", "SDT", "DiaChi", "MaCoSo", "MaKhoa", "TrangThai", "NgayNhapHoc")
VALUES ('HOALACSV0067', 'HOALACSV0067U', 'Trịnh', 'Bích', '2000-09-27', 'Nu', '0969919313', 'Quảng Bình', 'HOALAC', 'CNTT', 'DangHoc', '2023-10-13')
ON CONFLICT ("MaSV") DO NOTHING;
INSERT INTO "SinhVien" ("MaSV", "userId", "Ho", "Ten", "NgaySinh", "GioiTinh", "SDT", "DiaChi", "MaCoSo", "MaKhoa", "TrangThai", "NgayNhapHoc")
VALUES ('HOALACSV0068', 'HOALACSV0068U', 'Phạm', 'Thảo', '2001-04-26', 'Nu', '0935534298', 'Đà Nẵng', 'HOALAC', 'CNTT', 'DangHoc', '2022-09-03')
ON CONFLICT ("MaSV") DO NOTHING;
INSERT INTO "SinhVien" ("MaSV", "userId", "Ho", "Ten", "NgaySinh", "GioiTinh", "SDT", "DiaChi", "MaCoSo", "MaKhoa", "TrangThai", "NgayNhapHoc")
VALUES ('HOALACSV0069', 'HOALACSV0069U', 'Ngô', 'Tâm', '2001-12-19', 'Nu', '0939063898', 'Quảng Trị', 'HOALAC', 'VT', 'DangHoc', '2022-10-12')
ON CONFLICT ("MaSV") DO NOTHING;
INSERT INTO "SinhVien" ("MaSV", "userId", "Ho", "Ten", "NgaySinh", "GioiTinh", "SDT", "DiaChi", "MaCoSo", "MaKhoa", "TrangThai", "NgayNhapHoc")
VALUES ('HOALACSV0070', 'HOALACSV0070U', 'Trần', 'Dũng', '2005-08-29', 'Nam', '0963810117', 'Bình Định', 'HOALAC', 'VT', 'DangHoc', '2024-12-11')
ON CONFLICT ("MaSV") DO NOTHING;
INSERT INTO "SinhVien" ("MaSV", "userId", "Ho", "Ten", "NgaySinh", "GioiTinh", "SDT", "DiaChi", "MaCoSo", "MaKhoa", "TrangThai", "NgayNhapHoc")
VALUES ('HOALACSV0071', 'HOALACSV0071U', 'Vương', 'Thu', '2003-07-16', 'Nu', '0956249309', 'Vĩnh Phúc', 'HOALAC', 'KT', 'DangHoc', '2021-07-26')
ON CONFLICT ("MaSV") DO NOTHING;
INSERT INTO "SinhVien" ("MaSV", "userId", "Ho", "Ten", "NgaySinh", "GioiTinh", "SDT", "DiaChi", "MaCoSo", "MaKhoa", "TrangThai", "NgayNhapHoc")
VALUES ('HOALACSV0072', 'HOALACSV0072U', 'Hoàng', 'Trung', '2003-07-31', 'Nu', '0994654195', 'Thanh Hóa', 'HOALAC', 'KT', 'DangHoc', '2022-12-07')
ON CONFLICT ("MaSV") DO NOTHING;
INSERT INTO "SinhVien" ("MaSV", "userId", "Ho", "Ten", "NgaySinh", "GioiTinh", "SDT", "DiaChi", "MaCoSo", "MaKhoa", "TrangThai", "NgayNhapHoc")
VALUES ('HOALACSV0073', 'HOALACSV0073U', 'Phan', 'Thúy', '2003-03-20', 'Nam', '0946854454', 'Quảng Bình', 'HOALAC', 'ATTT', 'BaoLuu', '2023-05-05')
ON CONFLICT ("MaSV") DO NOTHING;
INSERT INTO "SinhVien" ("MaSV", "userId", "Ho", "Ten", "NgaySinh", "GioiTinh", "SDT", "DiaChi", "MaCoSo", "MaKhoa", "TrangThai", "NgayNhapHoc")
VALUES ('HOALACSV0074', 'HOALACSV0074U', 'Ngô', 'Trung', '2002-07-15', 'Nam', '0947166699', 'Nam Định', 'HOALAC', 'CNTT', 'BaoLuu', '2023-10-18')
ON CONFLICT ("MaSV") DO NOTHING;
INSERT INTO "SinhVien" ("MaSV", "userId", "Ho", "Ten", "NgaySinh", "GioiTinh", "SDT", "DiaChi", "MaCoSo", "MaKhoa", "TrangThai", "NgayNhapHoc")
VALUES ('HOALACSV0075', 'HOALACSV0075U', 'Hồ', 'Phát', '2000-01-15', 'Nam', '0925954513', 'Ninh Thuận', 'HOALAC', 'KT', 'BaoLuu', '2024-03-18')
ON CONFLICT ("MaSV") DO NOTHING;
INSERT INTO "SinhVien" ("MaSV", "userId", "Ho", "Ten", "NgaySinh", "GioiTinh", "SDT", "DiaChi", "MaCoSo", "MaKhoa", "TrangThai", "NgayNhapHoc")
VALUES ('HOALACSV0076', 'HOALACSV0076U', 'Tạ', 'Lam', '2001-09-24', 'Nam', '0966977879', 'Hải Dương', 'HOALAC', 'CNTT', 'BaoLuu', '2023-03-30')
ON CONFLICT ("MaSV") DO NOTHING;
INSERT INTO "SinhVien" ("MaSV", "userId", "Ho", "Ten", "NgaySinh", "GioiTinh", "SDT", "DiaChi", "MaCoSo", "MaKhoa", "TrangThai", "NgayNhapHoc")
VALUES ('HOALACSV0077', 'HOALACSV0077U', 'Huỳnh', 'Châu', '2002-06-27', 'Nu', '0955815272', 'Vĩnh Phúc', 'HOALAC', 'CNTT', 'BaoLuu', '2023-01-21')
ON CONFLICT ("MaSV") DO NOTHING;
INSERT INTO "SinhVien" ("MaSV", "userId", "Ho", "Ten", "NgaySinh", "GioiTinh", "SDT", "DiaChi", "MaCoSo", "MaKhoa", "TrangThai", "NgayNhapHoc")
VALUES ('HOALACSV0078', 'HOALACSV0078U', 'Dương', 'Sang', '2005-07-07', 'Nam', '0922894833', 'Nghệ An', 'HOALAC', 'CNTT', 'BaoLuu', '2021-04-10')
ON CONFLICT ("MaSV") DO NOTHING;
INSERT INTO "SinhVien" ("MaSV", "userId", "Ho", "Ten", "NgaySinh", "GioiTinh", "SDT", "DiaChi", "MaCoSo", "MaKhoa", "TrangThai", "NgayNhapHoc")
VALUES ('HOALACSV0079', 'HOALACSV0079U', 'Ngô', 'An', '2005-04-25', 'Nam', '0992611944', 'Nam Định', 'HOALAC', 'KT', 'DangHoc', '2024-10-01')
ON CONFLICT ("MaSV") DO NOTHING;
INSERT INTO "SinhVien" ("MaSV", "userId", "Ho", "Ten", "NgaySinh", "GioiTinh", "SDT", "DiaChi", "MaCoSo", "MaKhoa", "TrangThai", "NgayNhapHoc")
VALUES ('HOALACSV0080', 'HOALACSV0080U', 'Cao', 'Huy', '2006-07-21', 'Nu', '0965749900', 'Hà Tĩnh', 'HOALAC', 'KT', 'BaoLuu', '2020-05-22')
ON CONFLICT ("MaSV") DO NOTHING;
INSERT INTO "SinhVien" ("MaSV", "userId", "Ho", "Ten", "NgaySinh", "GioiTinh", "SDT", "DiaChi", "MaCoSo", "MaKhoa", "TrangThai", "NgayNhapHoc")
VALUES ('HOALACSV0081', 'HOALACSV0081U', 'Trần', 'Hà', '2006-04-05', 'Nu', '0988376628', 'Hải Phòng', 'HOALAC', 'CNTT', 'DangHoc', '2024-07-01')
ON CONFLICT ("MaSV") DO NOTHING;
INSERT INTO "SinhVien" ("MaSV", "userId", "Ho", "Ten", "NgaySinh", "GioiTinh", "SDT", "DiaChi", "MaCoSo", "MaKhoa", "TrangThai", "NgayNhapHoc")
VALUES ('HOALACSV0082', 'HOALACSV0082U', 'Đinh', 'Thảo', '2005-10-11', 'Nu', '0979504546', 'Thái Bình', 'HOALAC', 'CNTT', 'DangHoc', '2022-07-18')
ON CONFLICT ("MaSV") DO NOTHING;
INSERT INTO "SinhVien" ("MaSV", "userId", "Ho", "Ten", "NgaySinh", "GioiTinh", "SDT", "DiaChi", "MaCoSo", "MaKhoa", "TrangThai", "NgayNhapHoc")
VALUES ('HOALACSV0083', 'HOALACSV0083U', 'Trịnh', 'Nam', '2003-11-03', 'Nu', '0947561871', 'Quảng Bình', 'HOALAC', 'KT', 'DangHoc', '2022-10-14')
ON CONFLICT ("MaSV") DO NOTHING;
INSERT INTO "SinhVien" ("MaSV", "userId", "Ho", "Ten", "NgaySinh", "GioiTinh", "SDT", "DiaChi", "MaCoSo", "MaKhoa", "TrangThai", "NgayNhapHoc")
VALUES ('HOALACSV0084', 'HOALACSV0084U', 'Tạ', 'Thanh', '2001-11-21', 'Nam', '0922708968', 'Quảng Ngãi', 'HOALAC', 'ATTT', 'DangHoc', '2021-03-11')
ON CONFLICT ("MaSV") DO NOTHING;
INSERT INTO "SinhVien" ("MaSV", "userId", "Ho", "Ten", "NgaySinh", "GioiTinh", "SDT", "DiaChi", "MaCoSo", "MaKhoa", "TrangThai", "NgayNhapHoc")
VALUES ('HOALACSV0085', 'HOALACSV0085U', 'Mạc', 'Khánh', '2006-06-19', 'Nam', '0941404920', 'Bình Thuận', 'HOALAC', 'ATTT', 'DangHoc', '2024-01-10')
ON CONFLICT ("MaSV") DO NOTHING;
INSERT INTO "SinhVien" ("MaSV", "userId", "Ho", "Ten", "NgaySinh", "GioiTinh", "SDT", "DiaChi", "MaCoSo", "MaKhoa", "TrangThai", "NgayNhapHoc")
VALUES ('HOALACSV0086', 'HOALACSV0086U', 'Trịnh', 'Bích', '2004-03-26', 'Nu', '0991538965', 'Nghệ An', 'HOALAC', 'VT', 'BaoLuu', '2024-02-22')
ON CONFLICT ("MaSV") DO NOTHING;
INSERT INTO "SinhVien" ("MaSV", "userId", "Ho", "Ten", "NgaySinh", "GioiTinh", "SDT", "DiaChi", "MaCoSo", "MaKhoa", "TrangThai", "NgayNhapHoc")
VALUES ('HOALACSV0087', 'HOALACSV0087U', 'Mạc', 'Hạnh', '2006-06-09', 'Nu', '0902885512', 'Hải Phòng', 'HOALAC', 'ATTT', 'BaoLuu', '2020-06-13')
ON CONFLICT ("MaSV") DO NOTHING;
INSERT INTO "SinhVien" ("MaSV", "userId", "Ho", "Ten", "NgaySinh", "GioiTinh", "SDT", "DiaChi", "MaCoSo", "MaKhoa", "TrangThai", "NgayNhapHoc")
VALUES ('HOALACSV0088', 'HOALACSV0088U', 'Ngô', 'Linh', '2002-03-07', 'Nu', '0925011721', 'Nghệ An', 'HOALAC', 'VT', 'DangHoc', '2021-08-25')
ON CONFLICT ("MaSV") DO NOTHING;
INSERT INTO "SinhVien" ("MaSV", "userId", "Ho", "Ten", "NgaySinh", "GioiTinh", "SDT", "DiaChi", "MaCoSo", "MaKhoa", "TrangThai", "NgayNhapHoc")
VALUES ('HOALACSV0089', 'HOALACSV0089U', 'Bùi', 'My', '2002-10-03', 'Nu', '0972500544', 'Bình Định', 'HOALAC', 'CNTT', 'DangHoc', '2020-01-24')
ON CONFLICT ("MaSV") DO NOTHING;
INSERT INTO "SinhVien" ("MaSV", "userId", "Ho", "Ten", "NgaySinh", "GioiTinh", "SDT", "DiaChi", "MaCoSo", "MaKhoa", "TrangThai", "NgayNhapHoc")
VALUES ('HOALACSV0090', 'HOALACSV0090U', 'Đỗ', 'Loan', '2005-07-21', 'Nu', '0932177421', 'Bắc Ninh', 'HOALAC', 'KT', 'DangHoc', '2020-11-02')
ON CONFLICT ("MaSV") DO NOTHING;
INSERT INTO "SinhVien" ("MaSV", "userId", "Ho", "Ten", "NgaySinh", "GioiTinh", "SDT", "DiaChi", "MaCoSo", "MaKhoa", "TrangThai", "NgayNhapHoc")
VALUES ('HOALACSV0091', 'HOALACSV0091U', 'Dương', 'Tâm', '2004-05-02', 'Nam', '0988303506', 'Bình Định', 'HOALAC', 'KT', 'DangHoc', '2023-11-02')
ON CONFLICT ("MaSV") DO NOTHING;
INSERT INTO "SinhVien" ("MaSV", "userId", "Ho", "Ten", "NgaySinh", "GioiTinh", "SDT", "DiaChi", "MaCoSo", "MaKhoa", "TrangThai", "NgayNhapHoc")
VALUES ('HOALACSV0092', 'HOALACSV0092U', 'Lưu', 'Hạnh', '2005-09-12', 'Nu', '0998126536', 'Nghệ An', 'HOALAC', 'KT', 'DangHoc', '2022-07-30')
ON CONFLICT ("MaSV") DO NOTHING;
INSERT INTO "SinhVien" ("MaSV", "userId", "Ho", "Ten", "NgaySinh", "GioiTinh", "SDT", "DiaChi", "MaCoSo", "MaKhoa", "TrangThai", "NgayNhapHoc")
VALUES ('HOALACSV0093', 'HOALACSV0093U', 'Vũ', 'Liên', '2002-06-10', 'Nu', '0917445922', 'Thanh Hóa', 'HOALAC', 'ATTT', 'BaoLuu', '2022-07-27')
ON CONFLICT ("MaSV") DO NOTHING;
INSERT INTO "SinhVien" ("MaSV", "userId", "Ho", "Ten", "NgaySinh", "GioiTinh", "SDT", "DiaChi", "MaCoSo", "MaKhoa", "TrangThai", "NgayNhapHoc")
VALUES ('HOALACSV0094', 'HOALACSV0094U', 'Lê', 'Trang', '2005-04-28', 'Nam', '0919898889', 'Nghệ An', 'HOALAC', 'CNTT', 'DangHoc', '2022-07-24')
ON CONFLICT ("MaSV") DO NOTHING;
INSERT INTO "SinhVien" ("MaSV", "userId", "Ho", "Ten", "NgaySinh", "GioiTinh", "SDT", "DiaChi", "MaCoSo", "MaKhoa", "TrangThai", "NgayNhapHoc")
VALUES ('HOALACSV0095', 'HOALACSV0095U', 'Hoàng', 'Toàn', '2003-09-09', 'Nu', '0939371862', 'Khánh Hòa', 'HOALAC', 'ATTT', 'DangHoc', '2023-03-28')
ON CONFLICT ("MaSV") DO NOTHING;
INSERT INTO "SinhVien" ("MaSV", "userId", "Ho", "Ten", "NgaySinh", "GioiTinh", "SDT", "DiaChi", "MaCoSo", "MaKhoa", "TrangThai", "NgayNhapHoc")
VALUES ('HOALACSV0096', 'HOALACSV0096U', 'Đinh', 'Quỳnh', '2003-09-11', 'Nu', '0982048704', 'Khánh Hòa', 'HOALAC', 'CNTT', 'DangHoc', '2022-02-16')
ON CONFLICT ("MaSV") DO NOTHING;
INSERT INTO "SinhVien" ("MaSV", "userId", "Ho", "Ten", "NgaySinh", "GioiTinh", "SDT", "DiaChi", "MaCoSo", "MaKhoa", "TrangThai", "NgayNhapHoc")
VALUES ('HOALACSV0097', 'HOALACSV0097U', 'Đặng', 'Thu', '2001-02-22', 'Nu', '0917637828', 'Hà Nội', 'HOALAC', 'CNTT', 'DangHoc', '2023-01-29')
ON CONFLICT ("MaSV") DO NOTHING;
INSERT INTO "SinhVien" ("MaSV", "userId", "Ho", "Ten", "NgaySinh", "GioiTinh", "SDT", "DiaChi", "MaCoSo", "MaKhoa", "TrangThai", "NgayNhapHoc")
VALUES ('HOALACSV0098', 'HOALACSV0098U', 'Huỳnh', 'Bảo', '2005-11-07', 'Nam', '0941206503', 'Hưng Yên', 'HOALAC', 'CNTT', 'DangHoc', '2021-04-02')
ON CONFLICT ("MaSV") DO NOTHING;
INSERT INTO "SinhVien" ("MaSV", "userId", "Ho", "Ten", "NgaySinh", "GioiTinh", "SDT", "DiaChi", "MaCoSo", "MaKhoa", "TrangThai", "NgayNhapHoc")
VALUES ('HOALACSV0099', 'HOALACSV0099U', 'Dương', 'Bảo', '2001-11-06', 'Nam', '0974685867', 'Phú Yên', 'HOALAC', 'VT', 'BaoLuu', '2021-09-04')
ON CONFLICT ("MaSV") DO NOTHING;
INSERT INTO "SinhVien" ("MaSV", "userId", "Ho", "Ten", "NgaySinh", "GioiTinh", "SDT", "DiaChi", "MaCoSo", "MaKhoa", "TrangThai", "NgayNhapHoc")
VALUES ('HOALACSV0100', 'HOALACSV0100U', 'Mạc', 'Thịnh', '2004-04-15', 'Nu', '0974419991', 'Vĩnh Phúc', 'HOALAC', 'VT', 'DangHoc', '2022-03-24')
ON CONFLICT ("MaSV") DO NOTHING;
INSERT INTO "SinhVien" ("MaSV", "userId", "Ho", "Ten", "NgaySinh", "GioiTinh", "SDT", "DiaChi", "MaCoSo", "MaKhoa", "TrangThai", "NgayNhapHoc")
VALUES ('HOALACSV0101', 'HOALACSV0101U', 'Lưu', 'Anh', '2005-06-13', 'Nam', '0939438123', 'Vĩnh Phúc', 'HOALAC', 'KT', 'DangHoc', '2022-10-19')
ON CONFLICT ("MaSV") DO NOTHING;
INSERT INTO "SinhVien" ("MaSV", "userId", "Ho", "Ten", "NgaySinh", "GioiTinh", "SDT", "DiaChi", "MaCoSo", "MaKhoa", "TrangThai", "NgayNhapHoc")
VALUES ('HOALACSV0102', 'HOALACSV0102U', 'Trịnh', 'My', '2002-02-14', 'Nam', '0965286751', 'Quảng Bình', 'HOALAC', 'KT', 'DangHoc', '2024-09-10')
ON CONFLICT ("MaSV") DO NOTHING;
INSERT INTO "SinhVien" ("MaSV", "userId", "Ho", "Ten", "NgaySinh", "GioiTinh", "SDT", "DiaChi", "MaCoSo", "MaKhoa", "TrangThai", "NgayNhapHoc")
VALUES ('HOALACSV0103', 'HOALACSV0103U', 'Trương', 'Lan', '2005-08-31', 'Nu', '0951339689', 'Khánh Hòa', 'HOALAC', 'KT', 'DangHoc', '2023-02-23')
ON CONFLICT ("MaSV") DO NOTHING;
INSERT INTO "SinhVien" ("MaSV", "userId", "Ho", "Ten", "NgaySinh", "GioiTinh", "SDT", "DiaChi", "MaCoSo", "MaKhoa", "TrangThai", "NgayNhapHoc")
VALUES ('HOALACSV0104', 'HOALACSV0104U', 'Vương', 'Bích', '2002-09-04', 'Nam', '0919455067', 'Đà Nẵng', 'HOALAC', 'KT', 'BaoLuu', '2024-08-03')
ON CONFLICT ("MaSV") DO NOTHING;
INSERT INTO "SinhVien" ("MaSV", "userId", "Ho", "Ten", "NgaySinh", "GioiTinh", "SDT", "DiaChi", "MaCoSo", "MaKhoa", "TrangThai", "NgayNhapHoc")
VALUES ('HOALACSV0105', 'HOALACSV0105U', 'Phạm', 'Linh', '2005-03-30', 'Nu', '0945632284', 'Quảng Ngãi', 'HOALAC', 'VT', 'DangHoc', '2022-02-12')
ON CONFLICT ("MaSV") DO NOTHING;
INSERT INTO "SinhVien" ("MaSV", "userId", "Ho", "Ten", "NgaySinh", "GioiTinh", "SDT", "DiaChi", "MaCoSo", "MaKhoa", "TrangThai", "NgayNhapHoc")
VALUES ('HOALACSV0106', 'HOALACSV0106U', 'Đặng', 'Loan', '2005-10-27', 'Nu', '0967408922', 'Nghệ An', 'HOALAC', 'ATTT', 'DangHoc', '2023-04-29')
ON CONFLICT ("MaSV") DO NOTHING;
INSERT INTO "SinhVien" ("MaSV", "userId", "Ho", "Ten", "NgaySinh", "GioiTinh", "SDT", "DiaChi", "MaCoSo", "MaKhoa", "TrangThai", "NgayNhapHoc")
VALUES ('HOALACSV0107', 'HOALACSV0107U', 'Ngô', 'Tuấn', '2000-12-04', 'Nam', '0913159016', 'Khánh Hòa', 'HOALAC', 'CNTT', 'DangHoc', '2023-01-25')
ON CONFLICT ("MaSV") DO NOTHING;
INSERT INTO "SinhVien" ("MaSV", "userId", "Ho", "Ten", "NgaySinh", "GioiTinh", "SDT", "DiaChi", "MaCoSo", "MaKhoa", "TrangThai", "NgayNhapHoc")
VALUES ('HOALACSV0108', 'HOALACSV0108U', 'Hồ', 'Thảo', '2003-01-30', 'Nam', '0973813359', 'Thanh Hóa', 'HOALAC', 'CNTT', 'DangHoc', '2020-03-25')
ON CONFLICT ("MaSV") DO NOTHING;
INSERT INTO "SinhVien" ("MaSV", "userId", "Ho", "Ten", "NgaySinh", "GioiTinh", "SDT", "DiaChi", "MaCoSo", "MaKhoa", "TrangThai", "NgayNhapHoc")
VALUES ('HOALACSV0109', 'HOALACSV0109U', 'Lưu', 'Ngọc', '2001-07-01', 'Nu', '0916132182', 'Hà Nội', 'HOALAC', 'CNTT', 'DangHoc', '2020-01-24')
ON CONFLICT ("MaSV") DO NOTHING;
INSERT INTO "SinhVien" ("MaSV", "userId", "Ho", "Ten", "NgaySinh", "GioiTinh", "SDT", "DiaChi", "MaCoSo", "MaKhoa", "TrangThai", "NgayNhapHoc")
VALUES ('HOALACSV0110', 'HOALACSV0110U', 'Lưu', 'An', '2002-08-21', 'Nam', '0917160619', 'Quảng Nam', 'HOALAC', 'CNTT', 'DangHoc', '2020-06-17')
ON CONFLICT ("MaSV") DO NOTHING;
INSERT INTO "SinhVien" ("MaSV", "userId", "Ho", "Ten", "NgaySinh", "GioiTinh", "SDT", "DiaChi", "MaCoSo", "MaKhoa", "TrangThai", "NgayNhapHoc")
VALUES ('HOALACSV0111', 'HOALACSV0111U', 'Hồ', 'Thi', '2002-01-26', 'Nam', '0999196889', 'Nam Định', 'HOALAC', 'ATTT', 'BaoLuu', '2022-07-03')
ON CONFLICT ("MaSV") DO NOTHING;
INSERT INTO "SinhVien" ("MaSV", "userId", "Ho", "Ten", "NgaySinh", "GioiTinh", "SDT", "DiaChi", "MaCoSo", "MaKhoa", "TrangThai", "NgayNhapHoc")
VALUES ('HOALACSV0112', 'HOALACSV0112U', 'Ngô', 'Trang', '2001-04-29', 'Nam', '0936471832', 'Hưng Yên', 'HOALAC', 'CNTT', 'DangHoc', '2023-12-06')
ON CONFLICT ("MaSV") DO NOTHING;
INSERT INTO "SinhVien" ("MaSV", "userId", "Ho", "Ten", "NgaySinh", "GioiTinh", "SDT", "DiaChi", "MaCoSo", "MaKhoa", "TrangThai", "NgayNhapHoc")
VALUES ('HOALACSV0113', 'HOALACSV0113U', 'Hồ', 'Hương', '2004-08-01', 'Nam', '0956107852', 'Ninh Bình', 'HOALAC', 'VT', 'BaoLuu', '2021-04-30')
ON CONFLICT ("MaSV") DO NOTHING;
INSERT INTO "SinhVien" ("MaSV", "userId", "Ho", "Ten", "NgaySinh", "GioiTinh", "SDT", "DiaChi", "MaCoSo", "MaKhoa", "TrangThai", "NgayNhapHoc")
VALUES ('HOALACSV0114', 'HOALACSV0114U', 'Đặng', 'Thịnh', '2001-09-14', 'Nu', '0968207684', 'Quảng Trị', 'HOALAC', 'KT', 'DangHoc', '2023-05-14')
ON CONFLICT ("MaSV") DO NOTHING;
INSERT INTO "SinhVien" ("MaSV", "userId", "Ho", "Ten", "NgaySinh", "GioiTinh", "SDT", "DiaChi", "MaCoSo", "MaKhoa", "TrangThai", "NgayNhapHoc")
VALUES ('HOALACSV0115', 'HOALACSV0115U', 'Lý', 'Thi', '2005-01-28', 'Nam', '0912716613', 'Quảng Bình', 'HOALAC', 'VT', 'DangHoc', '2021-03-07')
ON CONFLICT ("MaSV") DO NOTHING;
INSERT INTO "SinhVien" ("MaSV", "userId", "Ho", "Ten", "NgaySinh", "GioiTinh", "SDT", "DiaChi", "MaCoSo", "MaKhoa", "TrangThai", "NgayNhapHoc")
VALUES ('HOALACSV0116', 'HOALACSV0116U', 'Huỳnh', 'Nghĩa', '2004-11-02', 'Nu', '0955038777', 'Thanh Hóa', 'HOALAC', 'CNTT', 'DangHoc', '2022-10-25')
ON CONFLICT ("MaSV") DO NOTHING;
INSERT INTO "SinhVien" ("MaSV", "userId", "Ho", "Ten", "NgaySinh", "GioiTinh", "SDT", "DiaChi", "MaCoSo", "MaKhoa", "TrangThai", "NgayNhapHoc")
VALUES ('HOALACSV0117', 'HOALACSV0117U', 'Hồ', 'Tâm', '2006-06-29', 'Nu', '0958547254', 'Bình Định', 'HOALAC', 'KT', 'DangHoc', '2024-07-02')
ON CONFLICT ("MaSV") DO NOTHING;
INSERT INTO "SinhVien" ("MaSV", "userId", "Ho", "Ten", "NgaySinh", "GioiTinh", "SDT", "DiaChi", "MaCoSo", "MaKhoa", "TrangThai", "NgayNhapHoc")
VALUES ('HOALACSV0118', 'HOALACSV0118U', 'Lý', 'Dung', '2002-07-10', 'Nam', '0931883883', 'Quảng Trị', 'HOALAC', 'CNTT', 'DangHoc', '2022-06-06')
ON CONFLICT ("MaSV") DO NOTHING;
INSERT INTO "SinhVien" ("MaSV", "userId", "Ho", "Ten", "NgaySinh", "GioiTinh", "SDT", "DiaChi", "MaCoSo", "MaKhoa", "TrangThai", "NgayNhapHoc")
VALUES ('HOALACSV0119', 'HOALACSV0119U', 'Phạm', 'Tuấn', '2002-11-28', 'Nu', '0999914992', 'Quảng Bình', 'HOALAC', 'CNTT', 'BaoLuu', '2020-09-25')
ON CONFLICT ("MaSV") DO NOTHING;
INSERT INTO "SinhVien" ("MaSV", "userId", "Ho", "Ten", "NgaySinh", "GioiTinh", "SDT", "DiaChi", "MaCoSo", "MaKhoa", "TrangThai", "NgayNhapHoc")
VALUES ('HOALACSV0120', 'HOALACSV0120U', 'Lê', 'Toàn', '2002-04-03', 'Nu', '0906101860', 'Quảng Nam', 'HOALAC', 'ATTT', 'DangHoc', '2021-08-01')
ON CONFLICT ("MaSV") DO NOTHING;

-- ---- GiangVien ----
INSERT INTO "GiangVien" ("MaGV", "userId", "Ho", "Ten", "HocVi", "HocHam", "SDT", "MaCoSo", "MaKhoa", "TrangThai", "NgayVaoLam")
VALUES ('HOALACGV001', 'HOALACGV001U', 'Lê', 'Phong', 'ThS', 'PGS', '0936787487', 'HOALAC', 'VT', 'TamNghi', '2017-08-23')
ON CONFLICT ("MaGV") DO NOTHING;
INSERT INTO "GiangVien" ("MaGV", "userId", "Ho", "Ten", "HocVi", "HocHam", "SDT", "MaCoSo", "MaKhoa", "TrangThai", "NgayVaoLam")
VALUES ('HOALACGV002', 'HOALACGV002U', 'Trương', 'Bảo', 'PGS', NULL, '0955505860', 'HOALAC', 'KT', 'DangCongTac', '2017-02-27')
ON CONFLICT ("MaGV") DO NOTHING;
INSERT INTO "GiangVien" ("MaGV", "userId", "Ho", "Ten", "HocVi", "HocHam", "SDT", "MaCoSo", "MaKhoa", "TrangThai", "NgayVaoLam")
VALUES ('HOALACGV003', 'HOALACGV003U', 'Vũ', 'Nga', 'PGS', 'GTV', '0916208920', 'HOALAC', 'VT', 'TamNghi', '2011-06-09')
ON CONFLICT ("MaGV") DO NOTHING;
INSERT INTO "GiangVien" ("MaGV", "userId", "Ho", "Ten", "HocVi", "HocHam", "SDT", "MaCoSo", "MaKhoa", "TrangThai", "NgayVaoLam")
VALUES ('HOALACGV004', 'HOALACGV004U', 'Phan', 'Bích', 'CN', NULL, '0992430110', 'HOALAC', 'ATTT', 'TamNghi', '2021-04-24')
ON CONFLICT ("MaGV") DO NOTHING;
INSERT INTO "GiangVien" ("MaGV", "userId", "Ho", "Ten", "HocVi", "HocHam", "SDT", "MaCoSo", "MaKhoa", "TrangThai", "NgayVaoLam")
VALUES ('HOALACGV005', 'HOALACGV005U', 'Hoàng', 'Lâm', 'CN', 'GTV', '0967495966', 'HOALAC', 'KT', 'DangCongTac', '2017-04-10')
ON CONFLICT ("MaGV") DO NOTHING;
INSERT INTO "GiangVien" ("MaGV", "userId", "Ho", "Ten", "HocVi", "HocHam", "SDT", "MaCoSo", "MaKhoa", "TrangThai", "NgayVaoLam")
VALUES ('HOALACGV006', 'HOALACGV006U', 'Hồ', 'Linh', 'ThS', 'GTV', '0902077451', 'HOALAC', 'KT', 'TamNghi', '2020-12-16')
ON CONFLICT ("MaGV") DO NOTHING;
INSERT INTO "GiangVien" ("MaGV", "userId", "Ho", "Ten", "HocVi", "HocHam", "SDT", "MaCoSo", "MaKhoa", "TrangThai", "NgayVaoLam")
VALUES ('HOALACGV007', 'HOALACGV007U', 'Trần', 'Sơn', 'TS', NULL, '0909498913', 'HOALAC', 'ATTT', 'DangCongTac', '2018-12-08')
ON CONFLICT ("MaGV") DO NOTHING;
INSERT INTO "GiangVien" ("MaGV", "userId", "Ho", "Ten", "HocVi", "HocHam", "SDT", "MaCoSo", "MaKhoa", "TrangThai", "NgayVaoLam")
VALUES ('HOALACGV008', 'HOALACGV008U', 'Nguyễn', 'Thúy', 'ThS', 'GTV', '0936233843', 'HOALAC', 'VT', 'TamNghi', '2016-09-24')
ON CONFLICT ("MaGV") DO NOTHING;
INSERT INTO "GiangVien" ("MaGV", "userId", "Ho", "Ten", "HocVi", "HocHam", "SDT", "MaCoSo", "MaKhoa", "TrangThai", "NgayVaoLam")
VALUES ('HOALACGV009', 'HOALACGV009U', 'Đỗ', 'Dung', 'TS', 'GTV', '0929907674', 'HOALAC', 'KT', 'DangCongTac', '2018-10-13')
ON CONFLICT ("MaGV") DO NOTHING;
INSERT INTO "GiangVien" ("MaGV", "userId", "Ho", "Ten", "HocVi", "HocHam", "SDT", "MaCoSo", "MaKhoa", "TrangThai", "NgayVaoLam")
VALUES ('HOALACGV010', 'HOALACGV010U', 'Lưu', 'Oanh', 'PGS', 'PGS', '0963115006', 'HOALAC', 'ATTT', 'TamNghi', '2013-08-30')
ON CONFLICT ("MaGV") DO NOTHING;
INSERT INTO "GiangVien" ("MaGV", "userId", "Ho", "Ten", "HocVi", "HocHam", "SDT", "MaCoSo", "MaKhoa", "TrangThai", "NgayVaoLam")
VALUES ('HOALACGV011', 'HOALACGV011U', 'Lê', 'Mai', 'ThS', 'GTV', '0987340763', 'HOALAC', 'CNTT', 'DangCongTac', '2011-08-21')
ON CONFLICT ("MaGV") DO NOTHING;
INSERT INTO "GiangVien" ("MaGV", "userId", "Ho", "Ten", "HocVi", "HocHam", "SDT", "MaCoSo", "MaKhoa", "TrangThai", "NgayVaoLam")
VALUES ('HOALACGV012', 'HOALACGV012U', 'Lưu', 'Sang', 'PGS', NULL, '0925917716', 'HOALAC', 'VT', 'DangCongTac', '2019-11-01')
ON CONFLICT ("MaGV") DO NOTHING;
INSERT INTO "GiangVien" ("MaGV", "userId", "Ho", "Ten", "HocVi", "HocHam", "SDT", "MaCoSo", "MaKhoa", "TrangThai", "NgayVaoLam")
VALUES ('HOALACGV013', 'HOALACGV013U', 'Hồ', 'Tiến', 'TS', NULL, '0962739530', 'HOALAC', 'ATTT', 'TamNghi', '2011-12-06')
ON CONFLICT ("MaGV") DO NOTHING;
INSERT INTO "GiangVien" ("MaGV", "userId", "Ho", "Ten", "HocVi", "HocHam", "SDT", "MaCoSo", "MaKhoa", "TrangThai", "NgayVaoLam")
VALUES ('HOALACGV014', 'HOALACGV014U', 'Dương', 'Oanh', 'PGS', NULL, '0987281941', 'HOALAC', 'KT', 'DangCongTac', '2023-11-01')
ON CONFLICT ("MaGV") DO NOTHING;
INSERT INTO "GiangVien" ("MaGV", "userId", "Ho", "Ten", "HocVi", "HocHam", "SDT", "MaCoSo", "MaKhoa", "TrangThai", "NgayVaoLam")
VALUES ('HOALACGV015', 'HOALACGV015U', 'Đỗ', 'Bích', 'ThS', 'GTV', '0984246804', 'HOALAC', 'KT', 'DangCongTac', '2023-12-26')
ON CONFLICT ("MaGV") DO NOTHING;
INSERT INTO "GiangVien" ("MaGV", "userId", "Ho", "Ten", "HocVi", "HocHam", "SDT", "MaCoSo", "MaKhoa", "TrangThai", "NgayVaoLam")
VALUES ('HOALACGV016', 'HOALACGV016U', 'Đỗ', 'Tiến', 'TS', 'GTV', '0918812468', 'HOALAC', 'ATTT', 'TamNghi', '2020-05-26')
ON CONFLICT ("MaGV") DO NOTHING;
INSERT INTO "GiangVien" ("MaGV", "userId", "Ho", "Ten", "HocVi", "HocHam", "SDT", "MaCoSo", "MaKhoa", "TrangThai", "NgayVaoLam")
VALUES ('HOALACGV017', 'HOALACGV017U', 'Đặng', 'Giang', 'PGS', 'GTV', '0945759729', 'HOALAC', 'VT', 'DangCongTac', '2014-04-21')
ON CONFLICT ("MaGV") DO NOTHING;
INSERT INTO "GiangVien" ("MaGV", "userId", "Ho", "Ten", "HocVi", "HocHam", "SDT", "MaCoSo", "MaKhoa", "TrangThai", "NgayVaoLam")
VALUES ('HOALACGV018', 'HOALACGV018U', 'Cao', 'Việt', 'PGS', 'GTV', '0919614444', 'HOALAC', 'VT', 'DangCongTac', '2012-05-02')
ON CONFLICT ("MaGV") DO NOTHING;
INSERT INTO "GiangVien" ("MaGV", "userId", "Ho", "Ten", "HocVi", "HocHam", "SDT", "MaCoSo", "MaKhoa", "TrangThai", "NgayVaoLam")
VALUES ('HOALACGV019', 'HOALACGV019U', 'Huỳnh', 'Hùng', 'CN', 'PGS', '0939229001', 'HOALAC', 'CNTT', 'DangCongTac', '2012-01-26')
ON CONFLICT ("MaGV") DO NOTHING;
INSERT INTO "GiangVien" ("MaGV", "userId", "Ho", "Ten", "HocVi", "HocHam", "SDT", "MaCoSo", "MaKhoa", "TrangThai", "NgayVaoLam")
VALUES ('HOALACGV020', 'HOALACGV020U', 'Hồ', 'Linh', 'CN', 'GTV', '0926671358', 'HOALAC', 'VT', 'TamNghi', '2011-02-09')
ON CONFLICT ("MaGV") DO NOTHING;
INSERT INTO "GiangVien" ("MaGV", "userId", "Ho", "Ten", "HocVi", "HocHam", "SDT", "MaCoSo", "MaKhoa", "TrangThai", "NgayVaoLam")
VALUES ('HOALACGV021', 'HOALACGV021U', 'Hoàng', 'Giang', 'TS', NULL, '0975358210', 'HOALAC', 'CNTT', 'DangCongTac', '2021-08-28')
ON CONFLICT ("MaGV") DO NOTHING;
INSERT INTO "GiangVien" ("MaGV", "userId", "Ho", "Ten", "HocVi", "HocHam", "SDT", "MaCoSo", "MaKhoa", "TrangThai", "NgayVaoLam")
VALUES ('HOALACGV022', 'HOALACGV022U', 'Trịnh', 'My', 'PGS', NULL, '0925997449', 'HOALAC', 'ATTT', 'DangCongTac', '2010-03-24')
ON CONFLICT ("MaGV") DO NOTHING;
INSERT INTO "GiangVien" ("MaGV", "userId", "Ho", "Ten", "HocVi", "HocHam", "SDT", "MaCoSo", "MaKhoa", "TrangThai", "NgayVaoLam")
VALUES ('HOALACGV023', 'HOALACGV023U', 'Trần', 'Trí', 'PGS', NULL, '0949624768', 'HOALAC', 'ATTT', 'TamNghi', '2010-03-13')
ON CONFLICT ("MaGV") DO NOTHING;
INSERT INTO "GiangVien" ("MaGV", "userId", "Ho", "Ten", "HocVi", "HocHam", "SDT", "MaCoSo", "MaKhoa", "TrangThai", "NgayVaoLam")
VALUES ('HOALACGV024', 'HOALACGV024U', 'Hồ', 'Loan', 'ThS', NULL, '0944242140', 'HOALAC', 'ATTT', 'DangCongTac', '2011-05-08')
ON CONFLICT ("MaGV") DO NOTHING;
INSERT INTO "GiangVien" ("MaGV", "userId", "Ho", "Ten", "HocVi", "HocHam", "SDT", "MaCoSo", "MaKhoa", "TrangThai", "NgayVaoLam")
VALUES ('HOALACGV025', 'HOALACGV025U', 'Đỗ', 'Bình', 'ThS', 'PGS', '0999975804', 'HOALAC', 'CNTT', 'DangCongTac', '2023-06-18')
ON CONFLICT ("MaGV") DO NOTHING;
INSERT INTO "GiangVien" ("MaGV", "userId", "Ho", "Ten", "HocVi", "HocHam", "SDT", "MaCoSo", "MaKhoa", "TrangThai", "NgayVaoLam")
VALUES ('HOALACGV026', 'HOALACGV026U', 'Phạm', 'Bảo', 'ThS', NULL, '0968247683', 'HOALAC', 'ATTT', 'DangCongTac', '2017-03-11')
ON CONFLICT ("MaGV") DO NOTHING;
INSERT INTO "GiangVien" ("MaGV", "userId", "Ho", "Ten", "HocVi", "HocHam", "SDT", "MaCoSo", "MaKhoa", "TrangThai", "NgayVaoLam")
VALUES ('HOALACGV027', 'HOALACGV027U', 'Lưu', 'Trang', 'ThS', 'PGS', '0913670543', 'HOALAC', 'CNTT', 'TamNghi', '2020-08-31')
ON CONFLICT ("MaGV") DO NOTHING;
INSERT INTO "GiangVien" ("MaGV", "userId", "Ho", "Ten", "HocVi", "HocHam", "SDT", "MaCoSo", "MaKhoa", "TrangThai", "NgayVaoLam")
VALUES ('HOALACGV028', 'HOALACGV028U', 'Huỳnh', 'Em', 'PGS', NULL, '0907223984', 'HOALAC', 'ATTT', 'DangCongTac', '2018-04-11')
ON CONFLICT ("MaGV") DO NOTHING;
INSERT INTO "GiangVien" ("MaGV", "userId", "Ho", "Ten", "HocVi", "HocHam", "SDT", "MaCoSo", "MaKhoa", "TrangThai", "NgayVaoLam")
VALUES ('HOALACGV029', 'HOALACGV029U', 'Trần', 'Dung', 'TS', NULL, '0987213086', 'HOALAC', 'KT', 'DangCongTac', '2018-05-23')
ON CONFLICT ("MaGV") DO NOTHING;
INSERT INTO "GiangVien" ("MaGV", "userId", "Ho", "Ten", "HocVi", "HocHam", "SDT", "MaCoSo", "MaKhoa", "TrangThai", "NgayVaoLam")
VALUES ('HOALACGV030', 'HOALACGV030U', 'Vương', 'Thanh', 'PGS', NULL, '0911964919', 'HOALAC', 'KT', 'DangCongTac', '2020-11-24')
ON CONFLICT ("MaGV") DO NOTHING;

-- ---- PhongHoc ----
INSERT INTO "PhongHoc" ("MaPhong", "TenPhong", "ToaNha", "Tang", "SucChua", "LoaiPhong", "MaCoSo", "TrangThai")
VALUES ('PHO001', 'Phong 1', 'Toa D', 4, 50, 'LyThuyet', 'HOALAC', 'HoatDong')
ON CONFLICT ("MaPhong") DO NOTHING;
INSERT INTO "PhongHoc" ("MaPhong", "TenPhong", "ToaNha", "Tang", "SucChua", "LoaiPhong", "MaCoSo", "TrangThai")
VALUES ('PHO002', 'Phong 2', 'Toa C', 4, 60, 'HoiTruong', 'HOALAC', 'HoatDong')
ON CONFLICT ("MaPhong") DO NOTHING;
INSERT INTO "PhongHoc" ("MaPhong", "TenPhong", "ToaNha", "Tang", "SucChua", "LoaiPhong", "MaCoSo", "TrangThai")
VALUES ('PHO003', 'Phong 3', 'Toa A', 4, 60, 'HoiTruong', 'HOALAC', 'HoatDong')
ON CONFLICT ("MaPhong") DO NOTHING;
INSERT INTO "PhongHoc" ("MaPhong", "TenPhong", "ToaNha", "Tang", "SucChua", "LoaiPhong", "MaCoSo", "TrangThai")
VALUES ('PHO004', 'Phong 4', 'Toa D', 4, 80, 'HoiTruong', 'HOALAC', 'HoatDong')
ON CONFLICT ("MaPhong") DO NOTHING;
INSERT INTO "PhongHoc" ("MaPhong", "TenPhong", "ToaNha", "Tang", "SucChua", "LoaiPhong", "MaCoSo", "TrangThai")
VALUES ('PHO005', 'Phong 5', 'Toa B', 4, 60, 'HoiTruong', 'HOALAC', 'HoatDong')
ON CONFLICT ("MaPhong") DO NOTHING;
INSERT INTO "PhongHoc" ("MaPhong", "TenPhong", "ToaNha", "Tang", "SucChua", "LoaiPhong", "MaCoSo", "TrangThai")
VALUES ('PHO006', 'Phong 6', 'Toa A', 5, 60, 'LyThuyet', 'HOALAC', 'HoatDong')
ON CONFLICT ("MaPhong") DO NOTHING;
INSERT INTO "PhongHoc" ("MaPhong", "TenPhong", "ToaNha", "Tang", "SucChua", "LoaiPhong", "MaCoSo", "TrangThai")
VALUES ('PHO007', 'Phong 7', 'Toa B', 3, 40, 'ThiNghiem', 'HOALAC', 'HoatDong')
ON CONFLICT ("MaPhong") DO NOTHING;
INSERT INTO "PhongHoc" ("MaPhong", "TenPhong", "ToaNha", "Tang", "SucChua", "LoaiPhong", "MaCoSo", "TrangThai")
VALUES ('PHO008', 'Phong 8', 'Toa B', 2, 30, 'ThiNghiem', 'HOALAC', 'HoatDong')
ON CONFLICT ("MaPhong") DO NOTHING;
INSERT INTO "PhongHoc" ("MaPhong", "TenPhong", "ToaNha", "Tang", "SucChua", "LoaiPhong", "MaCoSo", "TrangThai")
VALUES ('PHO009', 'Phong 9', 'Toa C', 1, 80, 'HoiTruong', 'HOALAC', 'HoatDong')
ON CONFLICT ("MaPhong") DO NOTHING;
INSERT INTO "PhongHoc" ("MaPhong", "TenPhong", "ToaNha", "Tang", "SucChua", "LoaiPhong", "MaCoSo", "TrangThai")
VALUES ('PHO010', 'Phong 10', 'Toa B', 1, 30, 'ThiNghiem', 'HOALAC', 'HoatDong')
ON CONFLICT ("MaPhong") DO NOTHING;
INSERT INTO "PhongHoc" ("MaPhong", "TenPhong", "ToaNha", "Tang", "SucChua", "LoaiPhong", "MaCoSo", "TrangThai")
VALUES ('PHO011', 'Phong 11', 'Toa A', 4, 120, 'HoiTruong', 'HOALAC', 'HoatDong')
ON CONFLICT ("MaPhong") DO NOTHING;
INSERT INTO "PhongHoc" ("MaPhong", "TenPhong", "ToaNha", "Tang", "SucChua", "LoaiPhong", "MaCoSo", "TrangThai")
VALUES ('PHO012', 'Phong 12', 'Toa B', 2, 80, 'HoiTruong', 'HOALAC', 'HoatDong')
ON CONFLICT ("MaPhong") DO NOTHING;
INSERT INTO "PhongHoc" ("MaPhong", "TenPhong", "ToaNha", "Tang", "SucChua", "LoaiPhong", "MaCoSo", "TrangThai")
VALUES ('PHO013', 'Phong 13', 'Toa A', 4, 40, 'MayTinh', 'HOALAC', 'HoatDong')
ON CONFLICT ("MaPhong") DO NOTHING;
INSERT INTO "PhongHoc" ("MaPhong", "TenPhong", "ToaNha", "Tang", "SucChua", "LoaiPhong", "MaCoSo", "TrangThai")
VALUES ('PHO014', 'Phong 14', 'Toa B', 5, 60, 'MayTinh', 'HOALAC', 'HoatDong')
ON CONFLICT ("MaPhong") DO NOTHING;
INSERT INTO "PhongHoc" ("MaPhong", "TenPhong", "ToaNha", "Tang", "SucChua", "LoaiPhong", "MaCoSo", "TrangThai")
VALUES ('PHO015', 'Phong 15', 'Toa A', 5, 40, 'HoiTruong', 'HOALAC', 'HoatDong')
ON CONFLICT ("MaPhong") DO NOTHING;
INSERT INTO "PhongHoc" ("MaPhong", "TenPhong", "ToaNha", "Tang", "SucChua", "LoaiPhong", "MaCoSo", "TrangThai")
VALUES ('PHO016', 'Phong 16', 'Toa C', 2, 120, 'HoiTruong', 'HOALAC', 'HoatDong')
ON CONFLICT ("MaPhong") DO NOTHING;
INSERT INTO "PhongHoc" ("MaPhong", "TenPhong", "ToaNha", "Tang", "SucChua", "LoaiPhong", "MaCoSo", "TrangThai")
VALUES ('PHO017', 'Phong 17', 'Toa B', 2, 60, 'ThiNghiem', 'HOALAC', 'HoatDong')
ON CONFLICT ("MaPhong") DO NOTHING;
INSERT INTO "PhongHoc" ("MaPhong", "TenPhong", "ToaNha", "Tang", "SucChua", "LoaiPhong", "MaCoSo", "TrangThai")
VALUES ('PHO018', 'Phong 18', 'Toa B', 4, 40, 'LyThuyet', 'HOALAC', 'HoatDong')
ON CONFLICT ("MaPhong") DO NOTHING;
INSERT INTO "PhongHoc" ("MaPhong", "TenPhong", "ToaNha", "Tang", "SucChua", "LoaiPhong", "MaCoSo", "TrangThai")
VALUES ('PHO019', 'Phong 19', 'Toa D', 2, 30, 'HoiTruong', 'HOALAC', 'HoatDong')
ON CONFLICT ("MaPhong") DO NOTHING;
INSERT INTO "PhongHoc" ("MaPhong", "TenPhong", "ToaNha", "Tang", "SucChua", "LoaiPhong", "MaCoSo", "TrangThai")
VALUES ('PHO020', 'Phong 20', 'Toa C', 3, 30, 'HoiTruong', 'HOALAC', 'HoatDong')
ON CONFLICT ("MaPhong") DO NOTHING;

-- ---- LopHocPhan ----
INSERT INTO "LopHocPhan" ("MaLopHP", "MaHP", "MaHocKy", "MaCoSo", "MaGV", "TenLopHP", "SiSoToiDa", "SiSoHienTai", "HinhThucHoc", "TrangThaiLop")
VALUES ('CS1012-HOALAC-01', 'CS1012', 'HK20251', 'HOALAC', 'HOALACGV018', 'CS1012-01', 15, 1, 'Offline', 'Mo')
ON CONFLICT ("MaLopHP") DO NOTHING;
INSERT INTO "LopHocPhan" ("MaLopHP", "MaHP", "MaHocKy", "MaCoSo", "MaGV", "TenLopHP", "SiSoToiDa", "SiSoHienTai", "HinhThucHoc", "TrangThaiLop")
VALUES ('CS1006-HOALAC-01', 'CS1006', 'HK20251', 'HOALAC', 'HOALACGV018', 'CS1006-01', 12, 4, 'Hybrid', 'Mo')
ON CONFLICT ("MaLopHP") DO NOTHING;
INSERT INTO "LopHocPhan" ("MaLopHP", "MaHP", "MaHocKy", "MaCoSo", "MaGV", "TenLopHP", "SiSoToiDa", "SiSoHienTai", "HinhThucHoc", "TrangThaiLop")
VALUES ('VT2001-HOALAC-01', 'VT2001', 'HK20251', 'HOALAC', 'HOALACGV010', 'VT2001-01', 15, 1, 'Offline', 'Mo')
ON CONFLICT ("MaLopHP") DO NOTHING;
INSERT INTO "LopHocPhan" ("MaLopHP", "MaHP", "MaHocKy", "MaCoSo", "MaGV", "TenLopHP", "SiSoToiDa", "SiSoHienTai", "HinhThucHoc", "TrangThaiLop")
VALUES ('CS1015-HOALAC-01', 'CS1015', 'HK20251', 'HOALAC', 'HOALACGV010', 'CS1015-01', 15, 7, 'Offline', 'Mo')
ON CONFLICT ("MaLopHP") DO NOTHING;
INSERT INTO "LopHocPhan" ("MaLopHP", "MaHP", "MaHocKy", "MaCoSo", "MaGV", "TenLopHP", "SiSoToiDa", "SiSoHienTai", "HinhThucHoc", "TrangThaiLop")
VALUES ('CS1011-HOALAC-01', 'CS1011', 'HK20251', 'HOALAC', 'HOALACGV025', 'CS1011-01', 12, 2, 'Offline', 'Mo')
ON CONFLICT ("MaLopHP") DO NOTHING;
INSERT INTO "LopHocPhan" ("MaLopHP", "MaHP", "MaHocKy", "MaCoSo", "MaGV", "TenLopHP", "SiSoToiDa", "SiSoHienTai", "HinhThucHoc", "TrangThaiLop")
VALUES ('CS1009-HOALAC-01', 'CS1009', 'HK20251', 'HOALAC', 'HOALACGV021', 'CS1009-01', 30, 5, 'Online', 'Mo')
ON CONFLICT ("MaLopHP") DO NOTHING;
INSERT INTO "LopHocPhan" ("MaLopHP", "MaHP", "MaHocKy", "MaCoSo", "MaGV", "TenLopHP", "SiSoToiDa", "SiSoHienTai", "HinhThucHoc", "TrangThaiLop")
VALUES ('CS1009-HOALAC-02', 'CS1009', 'HK20251', 'HOALAC', 'HOALACGV027', 'CS1009-02', 40, 9, 'Offline', 'Mo')
ON CONFLICT ("MaLopHP") DO NOTHING;
INSERT INTO "LopHocPhan" ("MaLopHP", "MaHP", "MaHocKy", "MaCoSo", "MaGV", "TenLopHP", "SiSoToiDa", "SiSoHienTai", "HinhThucHoc", "TrangThaiLop")
VALUES ('CS1013-HOALAC-01', 'CS1013', 'HK20251', 'HOALAC', 'HOALACGV004', 'CS1013-01', 60, 8, 'Offline', 'Mo')
ON CONFLICT ("MaLopHP") DO NOTHING;
INSERT INTO "LopHocPhan" ("MaLopHP", "MaHP", "MaHocKy", "MaCoSo", "MaGV", "TenLopHP", "SiSoToiDa", "SiSoHienTai", "HinhThucHoc", "TrangThaiLop")
VALUES ('CS1003-HOALAC-01', 'CS1003', 'HK20251', 'HOALAC', 'HOALACGV001', 'CS1003-01', 60, 1, 'Online', 'Mo')
ON CONFLICT ("MaLopHP") DO NOTHING;
INSERT INTO "LopHocPhan" ("MaLopHP", "MaHP", "MaHocKy", "MaCoSo", "MaGV", "TenLopHP", "SiSoToiDa", "SiSoHienTai", "HinhThucHoc", "TrangThaiLop")
VALUES ('CS1011-HOALAC-02', 'CS1011', 'HK20251', 'HOALAC', 'HOALACGV024', 'CS1011-02', 40, 11, 'Online', 'Mo')
ON CONFLICT ("MaLopHP") DO NOTHING;
INSERT INTO "LopHocPhan" ("MaLopHP", "MaHP", "MaHocKy", "MaCoSo", "MaGV", "TenLopHP", "SiSoToiDa", "SiSoHienTai", "HinhThucHoc", "TrangThaiLop")
VALUES ('CS1008-HOALAC-01', 'CS1008', 'HK20251', 'HOALAC', 'HOALACGV026', 'CS1008-01', 60, 3, 'Offline', 'Mo')
ON CONFLICT ("MaLopHP") DO NOTHING;
INSERT INTO "LopHocPhan" ("MaLopHP", "MaHP", "MaHocKy", "MaCoSo", "MaGV", "TenLopHP", "SiSoToiDa", "SiSoHienTai", "HinhThucHoc", "TrangThaiLop")
VALUES ('CS1011-HOALAC-03', 'CS1011', 'HK20251', 'HOALAC', 'HOALACGV013', 'CS1011-03', 40, 20, 'Hybrid', 'Mo')
ON CONFLICT ("MaLopHP") DO NOTHING;
INSERT INTO "LopHocPhan" ("MaLopHP", "MaHP", "MaHocKy", "MaCoSo", "MaGV", "TenLopHP", "SiSoToiDa", "SiSoHienTai", "HinhThucHoc", "TrangThaiLop")
VALUES ('CS1002-HOALAC-01', 'CS1002', 'HK20251', 'HOALAC', 'HOALACGV001', 'CS1002-01', 60, 4, 'Offline', 'Mo')
ON CONFLICT ("MaLopHP") DO NOTHING;
INSERT INTO "LopHocPhan" ("MaLopHP", "MaHP", "MaHocKy", "MaCoSo", "MaGV", "TenLopHP", "SiSoToiDa", "SiSoHienTai", "HinhThucHoc", "TrangThaiLop")
VALUES ('CS1005-HOALAC-01', 'CS1005', 'HK20251', 'HOALAC', 'HOALACGV019', 'CS1005-01', 60, 18, 'Hybrid', 'Mo')
ON CONFLICT ("MaLopHP") DO NOTHING;
INSERT INTO "LopHocPhan" ("MaLopHP", "MaHP", "MaHocKy", "MaCoSo", "MaGV", "TenLopHP", "SiSoToiDa", "SiSoHienTai", "HinhThucHoc", "TrangThaiLop")
VALUES ('CS1010-HOALAC-01', 'CS1010', 'HK20251', 'HOALAC', 'HOALACGV021', 'CS1010-01', 50, 12, 'Offline', 'Mo')
ON CONFLICT ("MaLopHP") DO NOTHING;
INSERT INTO "LopHocPhan" ("MaLopHP", "MaHP", "MaHocKy", "MaCoSo", "MaGV", "TenLopHP", "SiSoToiDa", "SiSoHienTai", "HinhThucHoc", "TrangThaiLop")
VALUES ('CS1013-HOALAC-02', 'CS1013', 'HK20251', 'HOALAC', 'HOALACGV008', 'CS1013-02', 30, 5, 'Hybrid', 'Mo')
ON CONFLICT ("MaLopHP") DO NOTHING;
INSERT INTO "LopHocPhan" ("MaLopHP", "MaHP", "MaHocKy", "MaCoSo", "MaGV", "TenLopHP", "SiSoToiDa", "SiSoHienTai", "HinhThucHoc", "TrangThaiLop")
VALUES ('CS1007-HOALAC-01', 'CS1007', 'HK20251', 'HOALAC', 'HOALACGV028', 'CS1007-01', 50, 17, 'Offline', 'Mo')
ON CONFLICT ("MaLopHP") DO NOTHING;
INSERT INTO "LopHocPhan" ("MaLopHP", "MaHP", "MaHocKy", "MaCoSo", "MaGV", "TenLopHP", "SiSoToiDa", "SiSoHienTai", "HinhThucHoc", "TrangThaiLop")
VALUES ('CS1014-HOALAC-01', 'CS1014', 'HK20251', 'HOALAC', 'HOALACGV017', 'CS1014-01', 60, 7, 'Online', 'Mo')
ON CONFLICT ("MaLopHP") DO NOTHING;
INSERT INTO "LopHocPhan" ("MaLopHP", "MaHP", "MaHocKy", "MaCoSo", "MaGV", "TenLopHP", "SiSoToiDa", "SiSoHienTai", "HinhThucHoc", "TrangThaiLop")
VALUES ('CS1009-HOALAC-03', 'CS1009', 'HK20251', 'HOALAC', 'HOALACGV016', 'CS1009-03', 50, 8, 'Offline', 'Mo')
ON CONFLICT ("MaLopHP") DO NOTHING;
INSERT INTO "LopHocPhan" ("MaLopHP", "MaHP", "MaHocKy", "MaCoSo", "MaGV", "TenLopHP", "SiSoToiDa", "SiSoHienTai", "HinhThucHoc", "TrangThaiLop")
VALUES ('CS1008-HOALAC-02', 'CS1008', 'HK20251', 'HOALAC', 'HOALACGV004', 'CS1008-02', 50, 11, 'Hybrid', 'Mo')
ON CONFLICT ("MaLopHP") DO NOTHING;
INSERT INTO "LopHocPhan" ("MaLopHP", "MaHP", "MaHocKy", "MaCoSo", "MaGV", "TenLopHP", "SiSoToiDa", "SiSoHienTai", "HinhThucHoc", "TrangThaiLop")
VALUES ('CS1008-HOALAC-03', 'CS1008', 'HK20251', 'HOALAC', 'HOALACGV007', 'CS1008-03', 50, 16, 'Offline', 'Mo')
ON CONFLICT ("MaLopHP") DO NOTHING;
INSERT INTO "LopHocPhan" ("MaLopHP", "MaHP", "MaHocKy", "MaCoSo", "MaGV", "TenLopHP", "SiSoToiDa", "SiSoHienTai", "HinhThucHoc", "TrangThaiLop")
VALUES ('CS1005-HOALAC-02', 'CS1005', 'HK20251', 'HOALAC', 'HOALACGV018', 'CS1005-02', 40, 14, 'Offline', 'Mo')
ON CONFLICT ("MaLopHP") DO NOTHING;
INSERT INTO "LopHocPhan" ("MaLopHP", "MaHP", "MaHocKy", "MaCoSo", "MaGV", "TenLopHP", "SiSoToiDa", "SiSoHienTai", "HinhThucHoc", "TrangThaiLop")
VALUES ('CS1006-HOALAC-02', 'CS1006', 'HK20251', 'HOALAC', 'HOALACGV003', 'CS1006-02', 60, 4, 'Online', 'Mo')
ON CONFLICT ("MaLopHP") DO NOTHING;
INSERT INTO "LopHocPhan" ("MaLopHP", "MaHP", "MaHocKy", "MaCoSo", "MaGV", "TenLopHP", "SiSoToiDa", "SiSoHienTai", "HinhThucHoc", "TrangThaiLop")
VALUES ('CS1002-HOALAC-02', 'CS1002', 'HK20251', 'HOALAC', 'HOALACGV028', 'CS1002-02', 60, 9, 'Offline', 'Mo')
ON CONFLICT ("MaLopHP") DO NOTHING;
INSERT INTO "LopHocPhan" ("MaLopHP", "MaHP", "MaHocKy", "MaCoSo", "MaGV", "TenLopHP", "SiSoToiDa", "SiSoHienTai", "HinhThucHoc", "TrangThaiLop")
VALUES ('CS1013-HOALAC-03', 'CS1013', 'HK20251', 'HOALAC', 'HOALACGV028', 'CS1013-03', 40, 5, 'Hybrid', 'Mo')
ON CONFLICT ("MaLopHP") DO NOTHING;

-- ---- LichHoc ----
INSERT INTO "LichHoc" ("MaLich", "MaLopHP", "MaPhong", "ThuTrongTuan", "TietBatDau", "SoTiet", "NgayBatDau", "NgayKetThuc")
VALUES ('LHO0001', 'CS1012-HOALAC-01', 'PHO009', 5, 4, 2, '2025-09-01', '2025-12-31')
ON CONFLICT ("MaLich") DO NOTHING;
INSERT INTO "LichHoc" ("MaLich", "MaLopHP", "MaPhong", "ThuTrongTuan", "TietBatDau", "SoTiet", "NgayBatDau", "NgayKetThuc")
VALUES ('LHO0002', 'CS1012-HOALAC-01', 'PHO019', 4, 10, 2, '2025-09-01', '2025-12-31')
ON CONFLICT ("MaLich") DO NOTHING;
INSERT INTO "LichHoc" ("MaLich", "MaLopHP", "MaPhong", "ThuTrongTuan", "TietBatDau", "SoTiet", "NgayBatDau", "NgayKetThuc")
VALUES ('LHO0003', 'CS1006-HOALAC-01', 'PHO014', 7, 7, 4, '2025-09-01', '2025-12-31')
ON CONFLICT ("MaLich") DO NOTHING;
INSERT INTO "LichHoc" ("MaLich", "MaLopHP", "MaPhong", "ThuTrongTuan", "TietBatDau", "SoTiet", "NgayBatDau", "NgayKetThuc")
VALUES ('LHO0004', 'CS1006-HOALAC-01', 'PHO003', 7, 1, 3, '2025-09-01', '2025-12-31')
ON CONFLICT ("MaLich") DO NOTHING;
INSERT INTO "LichHoc" ("MaLich", "MaLopHP", "MaPhong", "ThuTrongTuan", "TietBatDau", "SoTiet", "NgayBatDau", "NgayKetThuc")
VALUES ('LHO0005', 'CS1006-HOALAC-01', 'PHO005', 2, 1, 2, '2025-09-01', '2025-12-31')
ON CONFLICT ("MaLich") DO NOTHING;
INSERT INTO "LichHoc" ("MaLich", "MaLopHP", "MaPhong", "ThuTrongTuan", "TietBatDau", "SoTiet", "NgayBatDau", "NgayKetThuc")
VALUES ('LHO0006', 'VT2001-HOALAC-01', 'PHO020', 3, 7, 4, '2025-09-01', '2025-12-31')
ON CONFLICT ("MaLich") DO NOTHING;
INSERT INTO "LichHoc" ("MaLich", "MaLopHP", "MaPhong", "ThuTrongTuan", "TietBatDau", "SoTiet", "NgayBatDau", "NgayKetThuc")
VALUES ('LHO0007', 'VT2001-HOALAC-01', 'PHO003', 6, 10, 3, '2025-09-01', '2025-12-31')
ON CONFLICT ("MaLich") DO NOTHING;
INSERT INTO "LichHoc" ("MaLich", "MaLopHP", "MaPhong", "ThuTrongTuan", "TietBatDau", "SoTiet", "NgayBatDau", "NgayKetThuc")
VALUES ('LHO0008', 'VT2001-HOALAC-01', 'PHO013', 6, 7, 2, '2025-09-01', '2025-12-31')
ON CONFLICT ("MaLich") DO NOTHING;
INSERT INTO "LichHoc" ("MaLich", "MaLopHP", "MaPhong", "ThuTrongTuan", "TietBatDau", "SoTiet", "NgayBatDau", "NgayKetThuc")
VALUES ('LHO0009', 'CS1015-HOALAC-01', 'PHO005', 3, 7, 4, '2025-09-01', '2025-12-31')
ON CONFLICT ("MaLich") DO NOTHING;
INSERT INTO "LichHoc" ("MaLich", "MaLopHP", "MaPhong", "ThuTrongTuan", "TietBatDau", "SoTiet", "NgayBatDau", "NgayKetThuc")
VALUES ('LHO0010', 'CS1015-HOALAC-01', 'PHO010', 3, 7, 4, '2025-09-01', '2025-12-31')
ON CONFLICT ("MaLich") DO NOTHING;
INSERT INTO "LichHoc" ("MaLich", "MaLopHP", "MaPhong", "ThuTrongTuan", "TietBatDau", "SoTiet", "NgayBatDau", "NgayKetThuc")
VALUES ('LHO0011', 'CS1015-HOALAC-01', 'PHO019', 5, 10, 4, '2025-09-01', '2025-12-31')
ON CONFLICT ("MaLich") DO NOTHING;
INSERT INTO "LichHoc" ("MaLich", "MaLopHP", "MaPhong", "ThuTrongTuan", "TietBatDau", "SoTiet", "NgayBatDau", "NgayKetThuc")
VALUES ('LHO0012', 'CS1011-HOALAC-01', 'PHO011', 3, 7, 4, '2025-09-01', '2025-12-31')
ON CONFLICT ("MaLich") DO NOTHING;
INSERT INTO "LichHoc" ("MaLich", "MaLopHP", "MaPhong", "ThuTrongTuan", "TietBatDau", "SoTiet", "NgayBatDau", "NgayKetThuc")
VALUES ('LHO0013', 'CS1011-HOALAC-01', 'PHO018', 3, 7, 3, '2025-09-01', '2025-12-31')
ON CONFLICT ("MaLich") DO NOTHING;
INSERT INTO "LichHoc" ("MaLich", "MaLopHP", "MaPhong", "ThuTrongTuan", "TietBatDau", "SoTiet", "NgayBatDau", "NgayKetThuc")
VALUES ('LHO0014', 'CS1011-HOALAC-01', 'PHO015', 4, 1, 2, '2025-09-01', '2025-12-31')
ON CONFLICT ("MaLich") DO NOTHING;
INSERT INTO "LichHoc" ("MaLich", "MaLopHP", "MaPhong", "ThuTrongTuan", "TietBatDau", "SoTiet", "NgayBatDau", "NgayKetThuc")
VALUES ('LHO0015', 'CS1009-HOALAC-01', 'PHO007', 6, 10, 3, '2025-09-01', '2025-12-31')
ON CONFLICT ("MaLich") DO NOTHING;
INSERT INTO "LichHoc" ("MaLich", "MaLopHP", "MaPhong", "ThuTrongTuan", "TietBatDau", "SoTiet", "NgayBatDau", "NgayKetThuc")
VALUES ('LHO0016', 'CS1009-HOALAC-01', 'PHO002', 3, 4, 3, '2025-09-01', '2025-12-31')
ON CONFLICT ("MaLich") DO NOTHING;
INSERT INTO "LichHoc" ("MaLich", "MaLopHP", "MaPhong", "ThuTrongTuan", "TietBatDau", "SoTiet", "NgayBatDau", "NgayKetThuc")
VALUES ('LHO0017', 'CS1009-HOALAC-02', 'PHO012', 7, 10, 2, '2025-09-01', '2025-12-31')
ON CONFLICT ("MaLich") DO NOTHING;
INSERT INTO "LichHoc" ("MaLich", "MaLopHP", "MaPhong", "ThuTrongTuan", "TietBatDau", "SoTiet", "NgayBatDau", "NgayKetThuc")
VALUES ('LHO0018', 'CS1009-HOALAC-02', 'PHO011', 3, 10, 4, '2025-09-01', '2025-12-31')
ON CONFLICT ("MaLich") DO NOTHING;
INSERT INTO "LichHoc" ("MaLich", "MaLopHP", "MaPhong", "ThuTrongTuan", "TietBatDau", "SoTiet", "NgayBatDau", "NgayKetThuc")
VALUES ('LHO0019', 'CS1009-HOALAC-02', 'PHO010', 4, 4, 4, '2025-09-01', '2025-12-31')
ON CONFLICT ("MaLich") DO NOTHING;
INSERT INTO "LichHoc" ("MaLich", "MaLopHP", "MaPhong", "ThuTrongTuan", "TietBatDau", "SoTiet", "NgayBatDau", "NgayKetThuc")
VALUES ('LHO0020', 'CS1013-HOALAC-01', 'PHO012', 2, 1, 3, '2025-09-01', '2025-12-31')
ON CONFLICT ("MaLich") DO NOTHING;
INSERT INTO "LichHoc" ("MaLich", "MaLopHP", "MaPhong", "ThuTrongTuan", "TietBatDau", "SoTiet", "NgayBatDau", "NgayKetThuc")
VALUES ('LHO0021', 'CS1013-HOALAC-01', 'PHO016', 7, 4, 4, '2025-09-01', '2025-12-31')
ON CONFLICT ("MaLich") DO NOTHING;
INSERT INTO "LichHoc" ("MaLich", "MaLopHP", "MaPhong", "ThuTrongTuan", "TietBatDau", "SoTiet", "NgayBatDau", "NgayKetThuc")
VALUES ('LHO0022', 'CS1003-HOALAC-01', 'PHO009', 4, 1, 3, '2025-09-01', '2025-12-31')
ON CONFLICT ("MaLich") DO NOTHING;
INSERT INTO "LichHoc" ("MaLich", "MaLopHP", "MaPhong", "ThuTrongTuan", "TietBatDau", "SoTiet", "NgayBatDau", "NgayKetThuc")
VALUES ('LHO0023', 'CS1003-HOALAC-01', 'PHO020', 4, 7, 3, '2025-09-01', '2025-12-31')
ON CONFLICT ("MaLich") DO NOTHING;
INSERT INTO "LichHoc" ("MaLich", "MaLopHP", "MaPhong", "ThuTrongTuan", "TietBatDau", "SoTiet", "NgayBatDau", "NgayKetThuc")
VALUES ('LHO0024', 'CS1003-HOALAC-01', 'PHO020', 5, 1, 2, '2025-09-01', '2025-12-31')
ON CONFLICT ("MaLich") DO NOTHING;
INSERT INTO "LichHoc" ("MaLich", "MaLopHP", "MaPhong", "ThuTrongTuan", "TietBatDau", "SoTiet", "NgayBatDau", "NgayKetThuc")
VALUES ('LHO0025', 'CS1011-HOALAC-02', 'PHO003', 2, 7, 4, '2025-09-01', '2025-12-31')
ON CONFLICT ("MaLich") DO NOTHING;
INSERT INTO "LichHoc" ("MaLich", "MaLopHP", "MaPhong", "ThuTrongTuan", "TietBatDau", "SoTiet", "NgayBatDau", "NgayKetThuc")
VALUES ('LHO0026', 'CS1011-HOALAC-02', 'PHO018', 3, 10, 3, '2025-09-01', '2025-12-31')
ON CONFLICT ("MaLich") DO NOTHING;
INSERT INTO "LichHoc" ("MaLich", "MaLopHP", "MaPhong", "ThuTrongTuan", "TietBatDau", "SoTiet", "NgayBatDau", "NgayKetThuc")
VALUES ('LHO0027', 'CS1008-HOALAC-01', 'PHO008', 5, 10, 4, '2025-09-01', '2025-12-31')
ON CONFLICT ("MaLich") DO NOTHING;
INSERT INTO "LichHoc" ("MaLich", "MaLopHP", "MaPhong", "ThuTrongTuan", "TietBatDau", "SoTiet", "NgayBatDau", "NgayKetThuc")
VALUES ('LHO0028', 'CS1008-HOALAC-01', 'PHO017', 4, 10, 2, '2025-09-01', '2025-12-31')
ON CONFLICT ("MaLich") DO NOTHING;
INSERT INTO "LichHoc" ("MaLich", "MaLopHP", "MaPhong", "ThuTrongTuan", "TietBatDau", "SoTiet", "NgayBatDau", "NgayKetThuc")
VALUES ('LHO0029', 'CS1008-HOALAC-01', 'PHO016', 4, 4, 4, '2025-09-01', '2025-12-31')
ON CONFLICT ("MaLich") DO NOTHING;
INSERT INTO "LichHoc" ("MaLich", "MaLopHP", "MaPhong", "ThuTrongTuan", "TietBatDau", "SoTiet", "NgayBatDau", "NgayKetThuc")
VALUES ('LHO0030', 'CS1011-HOALAC-03', 'PHO010', 3, 4, 4, '2025-09-01', '2025-12-31')
ON CONFLICT ("MaLich") DO NOTHING;
INSERT INTO "LichHoc" ("MaLich", "MaLopHP", "MaPhong", "ThuTrongTuan", "TietBatDau", "SoTiet", "NgayBatDau", "NgayKetThuc")
VALUES ('LHO0031', 'CS1011-HOALAC-03', 'PHO006', 6, 7, 4, '2025-09-01', '2025-12-31')
ON CONFLICT ("MaLich") DO NOTHING;
INSERT INTO "LichHoc" ("MaLich", "MaLopHP", "MaPhong", "ThuTrongTuan", "TietBatDau", "SoTiet", "NgayBatDau", "NgayKetThuc")
VALUES ('LHO0032', 'CS1002-HOALAC-01', 'PHO002', 5, 4, 3, '2025-09-01', '2025-12-31')
ON CONFLICT ("MaLich") DO NOTHING;
INSERT INTO "LichHoc" ("MaLich", "MaLopHP", "MaPhong", "ThuTrongTuan", "TietBatDau", "SoTiet", "NgayBatDau", "NgayKetThuc")
VALUES ('LHO0033', 'CS1002-HOALAC-01', 'PHO020', 3, 4, 2, '2025-09-01', '2025-12-31')
ON CONFLICT ("MaLich") DO NOTHING;
INSERT INTO "LichHoc" ("MaLich", "MaLopHP", "MaPhong", "ThuTrongTuan", "TietBatDau", "SoTiet", "NgayBatDau", "NgayKetThuc")
VALUES ('LHO0034', 'CS1005-HOALAC-01', 'PHO006', 6, 4, 3, '2025-09-01', '2025-12-31')
ON CONFLICT ("MaLich") DO NOTHING;
INSERT INTO "LichHoc" ("MaLich", "MaLopHP", "MaPhong", "ThuTrongTuan", "TietBatDau", "SoTiet", "NgayBatDau", "NgayKetThuc")
VALUES ('LHO0035', 'CS1005-HOALAC-01', 'PHO001', 3, 10, 2, '2025-09-01', '2025-12-31')
ON CONFLICT ("MaLich") DO NOTHING;
INSERT INTO "LichHoc" ("MaLich", "MaLopHP", "MaPhong", "ThuTrongTuan", "TietBatDau", "SoTiet", "NgayBatDau", "NgayKetThuc")
VALUES ('LHO0036', 'CS1005-HOALAC-01', 'PHO018', 6, 10, 4, '2025-09-01', '2025-12-31')
ON CONFLICT ("MaLich") DO NOTHING;
INSERT INTO "LichHoc" ("MaLich", "MaLopHP", "MaPhong", "ThuTrongTuan", "TietBatDau", "SoTiet", "NgayBatDau", "NgayKetThuc")
VALUES ('LHO0037', 'CS1010-HOALAC-01', 'PHO006', 2, 7, 2, '2025-09-01', '2025-12-31')
ON CONFLICT ("MaLich") DO NOTHING;
INSERT INTO "LichHoc" ("MaLich", "MaLopHP", "MaPhong", "ThuTrongTuan", "TietBatDau", "SoTiet", "NgayBatDau", "NgayKetThuc")
VALUES ('LHO0038', 'CS1010-HOALAC-01', 'PHO003', 5, 1, 4, '2025-09-01', '2025-12-31')
ON CONFLICT ("MaLich") DO NOTHING;
INSERT INTO "LichHoc" ("MaLich", "MaLopHP", "MaPhong", "ThuTrongTuan", "TietBatDau", "SoTiet", "NgayBatDau", "NgayKetThuc")
VALUES ('LHO0039', 'CS1013-HOALAC-02', 'PHO002', 5, 10, 2, '2025-09-01', '2025-12-31')
ON CONFLICT ("MaLich") DO NOTHING;
INSERT INTO "LichHoc" ("MaLich", "MaLopHP", "MaPhong", "ThuTrongTuan", "TietBatDau", "SoTiet", "NgayBatDau", "NgayKetThuc")
VALUES ('LHO0040', 'CS1013-HOALAC-02', 'PHO001', 3, 7, 2, '2025-09-01', '2025-12-31')
ON CONFLICT ("MaLich") DO NOTHING;
INSERT INTO "LichHoc" ("MaLich", "MaLopHP", "MaPhong", "ThuTrongTuan", "TietBatDau", "SoTiet", "NgayBatDau", "NgayKetThuc")
VALUES ('LHO0041', 'CS1007-HOALAC-01', 'PHO015', 5, 1, 2, '2025-09-01', '2025-12-31')
ON CONFLICT ("MaLich") DO NOTHING;
INSERT INTO "LichHoc" ("MaLich", "MaLopHP", "MaPhong", "ThuTrongTuan", "TietBatDau", "SoTiet", "NgayBatDau", "NgayKetThuc")
VALUES ('LHO0042', 'CS1007-HOALAC-01', 'PHO001', 7, 10, 3, '2025-09-01', '2025-12-31')
ON CONFLICT ("MaLich") DO NOTHING;
INSERT INTO "LichHoc" ("MaLich", "MaLopHP", "MaPhong", "ThuTrongTuan", "TietBatDau", "SoTiet", "NgayBatDau", "NgayKetThuc")
VALUES ('LHO0043', 'CS1014-HOALAC-01', 'PHO012', 3, 1, 4, '2025-09-01', '2025-12-31')
ON CONFLICT ("MaLich") DO NOTHING;
INSERT INTO "LichHoc" ("MaLich", "MaLopHP", "MaPhong", "ThuTrongTuan", "TietBatDau", "SoTiet", "NgayBatDau", "NgayKetThuc")
VALUES ('LHO0044', 'CS1014-HOALAC-01', 'PHO010', 5, 7, 2, '2025-09-01', '2025-12-31')
ON CONFLICT ("MaLich") DO NOTHING;
INSERT INTO "LichHoc" ("MaLich", "MaLopHP", "MaPhong", "ThuTrongTuan", "TietBatDau", "SoTiet", "NgayBatDau", "NgayKetThuc")
VALUES ('LHO0045', 'CS1014-HOALAC-01', 'PHO012', 4, 4, 3, '2025-09-01', '2025-12-31')
ON CONFLICT ("MaLich") DO NOTHING;
INSERT INTO "LichHoc" ("MaLich", "MaLopHP", "MaPhong", "ThuTrongTuan", "TietBatDau", "SoTiet", "NgayBatDau", "NgayKetThuc")
VALUES ('LHO0046', 'CS1009-HOALAC-03', 'PHO007', 2, 7, 2, '2025-09-01', '2025-12-31')
ON CONFLICT ("MaLich") DO NOTHING;
INSERT INTO "LichHoc" ("MaLich", "MaLopHP", "MaPhong", "ThuTrongTuan", "TietBatDau", "SoTiet", "NgayBatDau", "NgayKetThuc")
VALUES ('LHO0047', 'CS1009-HOALAC-03', 'PHO005', 6, 10, 3, '2025-09-01', '2025-12-31')
ON CONFLICT ("MaLich") DO NOTHING;
INSERT INTO "LichHoc" ("MaLich", "MaLopHP", "MaPhong", "ThuTrongTuan", "TietBatDau", "SoTiet", "NgayBatDau", "NgayKetThuc")
VALUES ('LHO0048', 'CS1009-HOALAC-03', 'PHO001', 7, 10, 4, '2025-09-01', '2025-12-31')
ON CONFLICT ("MaLich") DO NOTHING;
INSERT INTO "LichHoc" ("MaLich", "MaLopHP", "MaPhong", "ThuTrongTuan", "TietBatDau", "SoTiet", "NgayBatDau", "NgayKetThuc")
VALUES ('LHO0049', 'CS1008-HOALAC-02', 'PHO011', 4, 4, 4, '2025-09-01', '2025-12-31')
ON CONFLICT ("MaLich") DO NOTHING;
INSERT INTO "LichHoc" ("MaLich", "MaLopHP", "MaPhong", "ThuTrongTuan", "TietBatDau", "SoTiet", "NgayBatDau", "NgayKetThuc")
VALUES ('LHO0050', 'CS1008-HOALAC-02', 'PHO012', 3, 1, 2, '2025-09-01', '2025-12-31')
ON CONFLICT ("MaLich") DO NOTHING;
INSERT INTO "LichHoc" ("MaLich", "MaLopHP", "MaPhong", "ThuTrongTuan", "TietBatDau", "SoTiet", "NgayBatDau", "NgayKetThuc")
VALUES ('LHO0051', 'CS1008-HOALAC-02', 'PHO020', 7, 4, 2, '2025-09-01', '2025-12-31')
ON CONFLICT ("MaLich") DO NOTHING;
INSERT INTO "LichHoc" ("MaLich", "MaLopHP", "MaPhong", "ThuTrongTuan", "TietBatDau", "SoTiet", "NgayBatDau", "NgayKetThuc")
VALUES ('LHO0052', 'CS1008-HOALAC-03', 'PHO012', 6, 1, 3, '2025-09-01', '2025-12-31')
ON CONFLICT ("MaLich") DO NOTHING;
INSERT INTO "LichHoc" ("MaLich", "MaLopHP", "MaPhong", "ThuTrongTuan", "TietBatDau", "SoTiet", "NgayBatDau", "NgayKetThuc")
VALUES ('LHO0053', 'CS1008-HOALAC-03', 'PHO008', 7, 10, 4, '2025-09-01', '2025-12-31')
ON CONFLICT ("MaLich") DO NOTHING;
INSERT INTO "LichHoc" ("MaLich", "MaLopHP", "MaPhong", "ThuTrongTuan", "TietBatDau", "SoTiet", "NgayBatDau", "NgayKetThuc")
VALUES ('LHO0054', 'CS1008-HOALAC-03', 'PHO016', 7, 10, 3, '2025-09-01', '2025-12-31')
ON CONFLICT ("MaLich") DO NOTHING;
INSERT INTO "LichHoc" ("MaLich", "MaLopHP", "MaPhong", "ThuTrongTuan", "TietBatDau", "SoTiet", "NgayBatDau", "NgayKetThuc")
VALUES ('LHO0055', 'CS1005-HOALAC-02', 'PHO013', 6, 10, 2, '2025-09-01', '2025-12-31')
ON CONFLICT ("MaLich") DO NOTHING;
INSERT INTO "LichHoc" ("MaLich", "MaLopHP", "MaPhong", "ThuTrongTuan", "TietBatDau", "SoTiet", "NgayBatDau", "NgayKetThuc")
VALUES ('LHO0056', 'CS1005-HOALAC-02', 'PHO002', 7, 4, 4, '2025-09-01', '2025-12-31')
ON CONFLICT ("MaLich") DO NOTHING;
INSERT INTO "LichHoc" ("MaLich", "MaLopHP", "MaPhong", "ThuTrongTuan", "TietBatDau", "SoTiet", "NgayBatDau", "NgayKetThuc")
VALUES ('LHO0057', 'CS1006-HOALAC-02', 'PHO015', 4, 7, 4, '2025-09-01', '2025-12-31')
ON CONFLICT ("MaLich") DO NOTHING;
INSERT INTO "LichHoc" ("MaLich", "MaLopHP", "MaPhong", "ThuTrongTuan", "TietBatDau", "SoTiet", "NgayBatDau", "NgayKetThuc")
VALUES ('LHO0058', 'CS1006-HOALAC-02', 'PHO008', 7, 1, 4, '2025-09-01', '2025-12-31')
ON CONFLICT ("MaLich") DO NOTHING;
INSERT INTO "LichHoc" ("MaLich", "MaLopHP", "MaPhong", "ThuTrongTuan", "TietBatDau", "SoTiet", "NgayBatDau", "NgayKetThuc")
VALUES ('LHO0059', 'CS1006-HOALAC-02', 'PHO015', 6, 1, 2, '2025-09-01', '2025-12-31')
ON CONFLICT ("MaLich") DO NOTHING;
INSERT INTO "LichHoc" ("MaLich", "MaLopHP", "MaPhong", "ThuTrongTuan", "TietBatDau", "SoTiet", "NgayBatDau", "NgayKetThuc")
VALUES ('LHO0060', 'CS1002-HOALAC-02', 'PHO015', 6, 4, 4, '2025-09-01', '2025-12-31')
ON CONFLICT ("MaLich") DO NOTHING;
INSERT INTO "LichHoc" ("MaLich", "MaLopHP", "MaPhong", "ThuTrongTuan", "TietBatDau", "SoTiet", "NgayBatDau", "NgayKetThuc")
VALUES ('LHO0061', 'CS1002-HOALAC-02', 'PHO003', 3, 10, 3, '2025-09-01', '2025-12-31')
ON CONFLICT ("MaLich") DO NOTHING;
INSERT INTO "LichHoc" ("MaLich", "MaLopHP", "MaPhong", "ThuTrongTuan", "TietBatDau", "SoTiet", "NgayBatDau", "NgayKetThuc")
VALUES ('LHO0062', 'CS1013-HOALAC-03', 'PHO017', 4, 7, 2, '2025-09-01', '2025-12-31')
ON CONFLICT ("MaLich") DO NOTHING;
INSERT INTO "LichHoc" ("MaLich", "MaLopHP", "MaPhong", "ThuTrongTuan", "TietBatDau", "SoTiet", "NgayBatDau", "NgayKetThuc")
VALUES ('LHO0063', 'CS1013-HOALAC-03', 'PHO005', 7, 7, 4, '2025-09-01', '2025-12-31')
ON CONFLICT ("MaLich") DO NOTHING;
